slice_id,kind,feature,state,side,n,mean_ret_costadj,median_ret_costadj,hit_rate,t_stat,p_value,bonferroni_pass,horizon_bars,session_asia_n,session_asia_mean_ret_costadj,session_asia_hit_rate,session_eu_n,session_eu_mean_ret_costadj,session_eu_hit_rate,session_us_n,session_us_mean_ret_costadj,session_us_hit_rate
feat_time_since_low_20:2:LONG:h12,SPOT,feat_time_since_low_20,2,LONG,3862,0.00457385855491939,-0.002,0.3091662351113413,10.224187567576081,0.0,True,12,1364,0.0046143698118750335,0.2903225806451613,1267,0.004990107276729149,0.3362273086029992,1231,0.004100548656446226,0.3021933387489846
feat_ret_20:2:LONG:h12,PERP,feat_ret_20,2,LONG,9201,0.006447496995954596,-0.002448811198732576,0.48059993478969676,13.68632950697053,0.0,True,12,3059,0.008185382257807322,0.5001634521085322,2999,0.005751182357494614,0.47915971990663553,3143,0.005420470774107317,0.4629335030225899
feat_ext_vs_ma_20:2:LONG:h12,PERP,feat_ext_vs_ma_20,2,LONG,9334,0.006032596236461321,-0.003355698760586535,0.4745018212984787,13.11503022021344,0.0,True,12,2906,0.008906869797501606,0.5216792842395045,3115,0.0049831088006064995,0.45457463884430177,3313,0.004498190680863586,0.4518563235738002
feat_trend_slope_20:2:LONG:h12,PERP,feat_trend_slope_20,2,LONG,9249,0.00698157213574893,-0.0013603458117739092,0.48880960103795007,15.003917163281134,0.0,True,12,3044,0.009335850435131188,0.5180683311432326,2858,0.006752595540535135,0.4989503149055283,3347,0.00503594678940935,0.4535404840155363
feat_ext_strength:2:LONG:h12,PERP,feat_ext_strength,2,LONG,9872,0.006178824225855173,-0.0030185835789422583,0.4762965964343598,13.889039357068233,0.0,True,12,3171,0.008795590700596564,0.5165562913907285,3177,0.005479070485734507,0.4737173434057287,3524,0.0044550305655141976,0.4423950056753689
feat_ret_10:2:LONG:h12,PERP,feat_ret_10,2,LONG,9516,0.0054418307313000396,-0.00431753481859312,0.467843631778058,12.1421352609522,0.0,True,12,2869,0.008013986555088339,0.5144649703729522,3234,0.004698004692556801,0.4458874458874459,3413,0.00398446722436977,0.4494579548784061
feat_cci_20:2:LONG:h12,PERP,feat_cci_20,2,LONG,9289,0.005210332492379572,-0.005215529706469649,0.45763806653030464,11.74530048254408,0.0,True,12,2861,0.007781198021127163,0.5012233484795526,3103,0.0044099694918184485,0.4444086368030938,3325,0.0037451535789944025,0.4324812030075188
feat_vol_trend:2:LONG:h12,PERP,feat_vol_trend,2,LONG,10467,0.006037485543905774,-0.0022724951962667574,0.48065348237317285,13.966619703403202,0.0,True,12,3508,0.008471028623497188,0.5119726339794755,3256,0.0057768651528106235,0.48894348894348894,3703,0.003961252994675186,0.4436943019173643
feat_bb_pos_20:2:LONG:h12,PERP,feat_bb_pos_20,2,LONG,9617,0.00513899448439936,-0.005146284501061509,0.45929083913902463,11.764416769923407,0.0,True,12,2906,0.008162272770769863,0.5089470061940812,3274,0.0038431362192729314,0.43463653023824067,3437,0.0038172002626452846,0.440791387838231
feat_zscore_20:2:LONG:h12,PERP,feat_zscore_20,2,LONG,9617,0.00513899448439936,-0.005146284501061509,0.45929083913902463,11.764416769923407,0.0,True,12,2906,0.008162272770769863,0.5089470061940812,3274,0.0038431362192729314,0.43463653023824067,3437,0.0038172002626452846,0.440791387838231
feat_mean_rev_strength:0:LONG:h12,PERP,feat_mean_rev_strength,0,LONG,9445,0.005814519154556929,-0.004063931184496643,0.47040762308099526,13.098328364196137,0.0,True,12,2878,0.008673095341355078,0.5208478109798471,3158,0.004879140531048134,0.45155161494616847,3409,0.004267714645151148,0.44529187444998536
feat_ema_cross_10_20:2:LONG:h12,PERP,feat_ema_cross_10_20,2,LONG,9454,0.005789009525840375,-0.0034952601911282023,0.4719695367040406,12.825685410721732,0.0,True,12,3073,0.007797460552382157,0.5024406117800195,3090,0.004994560429078636,0.46990291262135925,3291,0.0046595284272171215,0.44545730780917653
feat_ret_vol:2:LONG:h12,PERP,feat_ret_vol,2,LONG,10504,0.005494760730706905,-0.0035943901942186436,0.47172505712109675,12.625426141290115,0.0,True,12,3531,0.007310619821957519,0.49674313225715094,3435,0.004766746554987255,0.46870451237263466,3538,0.004389314219228977,0.44968908988128886
feat_atr_norm_ext:2:LONG:h12,PERP,feat_atr_norm_ext,2,LONG,9450,0.005433373642914308,-0.004632273100851673,0.4641269841269841,12.339777068424342,0.0,True,12,2905,0.0086320286073012,0.5197934595524957,3238,0.004019673779132231,0.4385423100679432,3307,0.004007751473994575,0.44027819776232235
feat_ext_vs_ma_50:2:LONG:h12,PERP,feat_ext_vs_ma_50,2,LONG,8325,0.005673062346721512,-0.004700306349936483,0.46726726726726725,11.718065995362712,0.0,True,12,2702,0.007128156573558699,0.49518874907475946,2794,0.004901992457546711,0.46349319971367214,2829,0.005044820801808227,0.4443266171792153
feat_ext_vs_ma_10:2:LONG:h12,PERP,feat_ext_vs_ma_10,2,LONG,9605,0.003994395392985039,-0.00715035193423053,0.4421655387818844,9.122881436457103,0.0,True,12,3084,0.006088265050722163,0.4805447470817121,3251,0.003028054335749472,0.4164872346970163,3270,0.0029803528096858153,0.43149847094801225
feat_vwap_dist:2:LONG:h12,PERP,feat_vwap_dist,2,LONG,9456,0.005467368995787139,-0.004187238390832563,0.47017766497461927,12.262371184548229,0.0,True,12,3015,0.008624818276690467,0.5187396351575456,3179,0.0044307449857754104,0.45077068260459263,3262,0.003559250708203983,0.44420600858369097
feat_macd_12_26:2:LONG:h12,PERP,feat_macd_12_26,2,LONG,9974,0.004655410677581322,-0.005440311884218566,0.45698816924002406,10.486516986001012,0.0,True,12,3345,0.005917382095471164,0.4726457399103139,3205,0.003911667760991489,0.4564742589703588,3424,0.004118728917893498,0.4421728971962617
feat_vwap_upper_dist:2:LONG:h12,PERP,feat_vwap_upper_dist,2,LONG,9274,0.005799567597092099,-0.003150182998988831,0.4760621091222773,12.728562476917753,0.0,True,12,2941,0.009066670586981478,0.5215912954777286,3140,0.004637308162430547,0.46114649681528663,3193,0.003933280322294921,0.4487942373943
feat_vwap_lower_dist:2:LONG:h12,PERP,feat_vwap_lower_dist,2,LONG,9621,0.005421644428131923,-0.003600798496946854,0.47042926930672485,12.753306545522237,0.0,True,12,3196,0.008422422951816399,0.5168961201501877,3027,0.0040196179631410475,0.45358440700363395,3398,0.0038482029766403964,0.44173042966450854
feat_rsi_21:2:LONG:h12,PERP,feat_rsi_21,2,LONG,8808,0.005223580808475681,-0.005106490238311079,0.4641235240690282,11.325008703056605,0.0,True,12,2712,0.007812667750159858,0.5081120943952803,3029,0.004053602079772685,0.44800264113568833,3067,0.004089658990214801,0.4411477013368112
feat_williams_r_14:0:LONG:h12,PERP,feat_williams_r_14,0,LONG,9705,0.003876893708495801,-0.0059154320987655305,0.44719216898505926,9.37586156039908,0.0,True,12,3095,0.006359663597108636,0.49176090468497574,3311,0.002380889763086872,0.4173965569314407,3299,0.0030490962723006623,0.43528341921794483
feat_keltner_pos:2:LONG:h12,PERP,feat_keltner_pos,2,LONG,9459,0.004769053395821727,-0.005794917249497999,0.453007717517708,10.84670471492684,0.0,True,12,2893,0.00739963606178085,0.49982716902868995,3325,0.0031755626481545984,0.42406015037593986,3241,0.0040557183397814485,0.4409132983647023
feat_stoch_d_14:2:LONG:h12,PERP,feat_stoch_d_14,2,LONG,9654,0.004567112552991393,-0.005090448093906887,0.4578413093018438,10.966071627402703,0.0,True,12,3050,0.007887661051213012,0.5124590163934426,3243,0.00302727325115,0.43108233117483813,3361,0.003039598698869315,0.43409699494198156
feat_rsi_14:2:LONG:h12,PERP,feat_rsi_14,2,LONG,9181,0.004697486084118419,-0.005483049782756685,0.4555059361725302,10.564711028072008,0.0,True,12,2813,0.007425754097851454,0.5033771773906861,3183,0.0032845737789262692,0.43229657555765,3185,0.0036998979977120082,0.4364207221350079
feat_donchian_break:2:LONG:h12,PERP,feat_donchian_break,2,LONG,9750,0.004588568071251508,-0.005465576039322167,0.4542564102564103,10.7434521531489,0.0,True,12,3066,0.007645206366200195,0.50293542074364,3204,0.0035195696435796303,0.43164794007490637,3480,0.0028797801258342755,0.432183908045977
feat_trend_neutral:0:LONG:h12,PERP,feat_trend_neutral,0,LONG,18996,0.002904375405742037,-0.005963789757789026,0.4455148452305749,9.264754386985208,0.0,True,12,6515,0.0036790434577179134,0.45817344589409054,5846,0.0026296829380349804,0.4385904892234006,6635,0.0023857453842789796,0.43918613413715146
feat_range_pos_20:2:LONG:h12,PERP,feat_range_pos_20,2,LONG,9477,0.0050393977179084976,-0.004788738860383464,0.4617494987865358,11.69638735987443,0.0,True,12,2969,0.007593065184323848,0.5075783091950151,3198,0.0038608920245845864,0.43964978111319575,3310,0.003887440769105682,0.44199395770392746
feat_vol_sma_ratio:0:LONG:h12,PERP,feat_vol_sma_ratio,0,LONG,10026,0.0030553266038224145,-0.0029394571102636935,0.4618990624376621,8.427520965785378,0.0,True,12,4556,0.003152001836996308,0.4723441615452151,2367,0.0022091441528633736,0.42501056189269115,3103,0.003558859152671847,0.47470190138575574
feat_rsi_divergence:2:LONG:h12,PERP,feat_rsi_divergence,2,LONG,10378,0.0034078882845554213,-0.005591057157891955,0.4485449990364232,8.749231197124859,0.0,True,12,3319,0.0048139640738191275,0.4808677312443507,3632,0.0030133976192994786,0.4259361233480176,3427,0.0024642129275794494,0.44120221768310475
feat_bb_width_20:2:LONG:h12,PERP,feat_bb_width_20,2,LONG,8360,0.005204585194268845,-0.0014501179709782573,0.4834928229665072,10.73399456598098,0.0,True,12,3116,0.003978970304572185,0.47881899871630296,2396,0.007873809253725743,0.506677796327212,2848,0.004299934614857352,0.4691011235955056
feat_price_accel:0:LONG:h12,PERP,feat_price_accel,0,LONG,10002,0.003000418716704833,-0.005621937087744514,0.4454109178164367,7.546758235007256,4.463096558993129e-14,True,12,3346,0.0036308550153331376,0.4572624028690974,3311,0.0017391744469356066,0.41920869827846574,3345,0.0036182183944314713,0.45949177877429
feat_range_expansion:0:LONG:h12,PERP,feat_range_expansion,0,LONG,10102,0.003958988679087257,-0.001861619754777302,0.47317362898435955,10.641576560618127,0.0,True,12,4000,0.004229715470410237,0.4865,2315,0.003918996262102299,0.43801295896328296,3787,0.003697482283530948,0.4805914972273567
feat_vol_breakout_strength:0:LONG:h12,PERP,feat_vol_breakout_strength,0,LONG,9815,0.0025792683765026706,-0.004518672349322403,0.4463576158940397,7.205329027270702,5.790923296444817e-13,True,12,4024,0.0034923567166483056,0.4644632206759443,2628,0.0009932088909045702,0.4037290715372907,3163,0.00273541660521142,0.45874170091685107
feat_vol_of_vol:2:LONG:h12,PERP,feat_vol_of_vol,2,LONG,8520,0.003295373536881545,-0.00414467574742163,0.451056338028169,7.037599340907055,1.9557688801796758e-12,True,12,3062,0.0026237252703445258,0.4549314173742652,2325,0.002967436386699411,0.421505376344086,3133,0.00419516315268423,0.46919885094158953
feat_ret_5:2:LONG:h12,PERP,feat_ret_5,2,LONG,9565,0.0033246812917248404,-0.007425852415337566,0.43951907997909045,7.770586080554572,7.771561172376096e-15,True,12,3093,0.004782026068263926,0.47171031361138055,3226,0.002122911306638371,0.4107253564786113,3246,0.0031303937310512607,0.4374614910659273
feat_price_roc_5:2:LONG:h12,PERP,feat_price_roc_5,2,LONG,9565,0.0033246812917248404,-0.007425852415337566,0.43951907997909045,7.770586080554572,7.771561172376096e-15,True,12,3093,0.004782026068263926,0.47171031361138055,3226,0.002122911306638371,0.4107253564786113,3246,0.0031303937310512607,0.4374614910659273
feat_realized_vol_20:2:LONG:h12,PERP,feat_realized_vol_20,2,LONG,7980,0.006152693538161102,-0.0011878784731567283,0.48621553884711777,11.820336813875961,0.0,True,12,2838,0.0069133333865619385,0.4975334742776603,2420,0.005537396615037927,0.4512396694214876,2722,0.00590666953529428,0.5055106539309331
feat_stoch_k_14:2:LONG:h12,PERP,feat_stoch_k_14,2,LONG,9718,0.0038660563272141604,-0.00591523861708586,0.44731426219386705,9.35876389661764,0.0,True,12,3096,0.006348692857209294,0.4919250645994832,3318,0.002389452764741546,0.4180229053646775,3304,0.003022572042534741,0.4349273607748184
feat_asia_vol:2:LONG:h12,PERP,feat_asia_vol,2,LONG,9953,0.0040627030259326805,-0.0045572622779519656,0.461167487189792,10.326581553928674,0.0,True,12,9953,0.0040627030259326805,0.461167487189792,0,0.0,0.0,0,0.0,0.0
feat_gap:0:LONG:h12,PERP,feat_gap,0,LONG,11495,0.0022329593856554586,-0.005272358366820026,0.4394084384515006,6.7076968696307855,1.9771961845549413e-11,True,12,3981,0.003017752960324197,0.4571715649334338,3875,0.0018055426033695584,0.4216774193548387,3639,0.0018295454836498555,0.43885682879912064
feat_trend_strength_20:2:LONG:h12,PERP,feat_trend_strength_20,2,LONG,10157,0.0032443062573064216,-0.005541156902973923,0.442355026090381,8.329897824209512,0.0,True,12,3339,0.0032944578421361856,0.44025157232704404,3184,0.0049244230574493585,0.46984924623115576,3634,0.0017261587522426644,0.42019812878370943
feat_ret_1:0:LONG:h12,PERP,feat_ret_1,0,LONG,10445,0.0032396853193686105,-0.004576470588235379,0.45447582575394924,8.360782971133583,0.0,True,12,3354,0.004172084154300096,0.4657125819916518,3509,0.0027696740538992325,0.439156454830436,3582,0.0028270677420854855,0.45896147403685095
feat_rsi_7:2:LONG:h12,PERP,feat_rsi_7,2,LONG,9549,0.0032390340554283837,-0.007546978184710747,0.43219185255000525,7.623499695811923,2.4646951146678475e-14,True,12,3071,0.004732612270921442,0.4649951155975252,3349,0.002565912445548824,0.4093759331143625,3129,0.0024935900067570714,0.4244167465643976
feat_time_since_high_20:0:LONG:h12,PERP,feat_time_since_high_20,0,LONG,10106,0.005340031744041076,-0.004486238217772586,0.4638828418761132,12.407697593337282,0.0,True,12,3045,0.00821574606879235,0.5136288998357964,3460,0.005303827727609881,0.4615606936416185,3601,0.0029431186026870927,0.4240488753124132
feat_overnight_ret:0:LONG:h12,PERP,feat_overnight_ret,0,LONG,11696,0.002361843069672193,-0.005118564414364734,0.4416894664842681,7.017457164983696,2.2595258997171186e-12,True,12,4068,0.00303712790735903,0.4552605703048181,3818,0.0021139485734876853,0.42613933996856995,3810,0.0018892452919090422,0.4427821522309711
feat_realized_vol_20:1:LONG:h12,PERP,feat_realized_vol_20,1,LONG,9882,0.0028870172195295373,-0.004090060205761574,0.46033191661606965,7.333619411719646,2.240430063693566e-13,True,12,3507,0.004736186826782177,0.4947248360422013,3236,0.0021325192564270886,0.4326328800988875,3139,0.0015988737330575754,0.45046193055113093
feat_time_since_high_20:2:LONG:h12,SPOT,feat_time_since_high_20,2,LONG,8124,0.0016909357447466053,-0.002447119146790754,0.3226243229935992,7.262813958771122,3.7925218521195347e-13,True,12,2767,0.0017637469489284188,0.2992410552945428,2697,0.0027249599509278576,0.3489061920652577,2660,0.0005667884191669383,0.32030075187969925
feat_ret_sign_streak:0:LONG:h12,PERP,feat_ret_sign_streak,0,LONG,14687,0.003448339478409861,-0.00430529036181213,0.45468781915980117,10.781194141241107,0.0,True,12,4873,0.004705919069909788,0.47568233121280523,4888,0.0030079734871532988,0.43617021276595747,4926,0.0026412594166727375,0.4522939504669103
feat_hour_utc:0:LONG:h12,PERP,feat_hour_utc,0,LONG,10272,0.0033828734352535903,-0.005424544521694561,0.4510319314641745,8.773736822154126,0.0,True,12,10272,0.0033828734352535903,0.4510319314641745,0,0.0,0.0,0,0.0,0.0
feat_hl_range:0:LONG:h12,PERP,feat_hl_range,0,LONG,10718,0.0016824520281859745,-0.005633319698220243,0.4213472662810226,5.1736585273630835,2.2955418410575135e-07,True,12,4102,0.0015846103287034366,0.4400292540224281,3064,0.0015151316143213519,0.39490861618798956,3552,0.0019397764649423275,0.42257882882882886
feat_atr_percent:2:LONG:h12,PERP,feat_atr_percent,2,LONG,7901,0.006789781018708556,-5.554804931599388e-05,0.49905075306923175,12.408983031025043,0.0,True,12,2732,0.007824538132524636,0.5135431918008785,2070,0.007690974283710172,0.4893719806763285,3099,0.005275606609706016,0.4927395934172314
feat_range_pos_50:2:LONG:h12,PERP,feat_range_pos_50,2,LONG,8828,0.004838526546982093,-0.006309143412141021,0.4506116900770276,10.69487365617509,0.0,True,12,2846,0.005825884055805418,0.4768095572733661,2922,0.004820690070144586,0.45722108145106094,3060,0.0039372516173115085,0.4199346405228758
feat_range_pos_20:1:LONG:h12,PERP,feat_range_pos_20,1,LONG,9626,0.003487483374510568,-0.005514008109306905,0.43798046956160397,8.314522944180181,0.0,True,12,3342,0.004909482228745823,0.45840813883901854,3052,0.002406031059568517,0.40825688073394495,3232,0.0030383101982571384,0.44492574257425743
feat_bb_width_20:1:LONG:h12,PERP,feat_bb_width_20,1,LONG,10105,0.0031524322357099157,-0.0041935049019608366,0.45601187530925286,8.230502242506173,2.220446049250313e-16,True,12,3391,0.0063080102328002055,0.49896785608964905,3313,0.000717544520106225,0.41352248717174767,3401,0.0023780182438433604,0.45457218465157306
feat_vol_breakout:2:LONG:h12,PERP,feat_vol_breakout,2,LONG,9823,0.005025465441046885,-0.005387249960942787,0.45922834164715465,11.303338953018656,0.0,True,12,2809,0.008077699293433957,0.5069419722321111,3491,0.004456657077967491,0.44800916642795763,3523,0.0031554640513661793,0.43230201532784557
feat_kc_width:1:LONG:h12,PERP,feat_kc_width,1,LONG,10491,0.0026696852981098595,-0.004607136237256786,0.45181584215041465,7.2221431126463544,5.115907697472721e-13,True,12,3560,0.003044659814768001,0.45814606741573033,3303,0.0029616356755893954,0.44323342415985467,3628,0.0020359418096539904,0.4534178610804851
feat_squeeze:2:LONG:h12,PERP,feat_squeeze,2,LONG,9470,0.004656783217559652,-0.0016012061031034398,0.4818373812038015,10.36572696587429,0.0,True,12,3478,0.004113169915188978,0.4867740080506038,2521,0.007951850165692683,0.5136850456168187,3471,0.0028082736495394374,0.45375972342264476
feat_bb_squeeze_20:2:LONG:h12,PERP,feat_bb_squeeze_20,2,LONG,9857,0.003393639359508392,-0.004547627594592221,0.455209495789794,8.376555506321791,0.0,True,12,3592,0.002598833498286981,0.4643652561247216,3197,0.005568100263150398,0.4713794182045668,3068,0.002058304008975086,0.4276401564537158
feat_kc_width:2:LONG:h12,PERP,feat_kc_width,2,LONG,7871,0.006784829846013755,-7.242495257361132e-06,0.4999364756701817,12.35261758558849,0.0,True,12,2708,0.007916773213770618,0.5118168389955687,2104,0.006771022747677059,0.4833650190114068,3059,0.00579226609806175,0.500817260542661
feat_vol_regime:1:LONG:h12,PERP,feat_vol_regime,1,LONG,9960,0.003956777735819675,-0.00573232504608507,0.45251004016064256,10.395559225859984,0.0,True,12,3363,0.005779621151748038,0.47487362473981565,3291,0.002613383833644989,0.4263141902157399,3306,0.003439804633668981,0.455837870538415
feat_vol_contraction:1:LONG:h12,PERP,feat_vol_contraction,1,LONG,9960,0.003956777735819675,-0.00573232504608507,0.45251004016064256,10.395559225859984,0.0,True,12,3363,0.005779621151748038,0.47487362473981565,3291,0.002613383833644989,0.4263141902157399,3306,0.003439804633668981,0.455837870538415
feat_donchian_break:1:LONG:h12,PERP,feat_donchian_break,1,LONG,9588,0.004142538658542796,-0.004617172717112929,0.4523362536503963,10.06800125625295,0.0,True,12,3171,0.0044976386703539165,0.46578366445916114,3019,0.0033002968015707073,0.4243126863199735,3398,0.0045594621514049695,0.4646851088875809
feat_time_since_low_20:1:LONG:h12,PERP,feat_time_since_low_20,1,LONG,18321,0.004842848038318662,-0.0045881538354480295,0.4572348670924076,15.526939729766923,0.0,True,12,6260,0.007057388672225809,0.49776357827476037,6227,0.0033478936466318165,0.4252449012365505,5834,0.0040622612417425975,0.447891669523483
feat_stoch_k_14:1:LONG:h12,PERP,feat_stoch_k_14,1,LONG,9645,0.0035643068321446797,-0.005492673592126886,0.43898392949714876,8.555944996918186,0.0,True,12,3230,0.0037221215210242456,0.4452012383900929,3150,0.003527116824491989,0.4193650793650794,3265,0.0034440639773284398,0.45176110260336905
feat_session_mom:0:LONG:h12,PERP,feat_session_mom,0,LONG,11958,0.0029522268290320627,-0.004682951089962363,0.4511624017394213,8.275429477694955,0.0,True,12,4017,0.003966768424171151,0.4695046054269355,3870,0.002386720994802008,0.4330749354005168,4071,0.002488727440871067,0.45025792188651437
feat_atr_percent:1:LONG:h12,PERP,feat_atr_percent,1,LONG,10565,0.002588147785271792,-0.004579500765336244,0.45205868433506863,7.0300446690185865,2.064570736592941e-12,True,12,3566,0.002799744041317235,0.4542905215928211,3379,0.0024841063582364863,0.44273453684522046,3620,0.0024768228496072197,0.4585635359116022
feat_ret_3:0:LONG:h12,PERP,feat_ret_3,0,LONG,10488,0.0025253302261204445,-0.004869187503398355,0.44565217391304346,6.760659890425025,1.3736567439082137e-11,True,12,3229,0.003619109189501169,0.4651594921028182,3552,0.0028126910149453605,0.43890765765765766,3707,0.001297243418820079,0.43512274076072294
feat_atr_ratio:2:LONG:h12,PERP,feat_atr_ratio,2,LONG,8811,0.0036299812168826577,-0.003116863721219637,0.4622630802406083,8.049883667617465,8.881784197001252e-16,True,12,3089,0.005300493198956772,0.4953059242473292,2093,0.005595012642396172,0.4973721930243669,3629,0.0010747256957399935,0.4138881234499862
feat_donchian_width_20:1:LONG:h12,PERP,feat_donchian_width_20,1,LONG,9971,0.00262178081754778,-0.005676876267748516,0.439975930197573,6.789497529973688,1.1252332399180887e-11,True,12,3568,0.004829485404088699,0.47533632286995514,3107,0.00038047139450789343,0.4036047634373994,3296,0.0023446747534115325,0.4359830097087379
feat_vol_of_vol:1:LONG:h12,PERP,feat_vol_of_vol,1,LONG,9966,0.003819563822417137,-0.0042843812612210624,0.4518362432269717,10.16165016689044,0.0,True,12,3394,0.005414841144627242,0.47819681791396584,3387,0.003437939488177063,0.43401240035429584,3185,0.002525432076260161,0.4427001569858713
feat_range_pos_50:1:LONG:h12,PERP,feat_range_pos_50,1,LONG,9162,0.002353383750314408,-0.0068869731376277245,0.41912246234446626,5.652337879454264,1.5828006461049426e-08,True,12,3217,0.0037983655390044888,0.43922909543052535,3003,0.00043833585873158994,0.37662337662337664,2942,0.00272808885031686,0.4405166553365058
feat_ret_autocorr:2:LONG:h12,SPOT,feat_ret_autocorr,2,LONG,10103,0.0010773060950986253,-0.003514087597647658,0.30961100663169355,4.870022336558949,1.115856340438981e-06,True,12,3481,0.0023286577900070234,0.320310255673657,3184,0.0015722570212911183,0.32129396984924624,3438,-0.000648080466557288,0.2879581151832461
feat_adx_14:2:LONG:h12,PERP,feat_adx_14,2,LONG,10020,0.004218956752028121,-0.004212040136170455,0.461377245508982,10.339656540881787,0.0,True,12,3539,0.003762024508285366,0.44023735518508056,3240,0.005239342891009723,0.4898148148148148,3241,0.003697831210622757,0.4560320888614625
feat_bb_squeeze_20:1:LONG:h12,PERP,feat_bb_squeeze_20,1,LONG,9759,0.002261277749927023,-0.005882909458598024,0.4353929705912491,6.004717582455059,1.9166521703084527e-09,True,12,3262,0.0057293932692468645,0.4816063764561619,3218,-0.0008672302350259018,0.38937228091982595,3279,0.0018814503243573953,0.434583714547118
feat_vwap_upper_dist:1:LONG:h12,PERP,feat_vwap_upper_dist,1,LONG,10305,0.002512724258958482,-0.006980919320086287,0.4205725376031053,6.604130163522704,3.998579245489964e-11,True,12,3386,0.0031322866043579072,0.43916125221500296,3506,0.001310585528566628,0.3867655447803765,3413,0.0031329587410069376,0.4368590682683856
feat_stoch_d_14:1:LONG:h12,PERP,feat_stoch_d_14,1,LONG,9737,0.0035914912916276288,-0.005544515898535156,0.4388415322994762,8.664685552552285,0.0,True,12,3275,0.0035213916708466144,0.4393893129770992,3205,0.003174864605478391,0.4171606864274571,3257,0.0040719533079512805,0.4596254221676389
feat_donchian_width_20:2:LONG:h12,PERP,feat_donchian_width_20,2,LONG,9431,0.0030158406328480393,-0.005324419548627987,0.4438553705863641,7.356538914042468,1.887379141862766e-13,True,12,3221,0.0031048191514265536,0.4495498292455759,3575,0.004130177853262856,0.45314685314685316,2635,0.001395212408436514,0.42428842504743836
feat_ret_autocorr:1:LONG:h12,PERP,feat_ret_autocorr,1,LONG,9590,0.0039813821696624875,-0.0044991043539842224,0.4570385818561001,9.978127516528119,0.0,True,12,3249,0.004598925046153476,0.4789165897199138,3134,0.003510497426615059,0.4368219527760051,3207,0.0038159178662609977,0.4546304957904584
feat_trend_strength_20:1:LONG:h12,PERP,feat_trend_strength_20,1,LONG,9530,0.003160451246410029,-0.0055640090861177,0.4437565582371459,7.614242244732999,2.6645352591003757e-14,True,12,3225,0.004222800570875065,0.4691472868217054,3163,0.001396167131458058,0.40657603540942144,3142,0.003846114545007529,0.45512412476129854
feat_ret_5:0:LONG:h12,PERP,feat_ret_5,0,LONG,10365,0.002703347799831135,-0.004680407626561538,0.444187168355041,7.1457926403874215,8.948397578478762e-13,True,12,3260,0.0038459277624880634,0.4579754601226994,3408,0.0019847062364897346,0.42077464788732394,3697,0.0023582895822509106,0.453611035975115
feat_price_roc_5:0:LONG:h12,PERP,feat_price_roc_5,0,LONG,10365,0.002703347799831135,-0.004680407626561538,0.444187168355041,7.1457926403874215,8.948397578478762e-13,True,12,3260,0.0038459277624880634,0.4579754601226994,3408,0.0019847062364897346,0.42077464788732394,3697,0.0023582895822509106,0.453611035975115
feat_hour_utc:1:LONG:h12,PERP,feat_hour_utc,1,LONG,10118,0.002005324213764075,-0.008529384949007932,0.4144099624431706,4.954448186953384,7.253584106692301e-07,True,12,0,0.0,0.0,10118,0.002005324213764075,0.4144099624431706,0,0.0,0.0
feat_vol_breakout:0:LONG:h12,SPOT,feat_vol_breakout,0,LONG,21448,0.0008855639223171562,-0.002926183418352374,0.2857142857142857,5.759579419324685,8.432377907041655e-09,True,12,7145,0.0013781055951754047,0.2832750174947516,7206,0.0007709809264434997,0.2912850402442409,7097,0.0005060338132137858,0.28251373819923914
feat_asia_range:0:LONG:h12,PERP,feat_asia_range,0,LONG,20383,0.0021152619146238487,-0.006331503530950148,0.4273168817151548,7.694362456347101,1.4210854715202004e-14,True,12,0,0.0,0.0,10118,0.002005324213764075,0.4144099624431706,10265,0.002223625251915538,0.44003896736483195
feat_vwap_dist:1:LONG:h12,PERP,feat_vwap_dist,1,LONG,10231,0.0025438036204180185,-0.006751843499830934,0.41980256084449225,6.747096813602571,1.5083267967952452e-11,True,12,3440,0.002846304219385363,0.4313953488372093,3393,0.0017037460735459644,0.39610963748894784,3398,0.003076385490956339,0.43172454384932313
feat_squeeze:1:LONG:h12,PERP,feat_squeeze,1,LONG,11311,0.0018579168317606038,-0.006769974526525618,0.4367429935461056,5.144651059773853,2.680185147152514e-07,True,12,3731,0.0045709422174763994,0.4714553738943983,3598,-0.0004064839146811342,0.4038354641467482,3982,0.0013619389742999663,0.4339527875439478
feat_ret_3:2:LONG:h12,PERP,feat_ret_3,2,LONG,9624,0.0028225648569838277,-0.008044946343707306,0.42622610141313383,6.614447567857957,3.729416775399841e-11,True,12,3268,0.0030489516342692203,0.44094247246022034,3306,0.0020280826531929477,0.3956442831215971,3050,0.0034411636037261187,0.4436065573770492
feat_rsi_7:1:LONG:h12,PERP,feat_rsi_7,1,LONG,10185,0.002676673982657051,-0.0058318858448861,0.43406971035837016,6.863432300424867,6.722622458710248e-12,True,12,3649,0.00218015036361878,0.42778843518772264,3171,0.0018918583678050446,0.4112267423525702,3365,0.003954672496941258,0.462407132243685
feat_keltner_pos:1:LONG:h12,PERP,feat_keltner_pos,1,LONG,10008,0.0027233693256871272,-0.006016483726568185,0.42935651478816944,6.7578301619972825,1.4007461857090675e-11,True,12,3664,0.003365881983839826,0.4415938864628821,3088,0.002091974033066384,0.4018782383419689,3256,0.0025991624104971297,0.4416461916461916
feat_williams_r_14:1:LONG:h12,PERP,feat_williams_r_14,1,LONG,9636,0.0035630000902032166,-0.005509170687907133,0.4392901618929016,8.546219616337824,0.0,True,12,3218,0.003729632639999357,0.4459291485394655,3154,0.003558238791943598,0.4204185161699429,3264,0.0034033167536428174,0.45098039215686275
feat_mean_rev_strength:1:LONG:h12,PERP,feat_mean_rev_strength,1,LONG,9865,0.002950264275206029,-0.006074209589087148,0.42970096300050686,7.338119047454296,2.1671553440683056e-13,True,12,3601,0.0035737186051027527,0.4473757289641766,3244,0.0023124339531009125,0.39858199753390877,3020,0.002892006832474539,0.4420529801324503
feat_bb_pos_20:1:LONG:h12,PERP,feat_bb_pos_20,1,LONG,9792,0.0031691711988623065,-0.005617337372003943,0.43566176470588236,7.788321385032734,6.661338147750939e-15,True,12,3685,0.0034890504854479653,0.44938941655359566,3130,0.0027143345648542555,0.4095846645367412,2977,0.00325142967833058,0.4460866644272758
feat_zscore_20:1:LONG:h12,PERP,feat_zscore_20,1,LONG,9792,0.0031691711988623065,-0.005617337372003943,0.43566176470588236,7.788321385032734,6.661338147750939e-15,True,12,3685,0.0034890504854479653,0.44938941655359566,3130,0.0027143345648542555,0.4095846645367412,2977,0.00325142967833058,0.4460866644272758
feat_vol_regime:2:LONG:h12,PERP,feat_vol_regime,2,LONG,9033,0.00449701724255248,-0.0015539747129778541,0.48134617513561384,10.17936372357115,0.0,True,12,3365,0.0054663996434852645,0.5007429420505201,2757,0.004542848775162041,0.4649981864345303,2911,0.0033330428988412515,0.4744074201305393
feat_vol_contraction:2:LONG:h12,PERP,feat_vol_contraction,2,LONG,9033,0.00449701724255248,-0.0015539747129778541,0.48134617513561384,10.17936372357115,0.0,True,12,3365,0.0054663996434852645,0.5007429420505201,2757,0.004542848775162041,0.4649981864345303,2911,0.0033330428988412515,0.4744074201305393
feat_rsi_14:1:LONG:h12,PERP,feat_rsi_14,1,LONG,10145,0.0024644088203521855,-0.006922192896042788,0.42385411532774764,6.199379123314962,5.668634450728405e-10,True,12,3729,0.002345052806123406,0.42799678197908286,3202,0.0021376175919261844,0.39600249843847596,3214,0.0029284611198167687,0.44679527069072805
feat_vwap_lower_dist:1:LONG:h12,PERP,feat_vwap_lower_dist,1,LONG,10375,0.0025422238145263224,-0.0066898721774372935,0.4224578313253012,6.804197239370046,1.0161427255184208e-11,True,12,3498,0.0024555437832016734,0.4282447112635792,3510,0.002235037262699725,0.40370370370370373,3367,0.0029525093941179404,0.435996435996436
feat_trend_strength_20:0:LONG:h12,PERP,feat_trend_strength_20,0,LONG,10208,0.002497803919859241,-0.005553881701925197,0.4370101880877743,6.636390994058851,3.214561949960171e-11,True,12,3391,0.004625656608141243,0.4739015039811265,3643,0.0007342521728960983,0.38210266264068077,3174,0.0022486137964258645,0.46061751732829237
feat_ret_autocorr:0:LONG:h12,PERP,feat_ret_autocorr,0,LONG,9975,0.004108400123704571,-0.005124537037037085,0.4458145363408521,10.256961564032167,0.0,True,12,3171,0.006108308364926893,0.4774519079154841,3581,0.003412135130192811,0.41468863445964815,3223,0.0029143622424913002,0.4492708656531182
feat_atr_norm_ext:1:LONG:h12,PERP,feat_atr_norm_ext,1,LONG,9942,0.002989269443539131,-0.0060225525770671706,0.43270971635485816,7.480193391240705,7.416289804496046e-14,True,12,3540,0.0032849248008053377,0.44124293785310736,3162,0.0025615160695370686,0.4063883617963314,3240,0.003083694197820659,0.44907407407407407
feat_cci_20:1:LONG:h12,PERP,feat_cci_20,1,LONG,9766,0.0034243696518932187,-0.005674375803651798,0.4362072496416138,8.345622994817274,0.0,True,12,3448,0.0033196609404863393,0.43474477958236657,3361,0.0038010820532919645,0.4296340374888426,2957,0.0031182841787209944,0.44538383496787287
feat_atr_ratio:0:LONG:h12,PERP,feat_atr_ratio,0,LONG,9611,0.0018984554687274694,-0.00810601439681013,0.39267505982728124,4.944516467077036,7.633308944932082e-07,True,12,3119,0.0015093559517847098,0.3873036229560757,4207,0.001520140385449094,0.3762776325172332,2285,0.00312610227340869,0.4301969365426696
feat_atr_ratio:1:LONG:h12,PERP,feat_atr_ratio,1,LONG,10273,0.0025608988744931474,-0.006149722530521656,0.44592621434829166,6.893993726178602,5.42477174292344e-12,True,12,3424,0.004009592397443578,0.46670560747663553,3177,0.0007566936022060198,0.408876298394712,3672,0.002771038724023083,0.45860566448801743
feat_rsi_21:1:LONG:h12,PERP,feat_rsi_21,1,LONG,10263,0.0021577456303659656,-0.0072518833099212265,0.41586280814576637,5.407524623829662,6.390175988357782e-08,True,12,3695,0.0032606351549406285,0.4354533152909337,3253,0.0009443793447319498,0.3781125115278205,3315,0.0021191042227834828,0.43107088989441933
feat_donchian_width_20:0:LONG:h12,PERP,feat_donchian_width_20,0,LONG,10493,0.003238819394597662,-0.005622222222222246,0.4393405127227676,8.421241290120468,0.0,True,12,3166,0.004128901366278697,0.4567277321541377,3308,0.0020625180983767665,0.39298669891172916,4019,0.003505852279782176,0.4637969644190097
feat_asia_vol:0:LONG:h12,PERP,feat_asia_vol,0,LONG,20053,0.002278354670637255,-0.006190095049675238,0.42896324739440483,8.230608491530244,2.220446049250313e-16,True,12,0,0.0,0.0,10104,0.0019996975218985412,0.4140934283452098,9949,0.0025613531459469305,0.4440647301236305
feat_ext_vs_ma_20:1:LONG:h12,PERP,feat_ext_vs_ma_20,1,LONG,10375,0.0021953005377396127,-0.007079015828073245,0.4159036144578313,5.969742248254669,2.3762869449939217e-09,True,12,3657,0.0026670620055922033,0.4304074377905387,3448,0.0016420172198292008,0.3953016241299304,3270,0.0022511076301610735,0.42140672782874616
feat_vol_regime:0:LONG:h12,PERP,feat_vol_regime,0,LONG,9262,0.0005698057881601188,-0.008284694001433664,0.3805873461455409,1.4590683143964964,0.14454630614923003,False,12,2744,5.910668892208351e-05,0.3771865889212828,3421,-0.0002593932264418558,0.36042092955276234,3097,0.0019382423904405585,0.40587665482725216
feat_vol_contraction:0:LONG:h12,PERP,feat_vol_contraction,0,LONG,9262,0.0005698057881601188,-0.008284694001433664,0.3805873461455409,1.4590683143964964,0.14454630614923003,False,12,2744,5.910668892208351e-05,0.3771865889212828,3421,-0.0002593932264418558,0.36042092955276234,3097,0.0019382423904405585,0.40587665482725216
feat_adx_14:1:LONG:h12,PERP,feat_adx_14,1,LONG,9528,0.003381375316214679,-0.005403822547753028,0.44301007556675065,8.125634170030445,4.440892098500626e-16,True,12,3100,0.004601684732829417,0.48258064516129034,3217,0.003462401419074475,0.41746969225986946,3211,0.002122072867007063,0.4303955154157583
feat_rsi_divergence:1:LONG:h12,PERP,feat_rsi_divergence,1,LONG,10302,0.003476528601789111,-0.005042006859127651,0.4402057852844108,9.077969638073004,0.0,True,12,3325,0.004660232341868265,0.4523308270676692,3553,0.00307452334154265,0.4252744159864903,3424,0.0027442008429960293,0.4439252336448598
feat_ret_10:1:LONG:h12,PERP,feat_ret_10,1,LONG,10447,0.0022456993858986176,-0.0066898721774372935,0.42251364027950605,6.08827258259576,1.1413543443694607e-09,True,12,3815,0.002665597947519229,0.43538663171690695,3547,0.0013472051149507082,0.39441781787425995,3085,0.0027594906878336584,0.4388978930307942
feat_close_pos_ma:2:LONG:h12,PERP,feat_close_pos_ma,2,LONG,8938,0.004797905082969889,-0.004509478503696731,0.4609532333855449,11.201769440301836,0.0,True,12,2435,0.007277709402306208,0.5059548254620123,3199,0.004342940551780058,0.4479524851516099,3304,0.0034108312384457736,0.4403753026634383
feat_rsi_divergence:0:LONG:h12,PERP,feat_rsi_divergence,0,LONG,9363,0.0015012769781496576,-0.006736795661942837,0.4280679269464915,3.7142353708668163,0.0002038190270163831,False,12,3345,0.0023228059514597958,0.44573991031390137,2917,-0.00047417705741344265,0.387041480973603,3101,0.0024733456676095575,0.44759754917768463
feat_vol_trend:1:LONG:h12,PERP,feat_vol_trend,1,LONG,8452,0.0019866669065302447,-0.007747362047340098,0.40026029342167535,4.709671103531832,2.4811684635750453e-06,True,12,2742,0.0033119010966402964,0.4325309992706054,2980,0.0007925836326123877,0.3580536912751678,2730,0.00195903907026411,0.4139194139194139
feat_ext_vs_ma_10:0:LONG:h12,PERP,feat_ext_vs_ma_10,0,LONG,10319,0.001970011887451067,-0.0050413849561782974,0.43938366120748135,5.34197025558488,9.194174399596022e-08,True,12,3318,0.003693473372204627,0.4602169981916817,3440,0.0014252000378601737,0.41598837209302325,3561,0.0008904577049687202,0.4425723111485538
feat_ext_vs_ma_50:0:LONG:h12,PERP,feat_ext_vs_ma_50,0,LONG,10165,0.0020936762840678184,-0.0034968244546669898,0.4561731431382194,6.0806935779668505,1.1966378998806704e-09,True,12,3410,0.0019915811108998397,0.45689149560117304,3379,0.003560670616993355,0.4501331754957088,3376,0.0007285017252844698,0.46149289099526064
feat_macd_12_26:0:LONG:h12,PERP,feat_macd_12_26,0,LONG,11681,0.0013809789683766572,-0.004680939388033517,0.4441400565020118,4.443944320369473,8.832447168316548e-06,True,12,3967,0.0010401526124249013,0.4403831610789009,3793,0.0021437591804617643,0.43079356709728445,3921,0.00098792434190938,0.46085182351440956
feat_trend_slope_20:1:LONG:h12,PERP,feat_trend_slope_20,1,LONG,10537,0.0021637875438068797,-0.007012638291378331,0.4171965455063111,5.7870643162418265,7.1627159758946846e-09,True,12,3496,0.003951299819805997,0.4525171624713959,3702,0.000949531015104985,0.37385197190707725,3339,0.0016384909736845382,0.4282719377059
feat_bb_squeeze_20:0:LONG:h12,PERP,feat_bb_squeeze_20,0,LONG,10279,0.003215311676180562,-0.006165407631926484,0.43262963323280473,8.111753028637558,4.440892098500626e-16,True,12,3101,0.003960024948094696,0.435665914221219,3575,0.0021705876007280024,0.3955244755244755,3603,0.0036109632758300676,0.4668331945600888
feat_vol_sma_ratio:2:LONG:h12,PERP,feat_vol_sma_ratio,2,LONG,9935,0.0028084554740830966,-0.0077634249816431996,0.4257674886763966,6.75895023887523,1.389954817909711e-11,True,12,2193,0.005334920200892847,0.4537163702690378,4396,0.0016437096100709375,0.4119654231119199,3346,0.002682838520198959,0.4255827854154214
feat_ret_20:0:LONG:h12,PERP,feat_ret_20,0,LONG,10339,0.0017235252146154312,-0.004376547788046409,0.447141889931328,5.0327271392691015,4.835511497880418e-07,True,12,3441,0.0011932727142819298,0.4455100261551874,3602,0.0025136385835621213,0.4333703498056635,3296,0.0014136376232020801,0.46389563106796117
feat_atr_percent:0:LONG:h12,PERP,feat_atr_percent,0,LONG,11669,0.00021056001577138712,-0.00866756185176578,0.38452309538092383,0.7006798042405268,0.48350286237893414,False,12,3776,0.0016372901739936574,0.4171080508474576,4659,-0.0008395119657563687,0.3603777634685555,3234,5.7484036949655806e-05,0.3812615955473098
feat_ema_cross_10_20:0:LONG:h12,PERP,feat_ema_cross_10_20,0,LONG,11280,0.0011930316723241634,-0.005205812050118342,0.438386524822695,3.7278595989997303,0.00019311290452384,False,12,3794,-0.00016083261348420793,0.4219820769636268,3740,0.00235978314397715,0.42727272727272725,3746,0.0013993612495731727,0.4660971703150027
feat_ret_sign_streak:2:LONG:h12,PERP,feat_ret_sign_streak,2,LONG,7134,0.0029149480123780076,-0.007531068090609689,0.42374544435099526,6.013985339184369,1.8101689036598145e-09,True,12,2423,0.005012177248447948,0.460998761865456,2398,0.0008823398583726465,0.3832360300250208,2313,0.002825284335035768,0.4267185473411154
feat_ext_strength:1:LONG:h12,PERP,feat_ext_strength,1,LONG,9586,0.0019366905935478617,-0.007269945602788468,0.4147715418318381,5.001832074207473,5.678804606557009e-07,True,12,3289,0.0025433047525109356,0.43569474004256614,3269,0.0011283382726147244,0.37044967880085655,3028,0.0021504784958929326,0.43989431968295906
feat_kc_width:0:LONG:h12,PERP,feat_kc_width,0,LONG,11773,0.00017292124554525734,-0.008643833413848103,0.38486367111186615,0.5785159746868072,0.5629158153941145,False,12,3806,0.0013834267795401198,0.41539674198633736,4701,-0.0007712590075052289,0.3631142310146777,3266,0.00012130070274240659,0.38058787507654623
feat_ext_vs_ma_10:1:LONG:h12,PERP,feat_ext_vs_ma_10,1,LONG,10371,0.002063178604968905,-0.006047703928785389,0.4282132870504291,5.664185819106538,1.4772425727116456e-08,True,12,3824,0.0009231605216887438,0.41919456066945604,3421,0.0015925194312600252,0.4104063139432914,3126,0.00397282485695912,0.45873320537428025
feat_range_pos_50:0:LONG:h12,PERP,feat_range_pos_50,0,LONG,10705,0.0011454198853267056,-0.005424192929990044,0.43063988790284913,3.348423097706318,0.0008127283266328167,False,12,3569,0.001683928582863864,0.43877836929111796,3552,0.0014378459086696533,0.4099099099099099,3584,0.0003193499142261829,0.44308035714285715
feat_rsi_7:0:LONG:h12,PERP,feat_rsi_7,0,LONG,10829,0.0019729194420081875,-0.004874211781330029,0.4419613999445932,5.572813814486114,2.50657414824218e-08,True,12,3552,0.0034514794386487067,0.46283783783783783,3595,0.00153904505575564,0.42141863699582754,3682,0.0009701854144445759,0.4418794133623031
feat_squeeze:0:LONG:h12,PERP,feat_squeeze,0,LONG,9874,0.0012912320415605317,-0.008388861365420863,0.38890014178651,3.6428522398883563,0.00026963363272236585,False,12,3063,0.0011064595326455012,0.38556970290564807,3999,0.00042655295128191545,0.36134033508377095,2812,0.0027221743875174747,0.4317211948790896
feat_vol_breakout_strength:2:LONG:h12,PERP,feat_vol_breakout_strength,2,LONG,10241,0.0027108856497746535,-0.007936283485927412,0.4247632067180939,6.30747094021189,2.836317847254577e-10,True,12,2617,0.004371405302837251,0.4436377531524647,4162,0.0017105685409931875,0.410860163382989,3462,0.0026582397441373465,0.427209705372617
feat_adx_14:0:LONG:h12,PERP,feat_adx_14,0,LONG,10067,0.0011868595805506765,-0.007246075144135231,0.415118704678653,3.301168486983813,0.0009628304383153541,False,12,3312,0.003917319398179155,0.463768115942029,3339,-0.0017521349590900147,0.3462114405510632,3416,0.0014122752280549922,0.43530444964871196
feat_trend_neutral:1:LONG:h12,PERP,feat_trend_neutral,1,LONG,2021,0.0023178187007895064,-0.004682967689105715,0.44136566056407717,5.004684933176758,5.595347212228319e-07,True,12,638,0.003226873315516351,0.4561128526645768,744,0.001695223486110695,0.42338709677419356,639,0.0021350862994206606,0.4475743348982786
feat_hour_utc:2:LONG:h12,PERP,feat_hour_utc,2,LONG,10265,0.002223625251915538,-0.004574862192667758,0.44003896736483195,5.967745414194227,2.405543098049634e-09,True,12,0,0.0,0.0,0,0.0,0.0,10265,0.002223625251915538,0.44003896736483195
feat_ret_vol:0:LONG:h12,PERP,feat_ret_vol,0,LONG,11917,0.0014221053350464985,-0.0051462267103991885,0.4403792900897877,4.436022947767914,9.163608378104371e-06,True,12,4023,0.0006965188156246451,0.43151876708923687,4005,0.0019632488911358365,0.4229712858926342,3889,0.0016154081443795708,0.4674723579326305
feat_rsi_21:0:LONG:h12,PERP,feat_rsi_21,0,LONG,11492,0.0009921651740910774,-0.00544226192707622,0.43317090149669335,3.0945943399082387,0.001970822465762856,False,12,3865,0.0003914292602809115,0.4258732212160414,3833,0.0012456989125619194,0.4182102791547091,3794,0.0013480032044857933,0.45571955719557194
feat_trend_neutral:2:LONG:h12,PERP,feat_trend_neutral,2,LONG,9638,0.0018684823335683195,-0.0067191721810607894,0.41377879228055614,5.492102385115267,3.9717701127983673e-08,True,12,3119,0.0027961406298792056,0.4350753446617506,3528,0.0010361387940606747,0.37244897959183676,2991,0.0018829061988940685,0.440320962888666
feat_asia_range:2:LONG:h12,PERP,feat_asia_range,2,LONG,10266,0.0033939795865193354,-0.005405279191757863,0.451198129748685,8.804606275853859,0.0,True,12,10266,0.0033939795865193354,0.451198129748685,0,0.0,0.0,0,0.0,0.0
feat_price_accel:2:LONG:h12,PERP,feat_price_accel,2,LONG,9991,0.0023098179381357896,-0.007115341791629849,0.428585727154439,5.669319605306854,1.4336571041440038e-08,True,12,3161,0.002571412306211493,0.43657070547295157,3457,0.00269781783997408,0.41857101533121205,3373,0.0016670028008270836,0.4313667358434628
feat_vwap_lower_dist:0:LONG:h12,PERP,feat_vwap_lower_dist,0,LONG,9899,0.0010134244195276502,-0.005937705906233469,0.43176078391756745,2.6613481023095233,0.007782844832033398,False,12,3261,0.0014709513114158532,0.44158233670653174,3453,0.0007987129890174027,0.4008108890819577,3185,0.0007777582892621724,0.4552590266875981
feat_realized_vol_20:0:LONG:h12,PERP,feat_realized_vol_20,0,LONG,11993,0.0009903431400952426,-0.008060658882341375,0.39623113482865,3.2319651752220064,0.0012294203814020577,False,12,3609,0.001147837165824047,0.399833748960931,4296,0.0007794594091750476,0.39129422718808193,4088,0.001072916664845218,0.39823874755381605
feat_macd_12_26:1:LONG:h12,PERP,feat_macd_12_26,1,LONG,9000,0.0016999975672109945,-0.008011978447041032,0.39966666666666667,4.0532610037454235,5.050859700594934e-05,True,12,2960,0.003658428177055492,0.4408783783783784,3120,-0.00012125107391162852,0.35128205128205126,2920,0.0016607308395270462,0.4095890410958904
feat_trend_slope_20:0:LONG:h12,PERP,feat_trend_slope_20,0,LONG,10109,0.00011838079088308327,-0.006801830121500105,0.4220001978435058,0.34867901262499046,0.7273303020964486,False,12,3415,-0.0005644933412618866,0.4190336749633968,3430,-1.2758470899997761e-05,0.397667638483965,3264,0.0009706549419832801,0.45067401960784315
feat_rsi_14:0:LONG:h12,PERP,feat_rsi_14,0,LONG,11237,0.0010169224993672897,-0.005550522839845815,0.4317878437305331,3.0599677856273457,0.0022136079993828606,False,12,3730,0.0013714551570065843,0.4345844504021448,3730,0.0007575712526070712,0.41447721179624664,3777,0.0009229255010673281,0.4461212602594652
feat_vwap_dist:0:LONG:h12,PERP,feat_vwap_dist,0,LONG,10208,0.001062304602567801,-0.0053716812022495935,0.43514890282131663,2.9724739448557953,0.0029541028225721355,False,12,3500,0.001288347004361244,0.44057142857142856,3418,0.0008496698596429469,0.40871854885898184,3290,0.001042741424768439,0.45683890577507597
feat_ret_10:0:LONG:h12,PERP,feat_ret_10,0,LONG,10292,0.0005206012234892638,-0.006566031614004621,0.4223668869024485,1.4706628366272072,0.14138232132520145,False,12,3504,0.000502949605040088,0.41837899543379,3330,8.88602518874105e-05,0.4048048048048048,3458,0.0009542474659647074,0.4433198380566802
feat_donchian_break:0:LONG:h12,PERP,feat_donchian_break,0,LONG,10517,0.00047998331503928835,-0.006474759994268484,0.41979651992012934,1.399425865680926,0.16168531492624227,False,12,3717,0.0007183687763209045,0.42265267688996505,3729,0.0006461766055335871,0.40466613032984716,3071,-1.0349976994905437e-05,0.4347118202539889
feat_ret_vol:1:LONG:h12,PERP,feat_ret_vol,1,LONG,8234,0.0003886402161292591,-0.008400418781784519,0.38134564002914745,0.9453185791645045,0.34449625595856803,False,12,2718,0.002256431986878195,0.4205298013245033,2678,-0.0014737549777876521,0.3319641523525019,2838,0.00035722242064436843,0.390415785764623
feat_ret_20:1:LONG:h12,PERP,feat_ret_20,1,LONG,10315,0.0011984718200088753,-0.00795101730284316,0.40096946194861854,3.2424876330779164,0.001184910906755876,False,12,3454,0.0032505083808830764,0.44209612044006946,3351,-0.0007914151966909167,0.3506415995225306,3510,0.0010789211395819543,0.40854700854700854
feat_range_pos_20:0:LONG:h12,PERP,feat_range_pos_20,0,LONG,10792,0.0006708871675328464,-0.006113061179616639,0.425407709414381,2.0090940496516385,0.044527160585142944,False,12,3644,0.0003713029619774178,0.4256311745334797,3740,0.0008235242858707099,0.406951871657754,3408,0.0008237105309308425,0.4454225352112676
feat_time_since_high_20:1:LONG:h12,PERP,feat_time_since_high_20,1,LONG,14583,0.0019522904853515556,-0.006776279226650948,0.42659260783103614,6.045971150808416,1.4851266882942582e-09,True,12,5250,0.0017860191933059529,0.4358095238095238,4706,0.0007225257803224151,0.3816404589885253,4627,0.0033917106247737614,0.46185433326129244
feat_bb_width_20:0:LONG:h12,PERP,feat_bb_width_20,0,LONG,11430,0.0011551567350599993,-0.008364079892420155,0.39658792650918634,3.4589646890932735,0.0005422559896559598,False,12,3448,0.001889615419286349,0.4077726218097448,4281,0.0003567970919276512,0.37140854940434476,3701,0.001394379671843875,0.4152931640097271
feat_vwap_upper_dist:0:LONG:h12,PERP,feat_vwap_upper_dist,0,LONG,10316,0.0008617960511509071,-0.005504162740925236,0.42981775882124856,2.493601684297163,0.012645435860200172,False,12,3628,0.0008360880638101885,0.4324696802646086,3344,0.001080819325476843,0.409688995215311,3344,0.0006706640980187887,0.4470693779904306
feat_keltner_pos:0:LONG:h12,PERP,feat_keltner_pos,0,LONG,10668,0.0010387054482278424,-0.005614567056634209,0.4334458192725909,3.1110536767567973,0.0018642104949395666,False,12,3517,0.0010813745837001691,0.4361671879442707,3695,0.0009158496032690631,0.41596752368064954,3456,0.0011266351350526444,0.44936342592592593
feat_stoch_k_14:0:LONG:h12,PERP,feat_stoch_k_14,0,LONG,10772,0.0010674704066418919,-0.005875036811964577,0.4293538804307464,3.0720839620282385,0.002125699241700474,False,12,3748,0.0015648152421468325,0.43676627534685164,3640,0.0003747812177857159,0.4065934065934066,3384,0.0012617198758983817,0.44562647754137114
feat_ext_vs_ma_50:1:LONG:h12,PERP,feat_ext_vs_ma_50,1,LONG,10205,0.00078662133126457,-0.008599403480720774,0.3822635962763351,2.0474673445537728,0.04061221998712394,False,12,3520,0.0024881188704877085,0.4090909090909091,3304,-0.001579317586222157,0.3350484261501211,3381,0.0013272279107708405,0.4004732327713694
feat_hl_range:2:LONG:h12,PERP,feat_hl_range,2,LONG,9008,0.0036440163467346756,-0.006264370405196937,0.44660301953818826,7.481121137264744,7.37188088351104e-14,True,12,2466,0.006117427930119671,0.4813463098134631,3540,0.0024941550334110505,0.4217514124293785,3002,0.0029681589465142336,0.4473684210526316
feat_ema_cross_10_20:1:LONG:h12,PERP,feat_ema_cross_10_20,1,LONG,9921,0.0009754627770982081,-0.008262964076033939,0.39673420018143335,2.4413998420274514,0.014630446041636436,False,12,3405,0.0033472771174782967,0.4370044052863436,3288,-0.0012070895040944692,0.3476277372262774,3228,0.0006967155873730913,0.40427509293680297
feat_ext_vs_ma_20:0:LONG:h12,PERP,feat_ext_vs_ma_20,0,LONG,10186,0.0009311412819059075,-0.005270645202827485,0.43579422737090123,2.637113104521362,0.00836149470510228,False,12,3392,0.0013760373667987638,0.44221698113207547,3427,0.0004628716164927771,0.40706156988619785,3367,0.000959556079474731,0.45856845856845857
feat_time_since_low_20:2:SHORT:h12,PERP,feat_time_since_low_20,2,SHORT,172,0.001115069122042559,-0.009109830838126444,0.4476744186046512,0.4926231760235647,0.6222788691510281,False,12,58,0.0027484615776556583,0.5172413793103449,55,-0.0027761933243463017,0.34545454545454546,59,0.0031368093275650605,0.4745762711864407
feat_time_since_low_20:0:LONG:h12,PERP,feat_time_since_low_20,0,LONG,11402,0.00013109668908229053,-0.007013580140551962,0.4169443957200491,0.41208399586307576,0.6802778586384437,False,12,3637,-0.0008837823041292374,0.4006048941435249,3708,0.0005968374577435159,0.4064185544768069,4057,0.0006152347536902522,0.44121271875770274
feat_gap:2:LONG:h12,PERP,feat_gap,2,LONG,9986,0.00244197724195618,-0.006597514293820526,0.4326056479070699,6.396339839416844,1.5914558559870784e-10,True,12,3109,0.0037516365247665883,0.45287873914441945,3433,0.0023632089068388847,0.41392368191086515,3444,0.0013382260759283403,0.4329268292682927
feat_overnight_ret:2:LONG:h12,PERP,feat_overnight_ret,2,LONG,10009,0.002562733257299183,-0.006172459499263663,0.43720651413727646,6.598625767861244,4.1498582348253876e-11,True,12,3146,0.0034924111451978346,0.45390972663699936,3350,0.002543006254697908,0.41880597014925375,3513,0.0017489896829710047,0.43979504696840305
feat_vol_roc_20:0:LONG:h12,PERP,feat_vol_roc_20,0,LONG,10094,0.0027799273609234116,-0.005260332087614729,0.4416485040618189,7.4984666129153075,6.461498003318411e-14,True,12,3402,0.0030170159973194246,0.45267489711934156,3779,0.0028296075019684655,0.42286319132045513,2913,0.002438589635544593,0.45314109165808447
feat_ret_1:2:LONG:h12,PERP,feat_ret_1,2,LONG,9818,0.002229526530830556,-0.00801800751487058,0.4206559380729273,5.258709242711448,1.4507005241526372e-07,True,12,3243,0.002332191431593941,0.43077397471477025,3332,0.0021722904882588417,0.40036014405762305,3243,0.002185668442848223,0.43139068763490596
feat_mean_rev_strength:2:LONG:h12,PERP,feat_mean_rev_strength,2,LONG,10545,0.0005199329907426319,-0.005940465710634748,0.42664770033191085,1.54638436321155,0.12201176829875982,False,12,3475,0.0007315863581732186,0.42589928057553955,3550,0.00020845864875957082,0.4095774647887324,3520,0.0006251143720547277,0.4446022727272727
feat_ext_strength:0:LONG:h12,PERP,feat_ext_strength,0,LONG,11197,-0.00015166645125384344,-0.007093798738853008,0.41662945431812093,-0.45683745758970146,0.6477878802174235,False,12,3812,-0.0003952968299253117,0.40975865687303253,3672,-0.00021941022644094552,0.40223311546840956,3713,0.00016545559183333061,0.4379208187449502
feat_session_mom:1:LONG:h12,PERP,feat_session_mom,1,LONG,7317,0.0027078932297285156,-0.005958879739186557,0.43023096897635643,6.203822219385763,5.510805145547693e-10,True,12,2302,0.004115246363335726,0.4413553431798436,2529,0.0014461341304301926,0.4029260577303282,2486,0.0026882881808796256,0.4477071600965406
feat_atr_norm_ext:0:LONG:h12,PERP,feat_atr_norm_ext,0,LONG,10503,0.0007145009725283998,-0.0058529676184134235,0.4279729601066362,2.093326344669189,0.036320032473524,False,12,3510,0.0010255416624247522,0.4324786324786325,3590,0.0004610314230848755,0.4091922005571031,3403,0.0006610783633500437,0.44313840728768733
feat_ret_3:1:LONG:h12,PERP,feat_ret_3,1,LONG,10423,0.0025568012984970826,-0.005378398314014766,0.43720617864338485,6.960275007811893,3.395950187723429e-12,True,12,3773,0.003424104107188999,0.44738934534852903,3257,0.0010530153218767364,0.40620202640466685,3393,0.003035875105941194,0.4556439728853522
feat_vol_of_vol:0:LONG:h12,PERP,feat_vol_of_vol,0,LONG,10609,0.0010053096091075463,-0.009246218008707391,0.4028654915637666,2.792698968260721,0.005227031050675235,False,12,3221,0.0026098363644301583,0.41881403290903446,4074,0.0008264714769453627,0.4005891016200295,3314,-0.0003343385889809864,0.39016294508147253
feat_vol_trend:0:LONG:h12,PERP,feat_vol_trend,0,LONG,11736,-0.00018076093637973614,-0.007060811080719239,0.4199897750511247,-0.5732202914681961,0.5664955469550867,False,12,4022,-0.0010066447765517022,0.41049229239184487,3882,-0.00022707412876645923,0.3951571354971664,3832,0.0007329897468188298,0.4551148225469729
feat_stoch_d_14:0:LONG:h12,PERP,feat_stoch_d_14,0,LONG,10664,0.0005656914111605261,-0.006471291533008135,0.4223555888972243,1.6299710790740076,0.1031076095521779,False,12,3672,0.000992066766484396,0.4327342047930283,3658,9.766563381405638e-05,0.396664844177146,3334,0.0006095990262727447,0.4391121775644871
feat_bb_pos_20:0:LONG:h12,PERP,feat_bb_pos_20,0,LONG,10486,0.0007738763219477094,-0.005800151699947339,0.42914362006484835,2.3006720732932227,0.0214101737680763,False,12,3364,0.0011080893054217571,0.43252080856123665,3586,0.0004718419262932739,0.40964863357501397,3536,0.0007622255488736456,0.4457013574660634
feat_zscore_20:0:LONG:h12,PERP,feat_zscore_20,0,LONG,10486,0.0007738763219477094,-0.005800151699947339,0.42914362006484835,2.3006720732932227,0.0214101737680763,False,12,3364,0.0011080893054217571,0.43252080856123665,3586,0.0004718419262932739,0.40964863357501397,3536,0.0007622255488736456,0.4457013574660634
feat_ret_5:1:LONG:h12,PERP,feat_ret_5,1,LONG,10525,0.001967222764977522,-0.005939654120580389,0.4266983372921615,5.4200958811154925,5.956707926912941e-08,True,12,3915,0.001842713989881026,0.4286079182630907,3479,0.0018698378918229838,0.41103765449841906,3131,0.0022311173124727056,0.44171191312679653
feat_price_roc_5:1:LONG:h12,PERP,feat_price_roc_5,1,LONG,10525,0.001967222764977522,-0.005939654120580389,0.4266983372921615,5.4200958811154925,5.956707926912941e-08,True,12,3915,0.001842713989881026,0.4286079182630907,3479,0.0018698378918229838,0.41103765449841906,3131,0.0022311173124727056,0.44171191312679653
feat_intraday_mom:1:LONG:h12,PERP,feat_intraday_mom,1,LONG,10270,0.002801706934091488,-0.00547980441197334,0.4424537487828627,7.455913253124341,8.926193117986259e-14,True,12,3405,0.00459628146397458,0.46079295154185024,3425,0.0015251755432959594,0.414014598540146,3440,0.0022963562768888008,0.4526162790697674
feat_range_expansion:0:SHORT:h12,SPOT,feat_range_expansion,0,SHORT,18104,-0.0011849877547094377,-0.003497513155763619,0.27098983650022096,-11.130901865590838,0.0,False,12,6735,-0.001058485351996604,0.28329621380846326,4846,-0.0008747811913708035,0.2542302930251754,6523,-0.0015460570001808401,0.2707343246972252
feat_williams_r_14:2:LONG:h12,PERP,feat_williams_r_14,2,LONG,10794,0.0010643453487214343,-0.005854458687176349,0.42921993700203814,3.0675252510817144,0.002158392240652951,False,12,3761,0.0015575156761035512,0.4363201276256315,3643,0.000356029302204634,0.4062585780949767,3390,0.0012783812649977066,0.44601769911504424
feat_cci_20:0:LONG:h12,PERP,feat_cci_20,0,LONG,10080,-0.00039609290539573,-0.007027715642901257,0.4111111111111111,-1.1788444049881013,0.23846013877101058,False,12,3407,0.000578314727397047,0.43029057822130906,3323,-0.0013146199314961321,0.37917544387601565,3350,-0.00047595603888628415,0.42328358208955225
feat_gap:0:SHORT:h12,SPOT,feat_gap,0,SHORT,18158,-0.0011986360098172834,-0.0036288610038610032,0.2726071153210706,-10.937569953294355,0.0,False,12,6150,-0.0006243545590818026,0.28991869918699187,5867,-0.0017194913400576126,0.252428839270496,6141,-0.0012761433701011461,0.27454811919882754
feat_vol_of_vol:0:SHORT:h12,SPOT,feat_vol_of_vol,0,SHORT,10523,-0.0012605149183896815,-0.0035145814955113265,0.28851088092749216,-7.432869617462964,1.0613732115416497e-13,False,12,3650,-0.0012436135395214563,0.30904109589041096,3747,-0.0015551172284582694,0.26127568721643984,3126,-0.0009271224606296122,0.2971849008317338
feat_gap_fill_ratio:0:LONG:h12,PERP,feat_gap_fill_ratio,0,LONG,11129,0.002955686735281433,-0.006426941472705648,0.4348998113038009,7.716086376744053,1.199040866595169e-14,True,12,3765,0.0033468340412152048,0.447808764940239,3700,0.0028297718689792514,0.42,3664,0.0026809092785340027,0.4366812227074236
feat_range_expansion:2:LONG:h12,PERP,feat_range_expansion,2,LONG,9958,0.0018456991091777165,-0.008877815715319898,0.4094195621610765,4.508681153748335,6.523185686280186e-06,True,12,2620,0.004728894142051931,0.4385496183206107,4486,0.0003979179048477505,0.39233169861792244,2852,0.0014743020181867573,0.40953716690042075
feat_price_accel:1:LONG:h12,PERP,feat_price_accel,1,LONG,10582,0.0024830388315602125,-0.0054368820710401335,0.4346059346059346,6.886207141857616,5.730083074695358e-12,True,12,3764,0.003822060025574875,0.4574920297555792,3348,0.0015108234756160258,0.4050179211469534,3470,0.0019686011478224443,0.43832853025936597
feat_vol_breakout:0:SHORT:h12,SPOT,feat_vol_breakout,0,SHORT,21448,-0.0013898626773518046,-0.0031512784678321094,0.2774151436031332,-11.360147981734562,0.0,False,12,7145,-0.00089113448771325,0.29965010496850947,7206,-0.0018770541549478195,0.26158756591729115,7097,-0.0013972899180747281,0.271100464985205
feat_vol_sma_ratio:0:SHORT:h12,SPOT,feat_vol_sma_ratio,0,SHORT,16123,-0.001404204436884464,-0.0032815036309268002,0.2693667431619426,-10.816358663224545,0.0,False,12,6401,-0.0011794779891612407,0.28214341509139196,4142,-0.0016180401588940527,0.25374215354901014,5580,-0.001503266521349094,0.2663082437275986
feat_ext_vs_ma_50:1:SHORT:h12,SPOT,feat_ext_vs_ma_50,1,SHORT,10265,-0.0014372667499543013,-0.0032959922634040956,0.2886507549926936,-8.014813670663552,1.1102230246251565e-15,False,12,3665,-0.0008674699086518569,0.3096862210095498,3192,-0.0013288780018580666,0.275062656641604,3408,-0.0021515514645366485,0.27875586854460094
feat_rsi_divergence:0:SHORT:h12,SPOT,feat_rsi_divergence,0,SHORT,9538,-0.001451444036694531,-0.0037053744323297527,0.28748165233801637,-9.190092217905182,0.0,False,12,2996,-0.002090356619717996,0.29072096128170893,3301,-0.001089191908198274,0.2747652226598001,3241,-0.0012297878125130586,0.2974390620178957
feat_atr_ratio:1:SHORT:h12,SPOT,feat_atr_ratio,1,SHORT,9458,-0.0014528523129236212,-0.004135093167701843,0.28177204482977375,-9.43871663111732,0.0,False,12,3170,-0.00174329794295399,0.28801261829652997,3060,-0.0006042934110992266,0.2872549019607843,3228,-0.0019720213316306765,0.2704460966542751
feat_vol_breakout_strength:0:SHORT:h12,SPOT,feat_vol_breakout_strength,0,SHORT,18183,-0.0014632398586130206,-0.0030194349556704296,0.26799758015728975,-10.74715584201408,0.0,False,12,6997,-0.001303800506494917,0.2856938688009147,4975,-0.0015427641989670096,0.25487437185929646,6211,-0.001579157352335332,0.2585734986314603
feat_range_pos_50:2:SHORT:h12,SPOT,feat_range_pos_50,2,SHORT,8370,-0.0015072704835779312,-0.004419744853694608,0.3272401433691756,-7.479695843229213,7.460698725481052e-14,False,12,2746,-0.0008859617188082966,0.32811361981063364,2722,-0.003107702511131298,0.27590007347538575,2902,-0.0005940168271537933,0.37456926257753276
feat_squeeze:1:SHORT:h12,SPOT,feat_squeeze,1,SHORT,11206,-0.0015916375759623255,-0.003970525171382841,0.2760128502587899,-11.589230597930777,0.0,False,12,3594,-0.0014546012172594748,0.28130217028380633,3674,-0.001815989887823658,0.2640174197060425,3938,-0.0015073913289840402,0.2823768410360589
feat_overnight_ret:0:SHORT:h12,SPOT,feat_overnight_ret,0,SHORT,21505,-0.001614539152324804,-0.003368613138686107,0.2706347361078819,-13.014304950179282,0.0,False,12,7328,-0.0010881713938596963,0.29012008733624456,6970,-0.0021227795963921887,0.25380200860832136,7207,-0.0016582171097110447,0.26710142916608853
feat_hl_range:0:SHORT:h12,SPOT,feat_hl_range,0,SHORT,22152,-0.0016305117362823936,-0.003387243143261808,0.26534850126399423,-13.82392911874093,0.0,False,12,8165,-0.0014305226959875376,0.2823025107164728,6441,-0.001683708894620022,0.2505822077317187,7546,-0.001801498698534558,0.2596077391995759
feat_gap_fill_ratio:1:LONG:h12,PERP,feat_gap_fill_ratio,1,LONG,13871,0.00298470446489471,-0.005949026781794328,0.43918967630307837,8.779437047080636,0.0,True,12,4620,0.004081900840909666,0.4562770562770563,4648,0.002195452072565972,0.41630808950086057,4603,0.0026804241829817984,0.44514447099717575
feat_vol_roc_20:2:LONG:h12,PERP,feat_vol_roc_20,2,LONG,9821,0.0032209209182734637,-0.005358617979565923,0.4464922105691885,7.934930105719813,2.220446049250313e-15,True,12,3148,0.005176853560546713,0.4768106734434562,3010,0.0022551717430162508,0.42956810631229236,3663,0.0023335687642052193,0.43434343434343436
feat_ret_1:0:SHORT:h12,SPOT,feat_ret_1,0,SHORT,20740,-0.00165527479268621,-0.0033562152299504108,0.26600771456123434,-13.029188743562713,0.0,False,12,7005,-0.0009604270321512045,0.2897930049964311,6758,-0.0022597034089799437,0.2478543947913584,6977,-0.0017674548089732464,0.25971047728249963
feat_trend_strength_20:2:SHORT:h12,SPOT,feat_trend_strength_20,2,SHORT,10084,-0.0017157115406815466,-0.0039043118296212755,0.2947243157477192,-11.064882265753674,0.0,False,12,3149,-0.0001894494798092617,0.32772308669418865,3000,-0.0037827885221985427,0.22233333333333333,3935,-0.00136119268048735,0.3235069885641677
feat_vol_roc_20:1:LONG:h12,PERP,feat_vol_roc_20,1,LONG,9940,0.0029991884061925677,-0.006002481504214783,0.4364185110663984,7.424507883036366,1.1324274851176597e-13,True,12,3404,0.004057511237533822,0.45505287896592245,3163,0.0019502801288612387,0.40531141321530195,3373,0.0029147430943969447,0.44678327898013637
feat_buy_vol_ratio:0:LONG:h12,PERP,feat_buy_vol_ratio,0,LONG,10589,0.0031226413267626597,-0.004649764734838111,0.4506563414864482,8.39610049244506,0.0,True,12,3747,0.0034843262420162883,0.4598345342941019,3282,0.002873948664512658,0.4360146252285192,3560,0.002971230073967481,0.4544943820224719
feat_close_position:0:LONG:h12,PERP,feat_close_position,0,LONG,10589,0.0031226413267626597,-0.004649764734838111,0.4506563414864482,8.39610049244506,0.0,True,12,3747,0.0034843262420162883,0.4598345342941019,3282,0.002873948664512658,0.4360146252285192,3560,0.002971230073967481,0.4544943820224719
feat_donchian_width_20:2:SHORT:h12,SPOT,feat_donchian_width_20,2,SHORT,9575,-0.0018470744461056528,-0.004159935704239505,0.27655352480417755,-12.341110395735512,0.0,False,12,3874,-0.0014945158611702975,0.2803304078471864,3490,-0.0035861034423184104,0.22464183381088826,2211,0.000280197936862669,0.3518769787426504
feat_cci_20:0:SHORT:h12,SPOT,feat_cci_20,0,SHORT,10686,-0.0018541977055195928,-0.0037938864297173422,0.2768107804604155,-12.96457201887788,0.0,False,12,3306,-0.0016863636979283618,0.29310344827586204,3733,-0.0019835537038679226,0.27511384945084383,3647,-0.0018739326348484364,0.2637784480394845
feat_ret_3:0:SHORT:h12,SPOT,feat_ret_3,0,SHORT,16371,-0.0018779235442433772,-0.0030089136420211734,0.2631482499541873,-12.749592476953923,0.0,False,12,5385,-0.0014541311308435018,0.2865366759517177,5556,-0.0021387105072297008,0.2503599712023038,5430,-0.0020313654926423304,0.25303867403314917
feat_buy_vol_ratio:1:LONG:h12,PERP,feat_buy_vol_ratio,1,LONG,10186,0.002433404119192548,-0.005979271082258807,0.43697231494207733,6.323643216414262,2.5546720294755687e-10,True,12,3236,0.0039021576532522,0.4527194066749073,3410,0.0018165057567266964,0.4158357771260997,3540,0.0016850247349528631,0.4429378531073446
feat_close_position:1:LONG:h12,PERP,feat_close_position,1,LONG,10186,0.002433404119192548,-0.005979271082258807,0.43697231494207733,6.323643216414262,2.5546720294755687e-10,True,12,3236,0.0039021576532522,0.4527194066749073,3410,0.0018165057567266964,0.4158357771260997,3540,0.0016850247349528631,0.4429378531073446
feat_range_expansion:1:LONG:h12,PERP,feat_range_expansion,1,LONG,10075,0.0024887037855005393,-0.006730157556452978,0.43166253101736973,6.3577582484023605,2.0471935258115082e-10,True,12,3454,0.0023840094361834417,0.4351476548928778,3307,0.0028863894270905327,0.42757786513456303,3314,0.0022009753201424056,0.432106216053108
feat_vol_sma_ratio:1:LONG:h12,PERP,feat_vol_sma_ratio,1,LONG,9934,0.003023393575874063,-0.0061542551207825775,0.43507147171330784,7.554253420240656,4.218847493575595e-14,True,12,3206,0.004443021760529811,0.45009357454772303,3227,0.0031966311316645895,0.4205144096684227,3501,0.0015637061858305437,0.4347329334475864
feat_session_mom:0:SHORT:h12,SPOT,feat_session_mom,0,SHORT,24181,-0.0018943290036533024,-0.0035863905769374644,0.26529093089615813,-16.797036811456046,0.0,False,12,8317,-0.0014690183728254375,0.2821930984730071,7679,-0.002335785056552505,0.24534444589139212,8185,-0.0019123335835411924,0.2668295662797801
feat_stoch_k_14:0:SHORT:h12,SPOT,feat_stoch_k_14,0,SHORT,10502,-0.0019245905550022968,-0.003976549535211049,0.27956579699104933,-14.174296415177743,0.0,False,12,3514,-0.0018527379326438711,0.29766647694934545,3716,-0.0016971452323573985,0.27879440258342303,3272,-0.0022600663905511815,0.2610024449877751
feat_ret_sign_streak:0:SHORT:h12,SPOT,feat_ret_sign_streak,0,SHORT,21696,-0.0019326070177447408,-0.003582262213199674,0.2627673303834808,-15.817436053493134,0.0,False,12,7341,-0.001347086416171804,0.283885029287563,7125,-0.0024237410581907258,0.2472982456140351,7230,-0.0020431155513504513,0.2565698478561549
feat_macd_12_26:1:SHORT:h12,SPOT,feat_macd_12_26,1,SHORT,9077,-0.001943684463572535,-0.003489205756929686,0.2644045389445852,-10.37937937371275,0.0,False,12,3164,-0.002031373578899843,0.2774968394437421,3014,-0.0015459053280119127,0.2641008626410086,2899,-0.0022615381902659154,0.2504311831666092
feat_stoch_d_14:0:SHORT:h12,SPOT,feat_stoch_d_14,0,SHORT,10237,-0.0019448179462013707,-0.003994085833236061,0.28856110188531797,-14.260598015566917,0.0,False,12,3365,-0.0019719418856393865,0.3028231797919762,3626,-0.0017273030326867512,0.290126861555433,3246,-0.0021596783960458206,0.2720271102895872
feat_price_accel:0:SHORT:h12,SPOT,feat_price_accel,0,SHORT,17183,-0.001956369813428069,-0.0030478519035976306,0.2601408368736542,-13.775184280912722,0.0,False,12,5760,-0.0014187991668322224,0.2809027777777778,5691,-0.002455522158998753,0.24582674398172552,5732,-0.002000984420153352,0.2534891835310537
feat_ret_5:0:SHORT:h12,SPOT,feat_ret_5,0,SHORT,15333,-0.0019782540270529354,-0.0031799874134676347,0.2655057718646058,-12.94069649225519,0.0,False,12,5088,-0.0017377745530752226,0.28360849056603776,5249,-0.0018673326119867952,0.261954658030101,4996,-0.002339700398406172,0.2508006405124099
feat_price_roc_5:0:SHORT:h12,SPOT,feat_price_roc_5,0,SHORT,15333,-0.0019782540270529354,-0.0031799874134676347,0.2655057718646058,-12.94069649225519,0.0,False,12,5088,-0.0017377745530752226,0.28360849056603776,5249,-0.0018673326119867952,0.261954658030101,4996,-0.002339700398406172,0.2508006405124099
feat_kc_width:1:SHORT:h12,SPOT,feat_kc_width,1,SHORT,10475,-0.0019841034957019527,-0.0042123893805309925,0.2690214797136038,-14.13743157604879,0.0,False,12,3371,-0.0013121405762761584,0.3008009492732127,3385,-0.0021622905080754093,0.25583456425406204,3719,-0.00243100426593594,0.2522183382629739
feat_range_pos_20:1:SHORT:h12,SPOT,feat_range_pos_20,1,SHORT,9221,-0.0019853308783665904,-0.0043532441988432535,0.27090337273614573,-11.795852174671321,0.0,False,12,3245,-0.0013019559387594019,0.3041602465331279,2817,-0.0021329337669284162,0.24600638977635783,3159,-0.0025556867954120675,0.2589427033871478
feat_trend_neutral:0:SHORT:h12,SPOT,feat_trend_neutral,0,SHORT,13409,-0.0020064974812068212,-0.005130306494729207,0.2953986128719517,-12.970590563945374,0.0,False,12,4477,-0.000976972525670741,0.31226267589903955,3860,-0.003805825572433579,0.24041450777202072,5072,-0.001545885650331377,0.32235804416403785
feat_atr_percent:1:SHORT:h12,SPOT,feat_atr_percent,1,SHORT,10517,-0.0020234748020843242,-0.004259964388440026,0.2695635637539222,-14.465480419052113,0.0,False,12,3358,-0.0013854642094573934,0.2998808814770697,3439,-0.002233555833327796,0.2558883396336144,3720,-0.0024051874105775863,0.25483870967741934
feat_asia_vol:2:SHORT:h12,SPOT,feat_asia_vol,2,SHORT,9732,-0.002025670724239797,-0.004559010842385368,0.27969584874640363,-12.259718680701189,0.0,False,12,9732,-0.002025670724239797,0.27969584874640363,0,0.0,0.0,0,0.0,0.0
feat_donchian_break:0:SHORT:h12,SPOT,feat_donchian_break,0,SHORT,10774,-0.0020277481238635923,-0.00384400765703164,0.27204380917022464,-16.045406162031153,0.0,False,12,3892,-0.0019637059822869537,0.2852004110996917,3880,-0.0023291675161639714,0.25592783505154637,3002,-0.0017212007464121606,0.27581612258494337
feat_bb_squeeze_20:2:SHORT:h12,SPOT,feat_bb_squeeze_20,2,SHORT,10347,-0.002036013625975041,-0.0038427518427518103,0.2683869720691988,-14.737580754880984,0.0,False,12,4075,-0.0016558659491962358,0.27705521472392636,3358,-0.003642066421794936,0.21530673019654556,2914,-0.0007168566234048355,0.317433081674674
feat_session_mom:2:LONG:h12,PERP,feat_session_mom,2,LONG,11380,0.0019989346528307412,-0.007491183532040635,0.421792618629174,5.261342805964717,1.4300712147807815e-07,True,12,3953,0.002363033149160264,0.43789526941563367,3719,0.00198870312694896,0.4027964506587792,3708,0.0016210408256364956,0.4236785329018339
feat_atr_norm_ext:0:SHORT:h12,SPOT,feat_atr_norm_ext,0,SHORT,10169,-0.002061591553069424,-0.004097550061528104,0.27455993706362475,-15.343847261829016,0.0,False,12,3269,-0.001843727316958145,0.29489140409911285,3694,-0.002193462537811417,0.2661072008662696,3206,-0.0021317932905026257,0.26356830941983783
feat_mean_rev_strength:2:SHORT:h12,SPOT,feat_mean_rev_strength,2,SHORT,10361,-0.0020674489679216737,-0.004071017220154798,0.2763246790850304,-15.478614902265837,0.0,False,12,3176,-0.0017784020616740386,0.3000629722921914,3707,-0.002170431591379587,0.2702994335041813,3478,-0.002221634243679006,0.2610695802185164
feat_macd_12_26:2:SHORT:h12,SPOT,feat_macd_12_26,2,SHORT,9786,-0.0020688284181529775,-0.004756274923762653,0.3036991620682608,-10.390617460755772,0.0,False,12,3258,-0.0014236276156217498,0.30847145488029465,3237,-0.0032170969755099523,0.26073524868705594,3291,-0.0015781322450998663,0.3412336675782437
feat_williams_r_14:2:SHORT:h12,SPOT,feat_williams_r_14,2,SHORT,9470,-0.0020695066371338687,-0.0046204759707298,0.2894403379091869,-13.98196214636853,0.0,False,12,3146,-0.002044840333849571,0.3102352193261284,3419,-0.0017462170077375857,0.285463585843814,2905,-0.002476710572775277,0.2716006884681583
feat_bb_pos_20:0:SHORT:h12,SPOT,feat_bb_pos_20,0,SHORT,10188,-0.00207502659366542,-0.004136181575433771,0.27453867294856693,-15.493855773477243,0.0,False,12,3055,-0.0018436989051913023,0.29819967266775776,3719,-0.0020979002417924135,0.269158375907502,3414,-0.002257111828259485,0.2592267135325132
feat_zscore_20:0:SHORT:h12,SPOT,feat_zscore_20,0,SHORT,10188,-0.00207502659366542,-0.004136181575433771,0.27453867294856693,-15.493855773477243,0.0,False,12,3055,-0.0018436989051913023,0.29819967266775776,3719,-0.0020979002417924135,0.269158375907502,3414,-0.002257111828259485,0.2592267135325132
feat_vol_breakout:1:LONG:h12,PERP,feat_vol_breakout,1,LONG,9644,0.0026985405448569743,-0.005630994239944266,0.42793446702613025,7.017315225994684,2.261746345766369e-12,True,12,3950,0.0027303719098553288,0.44126582278481014,2756,0.0019463965490040243,0.38969521044992744,2938,0.0033612958072215863,0.44588155207624236
feat_stoch_k_14:1:SHORT:h12,SPOT,feat_stoch_k_14,1,SHORT,8984,-0.0020961116456246877,-0.0044927298668533,0.26947907390917186,-13.282852040499634,0.0,False,12,3006,-0.0012752745488034355,0.3070525615435795,2777,-0.0026563907032623483,0.22902412675549152,3201,-0.002380879333842401,0.26929084661043423
feat_hour_utc:0:SHORT:h12,SPOT,feat_hour_utc,0,SHORT,10560,-0.002106917738047213,-0.0043235137760994635,0.2830492424242424,-12.481587381188746,0.0,False,12,10560,-0.002106917738047213,0.2830492424242424,0,0.0,0.0,0,0.0,0.0
feat_vol_regime:1:SHORT:h12,SPOT,feat_vol_regime,1,SHORT,9476,-0.0021276960945040557,-0.004414262788209164,0.2686787674124103,-12.841920665595655,0.0,False,12,3291,-0.002503353220040184,0.265572774232756,3073,-0.0022984840329287257,0.26944354051415553,3112,-0.0015617838403528955,0.2712082262210797
feat_vol_contraction:1:SHORT:h12,SPOT,feat_vol_contraction,1,SHORT,9476,-0.0021276960945040557,-0.004414262788209164,0.2686787674124103,-12.841920665595655,0.0,False,12,3291,-0.002503353220040184,0.265572774232756,3073,-0.0022984840329287257,0.26944354051415553,3112,-0.0015617838403528955,0.2712082262210797
feat_donchian_break:1:SHORT:h12,SPOT,feat_donchian_break,1,SHORT,8581,-0.0021450991233772404,-0.00479680103765377,0.27141358815988814,-12.784265295893217,0.0,False,12,2702,-0.001490826315296045,0.3012583271650629,2587,-0.0020975950336425755,0.258987243911867,3292,-0.0027194424428119202,0.2566828675577157
feat_ret_20:1:SHORT:h12,SPOT,feat_ret_20,1,SHORT,9767,-0.0021754278024067176,-0.0034715404084996186,0.2767482338486741,-12.547584146805784,0.0,False,12,3265,-0.0015559179607512012,0.30505359877488514,3220,-0.0018418780986250423,0.26645962732919254,3282,-0.003118977369494547,0.2586837294332724
feat_ret_1:1:LONG:h12,PERP,feat_ret_1,1,LONG,10352,0.002208666300985465,-0.005576463646751208,0.43102782071097373,6.272852300788163,3.5449310153978786e-10,True,12,3675,0.00358977111856958,0.4555102040816327,3276,0.0009953985943195278,0.40201465201465203,3401,0.0018849688009607627,0.432519847103793
feat_vwap_lower_dist:0:SHORT:h12,SPOT,feat_vwap_lower_dist,0,SHORT,9996,-0.0021831419061998803,-0.004306541455761623,0.27040816326530615,-14.622908207503727,0.0,False,12,3197,-0.0026134781462675387,0.2718173287456991,3652,-0.001821986258567625,0.27519167579408543,3147,-0.002165078819341507,0.26342548458849696
feat_ema_cross_10_20:1:SHORT:h12,SPOT,feat_ema_cross_10_20,1,SHORT,9686,-0.0021849370124796155,-0.0035911525062804284,0.26471195539954573,-11.745331190669603,0.0,False,12,3498,-0.002048772569313797,0.2864493996569468,3124,-0.0016925840720963133,0.26248399487836105,3064,-0.0028423827722548994,0.24216710182767623
feat_keltner_pos:2:SHORT:h12,SPOT,feat_keltner_pos,2,SHORT,8786,-0.0021979831314033926,-0.004845027904113135,0.2793079899840656,-12.979903551312143,0.0,False,12,2745,-0.0017487531687565099,0.2641165755919854,3118,-0.0039662912536234905,0.23155869146889033,2923,-0.0007335806416269402,0.34450906602805337
feat_asia_range:0:SHORT:h12,SPOT,feat_asia_range,0,SHORT,27848,-0.002210316181154804,-0.003893939393939297,0.26763142775064636,-21.457992543683247,0.0,False,12,6853,-0.0008445864567977367,0.2819203268641471,10435,-0.0029580890195449643,0.2490656444657403,10560,-0.002357696506194356,0.2767045454545455
feat_gap:1:LONG:h12,PERP,feat_gap,1,LONG,8654,0.00385872580632831,-0.005819930022412144,0.44314767737462446,8.06904494979971,6.661338147750939e-16,True,12,2984,0.004646588684934538,0.45911528150134046,2800,0.0018905186207383191,0.40464285714285714,2870,0.004959770158206703,0.4641114982578397
feat_ret_10:0:SHORT:h12,SPOT,feat_ret_10,0,SHORT,12687,-0.002234845301548524,-0.0036611789206866794,0.26554741073539845,-14.609247303174662,0.0,False,12,4204,-0.001998876807201317,0.29019980970504283,4462,-0.0024704925053406408,0.25885253249663825,4021,-0.002220061349028064,0.2472021885103208
feat_intraday_mom:2:LONG:h12,PERP,feat_intraday_mom,2,LONG,9844,0.0017254031869917061,-0.008002125663289072,0.4111133685493702,4.210900207084225,2.5435509383164856e-05,True,12,3361,0.001718094846056186,0.4245760190419518,3265,0.001977063737776017,0.3957120980091884,3218,0.0014777001526764496,0.4126786824114357
feat_buy_vol_ratio:2:LONG:h12,PERP,feat_buy_vol_ratio,2,LONG,9880,0.0020255016361860004,-0.007719776456848457,0.41700404858299595,4.969247201610821,6.721333649650774e-07,True,12,3289,0.0027563768112392004,0.43934326543022195,3426,0.0013611460150310378,0.3922942206654991,3165,0.0019851332024820294,0.42053712480252764
feat_close_position:2:LONG:h12,PERP,feat_close_position,2,LONG,9880,0.0020255016361860004,-0.007719776456848457,0.41700404858299595,4.969247201610821,6.721333649650774e-07,True,12,3289,0.0027563768112392004,0.43934326543022195,3426,0.0013611460150310378,0.3922942206654991,3165,0.0019851332024820294,0.42053712480252764
feat_bb_width_20:1:SHORT:h12,SPOT,feat_bb_width_20,1,SHORT,10145,-0.0022440921090364848,-0.004310587709164021,0.2625924100542139,-13.991220467084078,0.0,False,12,3364,-0.0025104406244514923,0.2615933412604043,3448,-0.002132239612551483,0.25638051044083526,3333,-0.002090978098242666,0.27002700270027
feat_realized_vol_20:0:SHORT:h12,SPOT,feat_realized_vol_20,0,SHORT,12515,-0.0022530206495581673,-0.003700680272108908,0.2668797443068318,-14.50299673344454,0.0,False,12,4002,-0.0017531442157708507,0.30359820089955025,4605,-0.0028358088722988976,0.24191096634093376,3908,-0.0020781909981497184,0.25870010235414537
feat_ret_sign_streak:1:LONG:h12,PERP,feat_ret_sign_streak,1,LONG,8034,0.002248466870471543,-0.005845739159259978,0.43315907393577296,5.2171528371189995,1.8169433269044077e-07,True,12,2658,0.0019924539440884462,0.4345372460496614,2666,0.002562289706835302,0.42085521380345087,2710,0.0021908398138591784,0.4439114391143911
feat_ext_strength:0:SHORT:h12,SPOT,feat_ext_strength,0,SHORT,12798,-0.0022561464343468776,-0.003915392240743609,0.2721518987341772,-15.963090938042642,0.0,False,12,4105,-0.0022872525689279625,0.2913520097442144,4383,-0.0026147913326749054,0.2562172028291125,4310,-0.00186180043160277,0.2700696055684455
feat_ema_cross_10_20:2:SHORT:h12,SPOT,feat_ema_cross_10_20,2,SHORT,9618,-0.0022569880255529245,-0.0049236413666591036,0.29372010813058846,-11.578753856575041,0.0,False,12,3163,-0.001946421946734003,0.2858046158710085,3175,-0.003506881678614329,0.2522834645669291,3280,-0.0013465941715389887,0.34146341463414637
feat_time_since_high_20:2:SHORT:h12,SPOT,feat_time_since_high_20,2,SHORT,8124,-0.0022595834162865707,-0.0034098093663405505,0.2604628261939931,-14.368001015817272,0.0,False,12,2767,-0.000947323824052341,0.2967112396096856,2697,-0.0037270780072993477,0.22728958101594365,2660,-0.002136722280854487,0.256390977443609
feat_ret_vol:1:SHORT:h12,SPOT,feat_ret_vol,1,SHORT,7785,-0.0022687363385510187,-0.0035627382222899236,0.2738599871547848,-11.289027864973958,0.0,False,12,2526,-0.0015847763035641664,0.30245447347585114,2602,-0.001527153239992758,0.27632590315142197,2657,-0.003645206895880858,0.2442604441098984
feat_keltner_pos:0:SHORT:h12,SPOT,feat_keltner_pos,0,SHORT,10614,-0.002279223408966457,-0.004261263013064558,0.2659694742792538,-17.811291148566337,0.0,False,12,3417,-0.001912027608444325,0.2932396839332748,3881,-0.002431286215230486,0.25586189126513786,3316,-0.0024796312193625463,0.24969843184559712
feat_ret_autocorr:0:SHORT:h12,SPOT,feat_ret_autocorr,0,SHORT,9040,-0.0023107363427584005,-0.0049034886081985585,0.2745575221238938,-14.037525544109117,0.0,False,12,2905,-0.0021668791024975534,0.2740103270223752,3064,-0.00203318669338411,0.2695822454308094,3071,-0.002723734522061749,0.2800390752197981
feat_ext_vs_ma_20:0:SHORT:h12,SPOT,feat_ext_vs_ma_20,0,SHORT,11429,-0.002312464231428877,-0.004294580419580486,0.25864030098871293,-15.991165203241508,0.0,False,12,3554,-0.002400849500675497,0.2718064153066967,4126,-0.0024663830532793605,0.2573921473582162,3749,-0.0020592793005519538,0.24753267538010135
feat_williams_r_14:1:SHORT:h12,SPOT,feat_williams_r_14,1,SHORT,9006,-0.0023165925668761807,-0.004117740768596099,0.2621585609593604,-15.299135413676012,0.0,False,12,3058,-0.0015496339433295372,0.2949640287769784,2761,-0.002753582958249031,0.22962694675842085,3187,-0.002673928305886284,0.2588641355506746
feat_vwap_dist:0:SHORT:h12,SPOT,feat_vwap_dist,0,SHORT,10305,-0.0023328940018236015,-0.004294580419580486,0.26443474041727316,-16.23507917697321,0.0,False,12,3422,-0.0025279521994570667,0.27206312098188196,3590,-0.002076861611090664,0.26573816155988855,3293,-0.002409318882002626,0.2550865472213787
feat_ext_strength:2:SHORT:h12,SPOT,feat_ext_strength,2,SHORT,9732,-0.0023411838976936444,-0.005214696996145969,0.2739416358405261,-13.188278746153497,0.0,False,12,3192,-0.0015070192239222012,0.26378446115288223,3043,-0.004187153880054373,0.21853434111074596,3497,-0.001496278831166549,0.33142693737489276
feat_vwap_upper_dist:0:SHORT:h12,SPOT,feat_vwap_upper_dist,0,SHORT,10746,-0.002350951563629933,-0.004198827292110853,0.26409826912339474,-17.268173948441305,0.0,False,12,3678,-0.0024927698906852466,0.27487765089722677,3588,-0.0020190429036305462,0.26672240802675584,3480,-0.00254327353637946,0.25
feat_hour_utc:2:SHORT:h12,SPOT,feat_hour_utc,2,SHORT,10560,-0.002357696506194356,-0.003608942332119631,0.2767045454545455,-15.124126717472405,0.0,False,12,0,0.0,0.0,0,0.0,0.0,10560,-0.002357696506194356,0.2767045454545455
feat_range_pos_20:0:SHORT:h12,SPOT,feat_range_pos_20,0,SHORT,10952,-0.0023597063565646594,-0.004043688019297742,0.272826880934989,-16.992056800933604,0.0,False,12,3537,-0.0022347880869786423,0.2858354537743851,3968,-0.0025138667150630067,0.27142137096774194,3447,-0.002310425131442611,0.26109660574412535
feat_vol_trend:0:SHORT:h12,SPOT,feat_vol_trend,0,SHORT,13390,-0.0023793044014205657,-0.003919295932807711,0.2666168782673637,-17.66371313512545,0.0,False,12,4269,-0.0023005211650083093,0.2822675099554931,4549,-0.002833411683395019,0.2574192130138492,4572,-0.0020010435988269816,0.26115485564304464
feat_rsi_7:1:SHORT:h12,SPOT,feat_rsi_7,1,SHORT,9432,-0.0023811517107910755,-0.004127895378477305,0.27555131467345206,-12.344657827315437,0.0,False,12,3234,-0.0013884041812446543,0.3051948051948052,2873,-0.002893804705399573,0.23947093630351549,3325,-0.002903766284337816,0.27789473684210525
feat_vol_breakout_strength:1:LONG:h12,PERP,feat_vol_breakout_strength,1,LONG,10599,0.0023385753823933243,-0.006074209589087148,0.43513539013114444,6.320359767174823,2.60955035358279e-10,True,12,3631,0.0025490677008006093,0.4414761773616084,3328,0.003173176430875617,0.42728365384615385,3640,0.001365539696270817,0.435989010989011
feat_vol_trend:2:SHORT:h12,SPOT,feat_vol_trend,2,SHORT,10270,-0.0024144605423987576,-0.005311928219563595,0.2780915287244401,-13.641426695978323,0.0,False,12,3618,-0.001997608343754615,0.2697622996130459,3090,-0.003851664235880471,0.22653721682847897,3562,-0.0015911062026559178,0.3312745648512072
feat_trend_slope_20:2:SHORT:h12,SPOT,feat_trend_slope_20,2,SHORT,9198,-0.002420885900409615,-0.005285641156202468,0.2807131985214177,-12.82868195820215,0.0,False,12,3151,-0.0016214606011456724,0.28118057759441445,2752,-0.003931198243638751,0.22674418604651161,3295,-0.001923954048941968,0.3253414264036419
feat_ext_vs_ma_10:0:SHORT:h12,SPOT,feat_ext_vs_ma_10,0,SHORT,13051,-0.0024377102581960427,-0.0038304588350147133,0.25806451612903225,-15.017029582244911,0.0,False,12,4234,-0.002746541410822843,0.27113840340103923,4649,-0.002183253204294203,0.2613465261346526,4168,-0.0024078109643783305,0.2411228406909789
feat_hl_range:1:LONG:h12,PERP,feat_hl_range,1,LONG,10929,0.0024710805602726283,-0.006626599167576814,0.43956446152438466,6.820539563701373,9.070078021977679e-12,True,12,3704,0.0035537870094244804,0.4430345572354212,3514,0.0019402954781756329,0.42401821286283436,3711,0.0018930245351662925,0.45082188089463754
feat_squeeze:2:SHORT:h12,SPOT,feat_squeeze,2,SHORT,10189,-0.0024463505714123024,-0.005041149943630214,0.2895279222691137,-15.071212863207498,0.0,False,12,3297,-0.001753893519345305,0.30846223839854414,2718,-0.003391105686799718,0.24429727740986018,4174,-0.002378115424560816,0.30402491614758026
feat_rsi_14:0:SHORT:h12,SPOT,feat_rsi_14,0,SHORT,12118,-0.002447354407946282,-0.003989851868851295,0.2662980689882819,-18.11297605386322,0.0,False,12,3970,-0.0018560310887074016,0.29521410579345087,4231,-0.003001829210570141,0.25407705034270855,3917,-0.0024477554004090868,0.25019147306612205
feat_donchian_width_20:1:SHORT:h12,SPOT,feat_donchian_width_20,1,SHORT,9525,-0.0024478811034338017,-0.0042972633693195705,0.2649868766404199,-16.75968534790603,0.0,False,12,3097,-0.0025647211850450117,0.27058443655150144,3044,-0.0027876109170854742,0.240473061760841,3384,-0.0020353541278115756,0.28191489361702127
feat_ext_vs_ma_10:1:SHORT:h12,SPOT,feat_ext_vs_ma_10,1,SHORT,8997,-0.0024542710739131933,-0.004162178740109216,0.2794264754918306,-14.808242144855893,0.0,False,12,3695,-0.0012366762719330713,0.31502029769959405,2611,-0.003324164649045816,0.24052087322864804,2691,-0.0032821122737070525,0.26830174656261613
feat_bb_pos_20:1:SHORT:h12,SPOT,feat_bb_pos_20,1,SHORT,9497,-0.0024544269262528383,-0.004032099404607818,0.272507107507634,-13.647956208967745,0.0,False,12,3949,-0.001728003689123277,0.29526462395543174,2684,-0.0029547219518935796,0.25149031296572283,2864,-0.002987197008167953,0.2608240223463687
feat_zscore_20:1:SHORT:h12,SPOT,feat_zscore_20,1,SHORT,9497,-0.0024544269262528383,-0.004032099404607818,0.272507107507634,-13.647956208967745,0.0,False,12,3949,-0.001728003689123277,0.29526462395543174,2684,-0.0029547219518935796,0.25149031296572283,2864,-0.002987197008167953,0.2608240223463687
feat_intraday_mom:0:LONG:h12,PERP,feat_intraday_mom,0,LONG,10541,0.003045807831025221,-0.0045881538354480295,0.45081111848970684,8.04528164240438,8.881784197001252e-16,True,12,3506,0.0038003481929539643,0.46691386195094126,3428,0.002511969386008622,0.43261376896149356,3607,0.0028197417596625184,0.45245356251732743
feat_stoch_d_14:1:SHORT:h12,SPOT,feat_stoch_d_14,1,SHORT,8407,-0.0024636722759072706,-0.005027273756082767,0.2589508742714405,-15.105817592500966,0.0,False,12,2889,-0.0014840597380147012,0.29387331256490135,2685,-0.0030212260837209487,0.22495344506517692,2833,-0.0029342224516897995,0.2555594775855983
feat_atr_ratio:2:SHORT:h12,SPOT,feat_atr_ratio,2,SHORT,9560,-0.0024685736180714794,-0.004671358528502263,0.2920502092050209,-15.546798864231768,0.0,False,12,2697,-0.0017778925766032058,0.3092324805339266,2354,-0.0037236862432679374,0.2463891248937978,4509,-0.0022264426908431526,0.3056110002217787
feat_atr_norm_ext:1:SHORT:h12,SPOT,feat_atr_norm_ext,1,SHORT,8674,-0.0024728715175027583,-0.004757953308334326,0.2687341480285912,-15.514626750211352,0.0,False,12,3107,-0.0019108290402420295,0.29771483746379146,2446,-0.0019171832252395193,0.25633687653311527,3121,-0.0034678986048865983,0.24959948734380005
feat_ret_vol:0:SHORT:h12,SPOT,feat_ret_vol,0,SHORT,13370,-0.0024750469601386737,-0.004198827292110853,0.2593866866118175,-18.15839892129615,0.0,False,12,4397,-0.0022690837451676774,0.27905390038662725,4519,-0.002920546225735288,0.2462934277495021,4454,-0.002226373649630449,0.25325550067355185
feat_rsi_7:2:SHORT:h12,SPOT,feat_rsi_7,2,SHORT,9945,-0.002491983489073001,-0.004505473669954614,0.26827551533433885,-14.509047702110935,0.0,False,12,3285,-0.0022872658710709104,0.26423135464231357,3388,-0.0035072946063225254,0.24321133412042503,3272,-0.001646208217036167,0.2982885085574572
feat_close_pos_ma:1:LONG:h12,PERP,feat_close_pos_ma,1,LONG,10506,0.0017233407697433505,-0.007404953131782915,0.4270892823148677,4.597733052765025,4.271127479693604e-06,True,12,3553,0.0020344745529630127,0.4390655783844638,3388,0.0014675346444656533,0.40112160566706023,3565,0.0016563597937717873,0.43983169705469843
feat_rsi_21:2:SHORT:h12,SPOT,feat_rsi_21,2,SHORT,9323,-0.002515608852953082,-0.0049172560113153446,0.27598412528156174,-12.963685634887568,0.0,False,12,3046,-0.001908104351756712,0.273145108338805,3127,-0.004105333673496268,0.23632874960025585,3150,-0.0015249387567008903,0.3180952380952381
feat_bb_width_20:0:SHORT:h12,SPOT,feat_bb_width_20,0,SHORT,11847,-0.002524507316864695,-0.003734820322180983,0.25981261078754114,-15.386321404977771,0.0,False,12,3822,-0.002381829699866765,0.2838827838827839,4395,-0.0026362249320269694,0.25073947667804325,3630,-0.002539470108470174,0.24545454545454545
feat_bb_squeeze_20:0:SHORT:h12,SPOT,feat_bb_squeeze_20,0,SHORT,8297,-0.002527602885913132,-0.005285910181693557,0.2792575629745691,-15.042273762942628,0.0,False,12,2193,-0.0020539441094442235,0.31007751937984496,2758,-0.001819175537896613,0.28535170413343003,3346,-0.0034219771604576247,0.25403466826060966
feat_adx_14:1:SHORT:h12,SPOT,feat_adx_14,1,SHORT,7894,-0.0025345748686017716,-0.005183747225919431,0.27843932100329366,-15.141355481250086,0.0,False,12,2510,-0.002354961983852012,0.28844621513944224,2738,-0.0029877457801895722,0.24543462381300218,2646,-0.0022360285287659812,0.30309901738473166
feat_rsi_21:0:SHORT:h12,SPOT,feat_rsi_21,0,SHORT,12263,-0.002554353013647495,-0.004003697596562132,0.2615183886487809,-19.324559551820432,0.0,False,12,4024,-0.0017321016855772337,0.29945328031809143,4274,-0.00321187217232526,0.2466073935423491,3965,-0.0026800787286452164,0.2390920554854981
feat_trend_slope_20:0:SHORT:h12,SPOT,feat_trend_slope_20,0,SHORT,11095,-0.0025363319226610614,-0.004230320699708419,0.2591257323118522,-18.693364754298763,0.0,False,12,3399,-0.002389869945991849,0.2712562518387761,3876,-0.0028825530000410955,0.2530959752321981,3820,-0.0023153558396175125,0.2544502617801047
feat_rsi_21:1:SHORT:h12,SPOT,feat_rsi_21,1,SHORT,9634,-0.0025753484796845593,-0.004192644388966389,0.2678015362258667,-14.280634768341976,0.0,False,12,3414,-0.0027673731264716023,0.27240773286467485,2933,-0.0018653660753450508,0.25877940675076716,3287,-0.0030094240038089316,0.2710678430179495
feat_ret_autocorr:2:SHORT:h12,SPOT,feat_ret_autocorr,2,SHORT,10103,-0.0025918628325574664,-0.004397188964081208,0.26368405424131447,-17.253124028470722,0.0,False,12,3481,-0.0021474030160955797,0.27377190462510775,3184,-0.003253903049354714,0.23492462311557788,3438,-0.0024287530509464685,0.2801047120418848
feat_ret_autocorr:1:SHORT:h12,SPOT,feat_ret_autocorr,1,SHORT,9195,-0.0026009852215887527,-0.004296781819158606,0.27123436650353455,-15.596935681508926,0.0,False,12,3097,-0.002010570602187532,0.2883435582822086,3149,-0.003889754390607863,0.24515719275960624,2949,-0.0018448577082094376,0.2811122414377755
feat_rsi_14:1:SHORT:h12,SPOT,feat_rsi_14,1,SHORT,9438,-0.0026055174185857333,-0.004262655850983902,0.26785335876244964,-14.356900372798899,0.0,False,12,3391,-0.0023454736831504705,0.2901798879386612,2864,-0.00201396604285667,0.25,3183,-0.0034148204179413762,0.26013195098963243
feat_ret_10:2:SHORT:h12,SPOT,feat_ret_10,2,SHORT,9048,-0.0026129170487726168,-0.005311928219563595,0.26591511936339524,-15.167379961276517,0.0,False,12,2611,-0.0022667759031007014,0.2401378782075833,2976,-0.003844000140714567,0.22849462365591397,3461,-0.0018154802529708632,0.3175382837330251
feat_ext_vs_ma_20:2:SHORT:h12,SPOT,feat_ext_vs_ma_20,2,SHORT,9106,-0.00261557004672885,-0.00556548425295948,0.27234790248188007,-14.431888301560726,0.0,False,12,2843,-0.0019237815599911815,0.25360534646500177,2931,-0.004230070803456304,0.22893210508358922,3332,-0.0017856339572411644,0.32653061224489793
feat_ret_vol:2:SHORT:h12,SPOT,feat_ret_vol,2,SHORT,10400,-0.0026212014505258585,-0.00527746992836871,0.2798076923076923,-14.8814889935944,0.0,False,12,3637,-0.002273507050721255,0.2744019796535606,3314,-0.004132787505851775,0.23144236572118287,3449,-0.00153542828286545,0.33198028414033054
feat_rsi_14:2:SHORT:h12,SPOT,feat_rsi_14,2,SHORT,9664,-0.002622107355506691,-0.004782145881214405,0.269557119205298,-13.940633619453257,0.0,False,12,3123,-0.002211953317405108,0.25968619916746716,3239,-0.004188731282452689,0.234949058351343,3302,-0.0014732933523610684,0.31284070260448216
feat_keltner_pos:1:SHORT:h12,SPOT,feat_keltner_pos,1,SHORT,8410,-0.002648524994416093,-0.004738055382849508,0.26444708680142687,-16.420752802441548,0.0,False,12,3105,-0.0023102814802015534,0.2821256038647343,2188,-0.0018723292625996875,0.25594149908592323,3117,-0.0035303223549712553,0.25280718639717675
feat_adx_14:0:SHORT:h12,SPOT,feat_adx_14,0,SHORT,7756,-0.002657967673739498,-0.0055407643821466426,0.27114492006188756,-15.69962282468016,0.0,False,12,2730,-0.00282968282415402,0.24432234432234431,2402,-0.001681095084900397,0.29766860949208995,2624,-0.0033735414533735976,0.27477134146341464
feat_range_pos_50:1:SHORT:h12,SPOT,feat_range_pos_50,1,SHORT,9976,-0.0026610722792654077,-0.0038485608601426064,0.25511226944667204,-14.89097112208749,0.0,False,12,3449,-0.0025080038606128696,0.2684836184401276,3321,-0.0021573180472616534,0.2523336344474556,3206,-0.003347566596301301,0.243605739238927
feat_realized_vol_20:1:SHORT:h12,SPOT,feat_realized_vol_20,1,SHORT,10189,-0.0026690796471207853,-0.004386103334181726,0.25321425066247916,-17.024342799830322,0.0,False,12,3457,-0.0030553369364848468,0.2519525600231414,3231,-0.0030598796901952522,0.24079232435778397,3501,-0.001927015554431507,0.2659240217080834
feat_vwap_lower_dist:2:SHORT:h12,SPOT,feat_vwap_lower_dist,2,SHORT,8860,-0.0026848371559929514,-0.0053677421771659885,0.2801354401805869,-15.320646257699986,0.0,False,12,3135,-0.00222137307485942,0.256140350877193,2471,-0.004353790026235906,0.24484014569000404,3254,-0.0018639943016546838,0.33005531653349723
feat_time_since_high_20:0:SHORT:h12,SPOT,feat_time_since_high_20,0,SHORT,11581,-0.002686245408263054,-0.004607731925158096,0.27001122528279076,-14.22411187759664,0.0,False,12,3601,-0.002344196124982211,0.27297972785337404,4020,-0.004048055993235232,0.22860696517412935,3960,-0.0016148415995524885,0.30934343434343436
feat_vwap_upper_dist:1:SHORT:h12,SPOT,feat_vwap_upper_dist,1,SHORT,9844,-0.0026893831757172876,-0.00440080188027098,0.2560950832994718,-16.30109278899557,0.0,False,12,3211,-0.001809340255047011,0.2905636873248209,3489,-0.0032035216587408774,0.23129836629406708,3144,-0.0030176238407945625,0.24840966921119592
feat_mean_rev_strength:1:SHORT:h12,SPOT,feat_mean_rev_strength,1,SHORT,9475,-0.0026931168385721425,-0.004217754312726337,0.2641688654353562,-15.008610345464458,0.0,False,12,3738,-0.002103424704330412,0.28491171749598715,2902,-0.0026545997389770494,0.25430737422467264,2835,-0.0035100642180502894,0.24691358024691357
feat_ret_20:2:SHORT:h12,SPOT,feat_ret_20,2,SHORT,9196,-0.0026957289615811898,-0.005393654474349031,0.27675076120052194,-14.16540793772097,0.0,False,12,3213,-0.0021811539600087833,0.2732648615001556,2954,-0.004048093091724475,0.23730534867975625,3029,-0.0019226836791806862,0.31891713436777813
feat_vol_trend:1:SHORT:h12,SPOT,feat_vol_trend,1,SHORT,7888,-0.0026603787458469486,-0.003893939393939297,0.26419878296146043,-13.207374361368123,0.0,False,12,2673,-0.00194567133282974,0.30228208005985785,2792,-0.0021736485251852102,0.2607449856733524,2423,-0.0040096827867394675,0.2261659100288898
feat_vwap_dist:1:SHORT:h12,SPOT,feat_vwap_dist,1,SHORT,10043,-0.0027050818262867437,-0.004274227862959506,0.2555013442198546,-16.82352650363478,0.0,False,12,3319,-0.0018735373444339026,0.2934618861102742,3492,-0.0031603934537143717,0.2279495990836197,3232,-0.003067070666723717,0.24628712871287128
feat_vwap_dist:2:SHORT:h12,SPOT,feat_vwap_dist,2,SHORT,8669,-0.0027063280399342153,-0.005473282442748179,0.28180874379974624,-15.084902399862559,0.0,False,12,2963,-0.002111661954305351,0.25987175160310494,2574,-0.004447308608971248,0.2466977466977467,3132,-0.001838100590067358,0.3314176245210728
feat_bb_squeeze_20:1:SHORT:h12,SPOT,feat_bb_squeeze_20,1,SHORT,8944,-0.002713608353931357,-0.004975530307350174,0.25883273703041143,-17.848992344939283,0.0,False,12,2878,-0.0026720229915156127,0.25538568450312715,2996,-0.002951406629776376,0.2446595460614152,3070,-0.0025205266075472655,0.2758957654723127
feat_ext_vs_ma_50:2:SHORT:h12,SPOT,feat_ext_vs_ma_50,2,SHORT,8495,-0.0027159588641571045,-0.005400493071495415,0.2920541494997057,-13.383277941135825,0.0,False,12,2750,-0.002524245028190559,0.28763636363636363,2876,-0.0037772841061569046,0.2573018080667594,2869,-0.0018358060767456623,0.33112582781456956
feat_vwap_upper_dist:2:SHORT:h12,SPOT,feat_vwap_upper_dist,2,SHORT,8427,-0.0027211526953662577,-0.005560126582278528,0.2818322060045093,-14.676198930963418,0.0,False,12,2815,-0.0021838643077899365,0.2596802841918295,2579,-0.004466066877900248,0.24079100426521907,3033,-0.0017360993271737688,0.33728981206726016
feat_ext_vs_ma_10:2:SHORT:h12,SPOT,feat_ext_vs_ma_10,2,SHORT,9147,-0.002726102186223847,-0.0053210400374965805,0.2683940089646879,-16.409044694827358,0.0,False,12,2626,-0.0023057990983324146,0.25704493526275707,3140,-0.0039261484115832015,0.23312101910828026,3381,-0.001938042665719418,0.30996746524696833
feat_vol_regime:0:SHORT:h12,PERP,feat_vol_regime,0,SHORT,9262,-0.0017842947103400824,-0.00888078756289605,0.3723817749946016,-5.777005162838172,7.604195495503063e-09,False,12,2744,-0.00038293927151310177,0.38994169096209913,3421,-0.0009640540561807338,0.3572054954691611,3097,-0.003931973948964676,0.37358734258960286
feat_vol_contraction:0:SHORT:h12,PERP,feat_vol_contraction,0,SHORT,9262,-0.0017842947103400824,-0.00888078756289605,0.3723817749946016,-5.777005162838172,7.604195495503063e-09,False,12,2744,-0.00038293927151310177,0.38994169096209913,3421,-0.0009640540561807338,0.3572054954691611,3097,-0.003931973948964676,0.37358734258960286
feat_time_since_high_20:1:SHORT:h12,SPOT,feat_time_since_high_20,1,SHORT,11090,-0.0027293011329948607,-0.005458013047392886,0.263751127141569,-19.301597639236146,0.0,False,12,3872,-0.003082998381846326,0.27040289256198347,3598,-0.0013864900919491148,0.28071150639244025,3620,-0.0036856321766771043,0.23977900552486187
feat_vol_regime:2:SHORT:h12,SPOT,feat_vol_regime,2,SHORT,9612,-0.00273080753392663,-0.004699797218958749,0.28880565959217647,-16.611109323530307,0.0,False,12,3489,-0.0021236218291394863,0.2894812267125251,2885,-0.0035902395846260887,0.25268630849220103,3238,-0.0026193218815901273,0.3202594193946881
feat_vol_contraction:2:SHORT:h12,SPOT,feat_vol_contraction,2,SHORT,9612,-0.00273080753392663,-0.004699797218958749,0.28880565959217647,-16.611109323530307,0.0,False,12,3489,-0.0021236218291394863,0.2894812267125251,2885,-0.0035902395846260887,0.25268630849220103,3238,-0.0026193218815901273,0.3202594193946881
feat_rsi_7:0:SHORT:h12,SPOT,feat_rsi_7,0,SHORT,11843,-0.002731247222891956,-0.004251166801948038,0.2611669340538715,-19.719274045062154,0.0,False,12,3965,-0.002579093917622858,0.28045397225725094,4073,-0.002906806706529423,0.2553400441934692,3805,-0.002701873787553342,0.24730617608409988
feat_atr_norm_ext:2:SHORT:h12,SPOT,feat_atr_norm_ext,2,SHORT,8745,-0.0027323790970800654,-0.0051529465718871525,0.2614065180102916,-16.65623612283767,0.0,False,12,2770,-0.0025191136885919186,0.2364620938628159,2972,-0.004474319871165895,0.2129878869448183,3003,-0.00120513873774909,0.33233433233433235
feat_time_since_low_20:1:SHORT:h12,SPOT,feat_time_since_low_20,1,SHORT,13815,-0.002740094932448668,-0.005430585717433106,0.2733260948244662,-21.148369022829783,0.0,False,12,5062,-0.0023192755327498347,0.2751876728565784,4322,-0.0033906786227972793,0.24294308190652475,4431,-0.002586261732626685,0.30083502595350936
feat_trend_slope_20:1:SHORT:h12,SPOT,feat_trend_slope_20,1,SHORT,10525,-0.002755246606671712,-0.0038767568606506526,0.2587173396674584,-15.11702330377831,0.0,False,12,3697,-0.002756110856170214,0.28212063835542334,3694,-0.002454804009742689,0.25473741201949107,3134,-0.003108354399479579,0.23580089342693045
feat_atr_percent:0:SHORT:h12,PERP,feat_atr_percent,0,SHORT,11669,-0.0025944157798313805,-0.009919705870099636,0.35290084840174823,-9.954948284515485,0.0,False,12,3776,-0.003145005303740773,0.3498411016949153,4659,-0.002473369500692482,0.3322601416613007,3234,-0.002125933582004005,0.38620902906617194
feat_trend_neutral:2:SHORT:h12,SPOT,feat_trend_neutral,2,SHORT,10967,-0.002781155664790688,-0.003523977059567885,0.26251481717880915,-15.927958808103828,0.0,False,12,3710,-0.0027465978796445464,0.2884097035040431,4027,-0.0021183408034694284,0.26694810032282096,3230,-0.003647212887525332,0.22724458204334366
feat_cci_20:2:SHORT:h12,SPOT,feat_cci_20,2,SHORT,8969,-0.002795032208736624,-0.005588106356618716,0.26234808785817815,-16.260834209574185,0.0,False,12,2689,-0.0023200970525374294,0.23540349572331723,2969,-0.004545783689713033,0.2172448635904345,3311,-0.0016108339266468251,0.3246753246753247
feat_kc_width:0:SHORT:h12,PERP,feat_kc_width,0,SHORT,11773,-0.002557304771908057,-0.00980155236785227,0.3553894504374416,-9.824998296817133,0.0,False,12,3806,-0.003019611285076491,0.35233841303205465,4701,-0.002516117407222955,0.3324824505424378,3266,-0.0020778446409422304,0.39191671769748926
feat_kc_width:2:SHORT:h12,SPOT,feat_kc_width,2,SHORT,7533,-0.002828476844048977,-0.0058560821949317846,0.2851453604141776,-13.89974046172888,0.0,False,12,2136,-0.0018319444923784885,0.2902621722846442,2054,-0.002967693220885155,0.25803310613437197,3343,-0.0033796711800186596,0.2985342506730482
feat_ret_10:1:SHORT:h12,SPOT,feat_ret_10,1,SHORT,9420,-0.0028294424145135976,-0.004383203198277497,0.2705944798301486,-15.886980818076626,0.0,False,12,3700,-0.0020942667090873093,0.3045945945945946,2962,-0.0029353011749483934,0.24983119513841998,2758,-0.0037020299640674074,0.2472806381435823
feat_trend_strength_20:1:SHORT:h12,SPOT,feat_trend_strength_20,1,SHORT,9823,-0.002833287896492909,-0.004253926027632369,0.2582714038481116,-17.82169929944267,0.0,False,12,3382,-0.0029789846615082562,0.25251330573625075,3369,-0.003326974505419514,0.25081626595428913,3072,-0.0021314725824448494,0.2727864583333333
feat_mean_rev_strength:0:SHORT:h12,SPOT,feat_mean_rev_strength,0,SHORT,8797,-0.002835744901972206,-0.005499924732801519,0.266227122882801,-16.798361832032224,0.0,False,12,2657,-0.0024871206008721357,0.24388407978923599,2900,-0.004672015246504611,0.21793103448275863,3240,-0.0014780630405150789,0.3277777777777778
feat_williams_r_14:0:SHORT:h12,SPOT,feat_williams_r_14,0,SHORT,9126,-0.0028434610263881745,-0.0051416263003255195,0.257396449704142,-18.32366524702034,0.0,False,12,2969,-0.0025867647168148055,0.2361064331424722,2951,-0.004254883029322045,0.22026431718061673,3206,-0.001782021541817207,0.3112913287585777
feat_overnight_ret:1:LONG:h12,PERP,feat_overnight_ret,1,LONG,8910,0.002841481983513758,-0.007476502556674398,0.42615039281705946,6.253217361087386,4.020819233119255e-10,True,12,3058,0.0037301223469574742,0.44244604316546765,2949,0.001230131349673675,0.3940318752119362,2903,0.0035422779834391868,0.44161212538753014
feat_asia_vol:0:SHORT:h12,SPOT,feat_asia_vol,0,SHORT,21081,-0.0028565867432887738,-0.004251966505962969,0.2599022816754423,-24.093574626945248,0.0,False,12,460,-0.0064691200367542724,0.30434782608695654,10388,-0.0030636667946956314,0.24711205236811706,10233,-0.002483977255454457,0.27088830255057167
feat_vwap_lower_dist:1:SHORT:h12,SPOT,feat_vwap_lower_dist,1,SHORT,10161,-0.0028597995819218715,-0.004339816933638444,0.2508611357149887,-18.09162327421897,0.0,False,12,3372,-0.0017219700533877102,0.2974495848161329,3533,-0.00354579408790268,0.21936031701103878,3256,-0.003293811430996499,0.2367936117936118
feat_ret_20:0:SHORT:h12,SPOT,feat_ret_20,0,SHORT,11792,-0.0028604710909915614,-0.004511160714285728,0.2466078697421981,-19.70838360413356,0.0,False,12,3762,-0.0029005702249765676,0.2597022860180755,4101,-0.003281780060633538,0.23677151914167277,3929,-0.002382323718491349,0.2443369814202087
feat_ema_cross_10_20:0:SHORT:h12,SPOT,feat_ema_cross_10_20,0,SHORT,12251,-0.0028685800837072134,-0.004384263858533768,0.25475471390090604,-22.87437035270229,0.0,False,12,3899,-0.0022892824439085025,0.2777635291100282,4136,-0.0034926685077665207,0.23646034816247583,4216,-0.0027920743378974148,0.2514231499051233
feat_trend_neutral:1:SHORT:h12,SPOT,feat_trend_neutral,1,SHORT,7178,-0.002870006270014827,-0.004169315118033683,0.23265533574811925,-19.209801289718914,0.0,False,12,2373,-0.0032386292384616066,0.21955330804888326,2548,-0.0030010258217373245,0.23390894819466249,2257,-0.0023345254893709934,0.24501550731058927
feat_ext_vs_ma_20:1:SHORT:h12,SPOT,feat_ext_vs_ma_20,1,SHORT,10260,-0.002874042764659453,-0.003628664495114068,0.2662768031189084,-15.946966814521339,0.0,False,12,3843,-0.0023414350510713227,0.30288836846213896,3258,-0.0026823424882025234,0.24831184775936158,3159,-0.0037196809235755224,0.2402659069325736
feat_atr_percent:2:SHORT:h12,SPOT,feat_atr_percent,2,SHORT,7445,-0.002884676236780683,-0.005798794865077275,0.28542646071188715,-14.10241919046058,0.0,False,12,2109,-0.0018553511651647654,0.29113323850165956,2015,-0.0030201224978901476,0.25707196029776674,3321,-0.003456167462285771,0.2990063233965673
feat_ext_strength:1:SHORT:h12,SPOT,feat_ext_strength,1,SHORT,9025,-0.0029202683190046306,-0.004023498694516986,0.26160664819944596,-15.568088142916187,0.0,False,12,3263,-0.0024668937038215184,0.29144958627030343,3009,-0.0022151941677740574,0.26952475905616485,2753,-0.0042282703133363735,0.21758082092262987
feat_time_since_low_20:0:SHORT:h12,SPOT,feat_time_since_low_20,0,SHORT,13118,-0.0029355114370129,-0.00406555123539813,0.2607867052904406,-18.915749874477264,0.0,False,12,3814,-0.002894972314340153,0.28867330886208703,4726,-0.003251601421456238,0.24798984341938213,4578,-0.0026429764757622733,0.25076452599388377
feat_hour_utc:1:SHORT:h12,SPOT,feat_hour_utc,1,SHORT,10435,-0.0029580890195449643,-0.004757953308334326,0.2490656444657403,-17.165828701457848,0.0,False,12,0,0.0,0.0,10435,-0.0029580890195449643,0.2490656444657403,0,0.0,0.0
feat_ret_3:1:SHORT:h12,SPOT,feat_ret_3,1,SHORT,7074,-0.0029625200555364823,-0.006112654922360353,0.27876731693525586,-17.612092108594293,0.0,False,12,2863,-0.002444464789481021,0.28955640936081034,1860,-0.003632241750131802,0.2521505376344086,2351,-0.0030635450979735264,0.2866865163760102
feat_donchian_width_20:0:SHORT:h12,SPOT,feat_donchian_width_20,0,SHORT,8488,-0.0029814870308999156,-0.005563832627853222,0.26354853911404336,-18.63905940325739,0.0,False,12,2175,-0.002395098569337766,0.2850574712643678,2578,-0.001973921953226082,0.28200155159038015,3735,-0.004018407425582865,0.23828647925033467
feat_cci_20:1:SHORT:h12,SPOT,feat_cci_20,1,SHORT,9653,-0.0029916074480152983,-0.003891457166686473,0.2693463172070859,-15.570939794623584,0.0,False,12,3783,-0.002432308925601603,0.3045202220459952,3106,-0.0027541698741180114,0.24887314874436575,2764,-0.004023918379569561,0.24421128798842257
feat_ext_vs_ma_50:0:SHORT:h12,SPOT,feat_ext_vs_ma_50,0,SHORT,10835,-0.0030052500148510654,-0.00446954762622131,0.23839409321642824,-21.8508737427357,0.0,False,12,3505,-0.0028663290423762123,0.2553495007132668,3692,-0.0034624233958362237,0.22697724810400866,3638,-0.0026751328861889306,0.2336448598130841
feat_ret_5:2:SHORT:h12,SPOT,feat_ret_5,2,SHORT,8559,-0.003011251002725505,-0.005568326801159576,0.2698913424465475,-17.84042239220408,0.0,False,12,2419,-0.002795960707127594,0.2600248036378669,2982,-0.004033791156047994,0.24178403755868544,3158,-0.0022106089786101423,0.3039898670044332
feat_price_roc_5:2:SHORT:h12,SPOT,feat_price_roc_5,2,SHORT,8559,-0.003011251002725505,-0.005568326801159576,0.2698913424465475,-17.84042239220408,0.0,False,12,2419,-0.002795960707127594,0.2600248036378669,2982,-0.004033791156047994,0.24178403755868544,3158,-0.0022106089786101423,0.3039898670044332
feat_vol_of_vol:1:SHORT:h12,SPOT,feat_vol_of_vol,1,SHORT,10706,-0.0030268161222902477,-0.0048218802571969935,0.2540631421632729,-19.495427473047112,0.0,False,12,3537,-0.002328887037971222,0.26632739609838846,3723,-0.0037255683471553486,0.23959172710179963,3446,-0.0029882556574218865,0.257109692396982
feat_realized_vol_20:2:SHORT:h12,SPOT,feat_realized_vol_20,2,SHORT,8051,-0.003027722770841558,-0.005560126582278528,0.27772947459942865,-15.33374433676447,0.0,False,12,2781,-0.0019495440707586063,0.2750809061488673,2439,-0.0034449050279735925,0.26158261582615827,2831,-0.0037274428131536933,0.29424231720240196
feat_bb_pos_20:2:SHORT:h12,SPOT,feat_bb_pos_20,2,SHORT,8839,-0.003029828904122398,-0.005582275891992603,0.25987102613417806,-18.421946743888842,0.0,False,12,2522,-0.002974004885255904,0.22839016653449642,3075,-0.004339054988666732,0.22341463414634147,3242,-0.0018314692389797302,0.31893892658852563
feat_zscore_20:2:SHORT:h12,SPOT,feat_zscore_20,2,SHORT,8839,-0.003029828904122398,-0.005582275891992603,0.25987102613417806,-18.421946743888842,0.0,False,12,2522,-0.002974004885255904,0.22839016653449642,3075,-0.004339054988666732,0.22341463414634147,3242,-0.0018314692389797302,0.31893892658852563
feat_rsi_divergence:2:SHORT:h12,SPOT,feat_rsi_divergence,2,SHORT,10508,-0.0030069240072350613,-0.0050703611601741454,0.24362390559573657,-21.38608780516814,0.0,False,12,3293,-0.0023045861646774457,0.24354691770422107,3539,-0.004257809570773112,0.2223792031647358,3676,-0.0024318191394932386,0.26414581066376497
feat_adx_14:2:SHORT:h12,SPOT,feat_adx_14,2,SHORT,8565,-0.003050215665118802,-0.005129137080274399,0.2775248102743724,-19.684284487887656,0.0,False,12,3004,-0.0019624126407066537,0.3129161118508655,2769,-0.004580609338019402,0.22029613578909354,2792,-0.0027028303517492936,0.29620343839541546
feat_gap_fill_ratio:2:LONG:h12,PERP,feat_gap_fill_ratio,2,LONG,100,0.004118393212724496,-0.002643569968999756,0.46,1.423413083846943,0.15461644181804424,False,12,36,0.0005931984738612227,0.4722222222222222,26,0.010563462741407115,0.5384615384615384,38,0.0030482669720226442,0.39473684210526316
feat_price_accel:1:SHORT:h12,SPOT,feat_price_accel,1,SHORT,6719,-0.003067868536446975,-0.006560608557148235,0.28426849233516893,-17.149263287732097,0.0,False,12,2642,-0.00243070561233277,0.29409538228614684,1833,-0.0038825425732853646,0.2602291325695581,2244,-0.0031525775097023053,0.29233511586452765
feat_bb_width_20:2:SHORT:h12,SPOT,feat_bb_width_20,2,SHORT,8803,-0.0030739589552253054,-0.005560126582278528,0.27558786777235034,-17.29993612306001,0.0,False,12,3054,-0.00178506536613528,0.29011132940406026,2472,-0.005006284413021377,0.22491909385113268,3277,-0.002817496486323581,0.30027464144034177
feat_stoch_d_14:2:SHORT:h12,SPOT,feat_stoch_d_14,2,SHORT,8352,-0.003080456137806515,-0.005568849259924505,0.2628113026819923,-18.573961351105005,0.0,False,12,2735,-0.002923595856490788,0.24241316270566726,2585,-0.0044800605038077855,0.21740812379110253,3032,-0.0020286868710800085,0.31992084432717677
feat_range_pos_50:0:SHORT:h12,SPOT,feat_range_pos_50,0,SHORT,10846,-0.0031059324342231184,-0.004378328535444382,0.24368430757883092,-22.464817645936552,0.0,False,12,3592,-0.002603749351161868,0.267260579064588,3606,-0.003636075693474673,0.23377703826955074,3648,-0.003076366930246943,0.23026315789473684
feat_ret_5:1:SHORT:h12,SPOT,feat_ret_5,1,SHORT,7463,-0.0031119301594805023,-0.005644067796610118,0.26906069945062305,-19.17646973267468,0.0,False,12,3053,-0.002176162933897866,0.3003603013429414,2169,-0.0043001613416965515,0.22083909635776855,2241,-0.0032367065563913343,0.27309236947791166
feat_price_roc_5:1:SHORT:h12,SPOT,feat_price_roc_5,1,SHORT,7463,-0.0031119301594805023,-0.005644067796610118,0.26906069945062305,-19.17646973267468,0.0,False,12,3053,-0.002176162933897866,0.3003603013429414,2169,-0.0043001613416965515,0.22083909635776855,2241,-0.0032367065563913343,0.27309236947791166
feat_macd_12_26:0:SHORT:h12,SPOT,feat_macd_12_26,0,SHORT,12692,-0.0031614880682516336,-0.004530761846583423,0.2472423573904822,-25.745256700039764,0.0,False,12,4138,-0.0027026598691260997,0.26727887868535527,4184,-0.0037749898065483,0.22920650095602293,4370,-0.0030085681174388673,0.24553775743707093
feat_donchian_break:2:SHORT:h12,SPOT,feat_donchian_break,2,SHORT,8196,-0.003163019019076233,-0.005717262202855185,0.261469009272816,-18.804322484265708,0.0,False,12,2548,-0.0028457507618205122,0.24332810047095763,2616,-0.0043933611584126555,0.2198012232415902,3032,-0.0023681062496116847,0.31266490765171506
feat_vol_of_vol:2:SHORT:h12,SPOT,feat_vol_of_vol,2,SHORT,8766,-0.0031918565732602464,-0.004467626308564462,0.2640885238421173,-17.00197660668548,0.0,False,12,2808,-0.0028329763843577163,0.2695868945868946,2610,-0.004193563475666868,0.23716475095785441,3348,-0.0027119523185281744,0.28046594982078854
feat_rsi_divergence:1:SHORT:h12,SPOT,feat_rsi_divergence,1,SHORT,10491,-0.003172153665987896,-0.003947692650768652,0.2704222667047946,-16.255516650532424,0.0,False,12,3869,-0.002114542807626951,0.3042129749289222,3413,-0.0037375705587751554,0.24728977439203048,3209,-0.003845923861037937,0.2542848239326893
feat_price_accel:2:SHORT:h12,SPOT,feat_price_accel,2,SHORT,7573,-0.0032318469841891703,-0.005789786398482001,0.2738676878383732,-18.85550292288132,0.0,False,12,2158,-0.003547193644597678,0.2752548656163114,2876,-0.0035001275779206024,0.24304589707927676,2539,-0.002659931631399428,0.30760141788105555
feat_range_pos_20:2:SHORT:h12,SPOT,feat_range_pos_20,2,SHORT,8459,-0.003266149932978308,-0.00554306774573502,0.26102376167395674,-18.594928558387263,0.0,False,12,2776,-0.0028916931864365297,0.236671469740634,2738,-0.004835098387169281,0.21986851716581446,2945,-0.002160449104735558,0.32224108658743633
feat_stoch_k_14:2:SHORT:h12,SPOT,feat_stoch_k_14,2,SHORT,8116,-0.0033720267132622945,-0.005715789777573994,0.25800887136520456,-20.520897050788133,0.0,False,12,2653,-0.003206919089408949,0.22992838296268375,2638,-0.004717865674871152,0.22289613343442002,2825,-0.002270330198345041,0.31716814159292034
feat_ret_3:2:SHORT:h12,SPOT,feat_ret_3,2,SHORT,7990,-0.003410712521637329,-0.005868595446405713,0.2688360450563204,-20.08083970777779,0.0,False,12,2312,-0.0032093652603382983,0.26686851211072665,2984,-0.004195307917017513,0.2396112600536193,2694,-0.0027144549894580023,0.3028953229398664
feat_squeeze:0:SHORT:h12,PERP,feat_squeeze,0,SHORT,9874,-0.0034551199973297825,-0.010381417399711997,0.34636418877861047,-12.360144930196157,0.0,False,12,3063,-0.002537068111351196,0.36467515507672216,3999,-0.002824934823959207,0.33433358339584895,2812,-0.005351316097991712,0.3435277382645804
feat_atr_ratio:0:SHORT:h12,PERP,feat_atr_ratio,0,SHORT,9611,-0.002918631354789266,-0.010126415385327126,0.34959941733430444,-9.912836971430544,0.0,False,12,3119,-0.0026803906358880128,0.34658544405258096,4207,-0.002080121282684333,0.34775374376039936,2285,-0.004787639965554457,0.3571115973741794
feat_vol_breakout_strength:2:SHORT:h12,SPOT,feat_vol_breakout_strength,2,SHORT,7958,-0.0034873274485785893,-0.006226460547865775,0.26639859261120885,-20.11102529175316,0.0,False,12,1889,-0.003078249340714377,0.27157226045526733,3646,-0.004009917265706268,0.24328030718595722,2423,-0.003019884639048249,0.2971522905489063
feat_trend_strength_20:0:SHORT:h12,SPOT,feat_trend_strength_20,0,SHORT,9829,-0.0034914107526474,-0.004541393916057051,0.2516024010580934,-18.502565138367114,0.0,False,12,3368,-0.0034865326534408484,0.2654394299287411,3562,-0.0024579023476458666,0.2697922515440764,2899,-0.004766949344142095,0.2131769575715764
feat_ret_1:2:SHORT:h12,SPOT,feat_ret_1,2,SHORT,6349,-0.0035288584720002364,-0.006423818491615204,0.2844542447629548,-18.46633937822746,0.0,False,12,1831,-0.0033778059112591382,0.2872747132714364,2424,-0.004338238730177317,0.24463696369636964,2094,-0.0027240062718549203,0.32808022922636104
feat_vol_sma_ratio:2:SHORT:h12,SPOT,feat_vol_sma_ratio,2,SHORT,7810,-0.003677062640999642,-0.006369651486818077,0.25723431498079385,-21.87732353635407,0.0,False,12,1784,-0.0035631453843048408,0.2539237668161435,3730,-0.004081673127406673,0.24075067024128685,2296,-0.0031082609300437606,0.2865853658536585
feat_ret_sign_streak:2:SHORT:h12,SPOT,feat_ret_sign_streak,2,SHORT,4786,-0.0037286922122860954,-0.006359002639957449,0.27308817384036776,-17.585884401461147,0.0,False,12,1340,-0.003712355312602513,0.26343283582089555,1868,-0.004044874819326438,0.2494646680942184,1578,-0.0033682754414525325,0.30925221799746516
feat_overnight_ret:2:SHORT:h12,SPOT,feat_overnight_ret,2,SHORT,6478,-0.003771595236325474,-0.006532694721081152,0.27091694967582586,-21.05057725127684,0.0,False,12,1944,-0.003922530063816972,0.27109053497942387,2379,-0.004143220762870521,0.2421185372005044,2155,-0.0032251848269082392,0.3025522041763341
feat_close_pos_ma:0:SHORT:h12,PERP,feat_close_pos_ma,0,SHORT,10851,-0.0036735139002035066,-0.00906749418049223,0.3905630817436181,-13.174881769430234,0.0,False,12,4238,-0.003949668793431951,0.39476168003775364,3525,-0.0026426958550846923,0.3778723404255319,3088,-0.004471211170780474,0.39928756476683935
feat_vol_roc_20:0:SHORT:h12,SPOT,feat_vol_roc_20,0,SHORT,5206,-0.003993468488255731,-0.007097714566411262,0.2694967345370726,-20.764677542209977,0.0,False,12,2467,-0.0039233492700478925,0.2752330766112687,1570,-0.004028291851189504,0.24076433121019108,1169,-0.004094675871927856,0.29597946963216426
feat_gap:2:SHORT:h12,SPOT,feat_gap,2,SHORT,6472,-0.003999735529893336,-0.0067266220163679485,0.26297898640296663,-23.03947243577201,0.0,False,12,1955,-0.004258934102662853,0.2639386189258312,2421,-0.004197743390834862,0.23998347790169353,2096,-0.0035292630866186024,0.2886450381679389
feat_session_mom:2:SHORT:h12,SPOT,feat_session_mom,2,SHORT,5281,-0.004085734430908449,-0.0074546725704964425,0.28952849839045636,-19.300989660668534,0.0,False,12,1551,-0.0038304761206404228,0.2985170857511283,2075,-0.0048418480553428294,0.25301204819277107,1655,-0.003376954895273626,0.3268882175226586
feat_gap_fill_ratio:0:SHORT:h12,SPOT,feat_gap_fill_ratio,0,SHORT,5449,-0.004125986403630262,-0.007405795012253166,0.26720499174160395,-20.247939726003693,0.0,False,12,1590,-0.004421610325470497,0.2622641509433962,2164,-0.0037366343091955437,0.2592421441774492,1695,-0.00434575979397289,0.2820058997050148
feat_close_pos_ma:0:LONG:h12,PERP,feat_close_pos_ma,0,LONG,10851,0.0017604692627272022,-0.006019279205487837,0.42530642337111785,4.740004196333626,2.1371379275159086e-06,True,12,4238,0.002267958805815634,0.4294478527607362,3525,0.00037725604241334526,0.3963120567375886,3088,0.0026429452724414416,0.452720207253886
feat_range_expansion:2:SHORT:h12,PERP,feat_range_expansion,2,SHORT,9958,-0.004106937736157301,-0.011656099590598597,0.3558947579835308,-12.898237582860094,0.0,False,12,2620,-0.006162789716910328,0.32748091603053436,4486,-0.0041348131948204525,0.3412839946500223,2852,-0.0021744757806398305,0.4049789621318373
feat_vol_breakout_strength:1:SHORT:h12,SPOT,feat_vol_breakout_strength,1,SHORT,5414,-0.004369365192684467,-0.007645146467474447,0.2801994828223125,-23.133615757207735,0.0,False,12,1674,-0.00436770977611958,0.2849462365591398,1814,-0.004725605666111236,0.24476295479603086,1926,-0.004035279496180552,0.3094496365524403
feat_hl_range:2:SHORT:h12,SPOT,feat_hl_range,2,SHORT,5286,-0.0044305827285661395,-0.00769454291178393,0.27203934922436623,-19.192052818186717,0.0,False,12,1137,-0.0045508582792356264,0.2612137203166227,2533,-0.004772160394701922,0.24555862613501778,1616,-0.0038105520791644433,0.32116336633663367
feat_asia_range:2:SHORT:h12,SPOT,feat_asia_range,2,SHORT,3707,-0.00444054500279031,-0.008599284498628054,0.2851362287564068,-17.548345441453147,0.0,False,12,3707,-0.00444054500279031,0.2851362287564068,0,0.0,0.0,0,0.0,0.0
feat_vol_roc_20:1:SHORT:h12,SPOT,feat_vol_roc_20,1,SHORT,4127,-0.004473082549594628,-0.008339552709415813,0.27235279864308215,-19.210328861978297,0.0,False,12,1349,-0.004451099614720225,0.2824314306893996,1656,-0.004316139268976615,0.2554347826086957,1122,-0.004731151223256838,0.28520499108734404
feat_hl_range:1:SHORT:h12,PERP,feat_hl_range,1,SHORT,10929,-0.0043651569828486655,-0.011142632860381151,0.3717631988288041,-15.502549372110474,0.0,False,12,3704,-0.004508128737448694,0.3779697624190065,3514,-0.004609868349455486,0.33096186681844053,3711,-0.003990734153073707,0.4042037186742118
feat_vol_breakout:2:SHORT:h12,SPOT,feat_vol_breakout,2,SHORT,6297,-0.004535389834503384,-0.007621111180944018,0.2564713355566143,-22.522001140175533,0.0,False,12,1668,-0.004250622515162753,0.22541966426858512,2470,-0.005576148223476736,0.22469635627530365,2159,-0.0035647176102773515,0.31681333950903195
feat_vol_sma_ratio:1:SHORT:h12,PERP,feat_vol_sma_ratio,1,SHORT,9934,-0.004525572329901112,-0.011341991791002592,0.36883430642238774,-14.672189851884497,0.0,False,12,3206,-0.005061505378586741,0.3615096693699314,3227,-0.003921686144111982,0.34490238611713664,3501,-0.004591421906437928,0.3976006855184233
feat_intraday_mom:2:SHORT:h12,PERP,feat_intraday_mom,2,SHORT,9844,-0.004029221400863128,-0.010749523731864288,0.37616822429906543,-12.87357638924739,0.0,False,12,3361,-0.004308430899367204,0.37429336506991967,3265,-0.0037682488168313175,0.34915773353751917,3218,-0.004002388698063768,0.4055313859540087
feat_ret_sign_streak:1:SHORT:h12,PERP,feat_ret_sign_streak,1,SHORT,8034,-0.004039597269748423,-0.0102539725886241,0.37702265372168287,-12.145769382901351,0.0,False,12,2658,-0.0047356654489690495,0.37396538750940556,2666,-0.003847506269149506,0.3454613653413353,2710,-0.003545857560238568,0.411070110701107
feat_close_pos_ma:1:SHORT:h12,PERP,feat_close_pos_ma,1,SHORT,10506,-0.0037373576881143704,-0.009765713975072535,0.38063963449457455,-12.560604611398153,0.0,False,12,3553,-0.004688597180407417,0.3709541232761047,3388,-0.0021515856378308234,0.3754427390791027,3565,-0.004296359592810995,0.3952314165497896
feat_buy_vol_ratio:2:SHORT:h12,PERP,feat_buy_vol_ratio,2,SHORT,9880,-0.004148664468906246,-0.010814767562331854,0.37479757085020243,-13.436834037384518,0.0,False,12,3289,-0.005482137647889266,0.35603526907874733,3426,-0.0033871521027822437,0.35347343841214246,3165,-0.003587257859321943,0.4173775671406003
feat_close_position:2:SHORT:h12,PERP,feat_close_position,2,SHORT,9880,-0.004148664468906246,-0.010814767562331854,0.37479757085020243,-13.436834037384518,0.0,False,12,3289,-0.005482137647889266,0.35603526907874733,3426,-0.0033871521027822437,0.35347343841214246,3165,-0.003587257859321943,0.4173775671406003
feat_ret_1:1:SHORT:h12,PERP,feat_ret_1,1,SHORT,10352,-0.0037240977074665792,-0.009549301645716995,0.37190880989180836,-13.175443864447773,0.0,False,12,3675,-0.004301352179552638,0.3638095238095238,3276,-0.0028203284490108988,0.3553113553113553,3401,-0.00397088921166668,0.39664804469273746
feat_buy_vol_ratio:1:SHORT:h12,PERP,feat_buy_vol_ratio,1,SHORT,10186,-0.004341450037891211,-0.010394412716456698,0.3746318476340075,-14.050709075120468,0.0,False,12,3236,-0.004537876735303476,0.377008652657602,3410,-0.004449337898074652,0.3466275659824047,3540,-0.004057965745221262,0.39943502824858756
feat_close_position:1:SHORT:h12,PERP,feat_close_position,1,SHORT,10186,-0.004341450037891211,-0.010394412716456698,0.3746318476340075,-14.050709075120468,0.0,False,12,3236,-0.004537876735303476,0.377008652657602,3410,-0.004449337898074652,0.3466275659824047,3540,-0.004057965745221262,0.39943502824858756
feat_vol_roc_20:2:SHORT:h12,SPOT,feat_vol_roc_20,2,SHORT,4483,-0.005056733978017021,-0.008021768743123592,0.26834708900289983,-22.987619320889483,0.0,False,12,1090,-0.0050026353082081405,0.26330275229357797,1771,-0.00546398270422286,0.24392998306041785,1622,-0.004648429450261868,0.29839704069050554
feat_session_mom:1:SHORT:h12,PERP,feat_session_mom,1,SHORT,7317,-0.0037811261117188808,-0.010660252063207743,0.36968703020363536,-10.71130575314953,0.0,False,12,2302,-0.004380401177165694,0.3679409209383145,2529,-0.0025445177463537167,0.36140767101621196,2486,-0.004484203889413947,0.3797264682220434
feat_gap_fill_ratio:1:SHORT:h12,PERP,feat_gap_fill_ratio,1,SHORT,13871,-0.005066184065292802,-0.011553861187112586,0.36298752793598155,-19.679151622641637,0.0,False,12,4620,-0.005740911705470029,0.35584415584415585,4648,-0.004504270104165028,0.3420826161790017,4603,-0.004956371854496168,0.3912665652835108
feat_vol_breakout:1:SHORT:h12,PERP,feat_vol_breakout,1,SHORT,9644,-0.004970964553673942,-0.010285536641730642,0.35535047698050604,-17.414226474510958,0.0,False,12,3950,-0.005304374581599299,0.3511392405063291,2756,-0.003987552378696846,0.34361393323657474,2938,-0.005445203608790253,0.3720217835262083
feat_range_expansion:1:SHORT:h12,PERP,feat_range_expansion,1,SHORT,10075,-0.004680947946685525,-0.01092117148906143,0.37240694789081885,-15.718008337485212,0.0,False,12,3454,-0.004686087856174582,0.3711638679791546,3307,-0.004453536169909055,0.34230420320532207,3314,-0.004902522327622332,0.40374170187085096
feat_intraday_mom:1:SHORT:h12,PERP,feat_intraday_mom,1,SHORT,10270,-0.004287684651463144,-0.010788880777533403,0.37078870496592015,-14.32397363330337,0.0,False,12,3405,-0.00544181919221233,0.3541850220264317,3425,-0.003397599067931413,0.35883211678832116,3440,-0.004031497155051862,0.39912790697674416
feat_intraday_mom:0:SHORT:h12,SPOT,feat_intraday_mom,0,SHORT,3774,-0.005254690762694424,-0.00865071569414905,0.262586115527292,-23.7755471987025,0.0,False,12,1173,-0.0049091748501642225,0.2813299232736573,1319,-0.005726438233079428,0.23275208491281274,1282,-0.005085467090276411,0.27613104524180965
feat_buy_vol_ratio:0:SHORT:h12,PERP,feat_buy_vol_ratio,0,SHORT,10589,-0.005297255754769762,-0.010697754983549475,0.361223911606384,-18.732137692126628,0.0,False,12,3747,-0.005656625561681115,0.35495062716840137,3282,-0.004516412085959037,0.3449116392443632,3560,-0.0056388766127866054,0.38286516853932584
feat_close_position:0:SHORT:h12,PERP,feat_close_position,0,SHORT,10589,-0.005297255754769762,-0.010697754983549475,0.361223911606384,-18.732137692126628,0.0,False,12,3747,-0.005656625561681115,0.35495062716840137,3282,-0.004516412085959037,0.3449116392443632,3560,-0.0056388766127866054,0.38286516853932584
feat_gap_fill_ratio:2:SHORT:h12,SPOT,feat_gap_fill_ratio,2,SHORT,2759,-0.0053446763683854944,-0.008842356308132638,0.24211670895251902,-19.623968641070206,0.0,False,12,692,-0.004019995383302843,0.27167630057803466,1186,-0.006223677255381024,0.2057335581787521,881,-0.005201866141030781,0.26787741203178206
feat_overnight_ret:1:SHORT:h12,PERP,feat_overnight_ret,1,SHORT,8910,-0.0048175077133760505,-0.01173900415552417,0.3755331088664422,-14.123019184664745,0.0,False,12,3058,-0.005638745431208516,0.3603662524525834,2949,-0.0033067790580514267,0.36995591726008814,2903,-0.005487088789304622,0.39717533585945575
feat_gap:1:SHORT:h12,SPOT,feat_gap,1,SHORT,3180,-0.005700041271253968,-0.008311249030768022,0.2669811320754717,-23.40602730702336,0.0,False,12,1162,-0.00545710247268308,0.26161790017211706,899,-0.0062829609736890545,0.23692992213570635,1119,-0.005484000226973568,0.2966934763181412
feat_close_pos_ma:2:SHORT:h12,SPOT,feat_close_pos_ma,2,SHORT,2182,-0.0065587455260904095,-0.010227454071493794,0.24014665444546288,-20.695695776268312,0.0,False,12,466,-0.00667651779257902,0.22746781115879827,749,-0.007956016502869102,0.18958611481975968,967,-0.005419719840680966,0.2854188210961737
feat_time_since_low_20:2:LONG:h20,SPOT,feat_time_since_low_20,2,LONG,3829,0.008563785914466836,-0.002445208961244677,0.3327239488117002,14.866260127566907,0.0,True,20,1349,0.007528499711059052,0.3113417346182357,1249,0.00872849848552973,0.3514811849479584,1231,0.009531190534401482,0.3371242891957758
feat_ext_vs_ma_20:2:LONG:h20,PERP,feat_ext_vs_ma_20,2,LONG,9199,0.01047780438333164,-0.009984027252081716,0.4408087835634308,17.982617047306352,0.0,True,20,2849,0.01321385996635135,0.48473148473148475,3037,0.0090173076748964,0.4247612775765558,3313,0.009463770621633682,0.4177482644129188
feat_ret_20:2:LONG:h20,PERP,feat_ret_20,2,LONG,9116,0.01031461001142663,-0.009999627163181042,0.4396665204036858,17.322073654759212,0.0,True,20,3020,0.011760175427450932,0.454635761589404,2953,0.009098072103466918,0.4375211649170335,3143,0.010068612202267117,0.42729875914731147
feat_trend_slope_20:2:LONG:h20,PERP,feat_trend_slope_20,2,LONG,9173,0.01056745588479274,-0.009177551996174848,0.4478360405537992,17.89849111038462,0.0,True,20,3013,0.01267616494794692,0.47361433786923335,2813,0.010500790900563068,0.455385709207252,3347,0.008725205569093465,0.41828503137137735
feat_ret_10:2:LONG:h20,PERP,feat_ret_10,2,LONG,9362,0.009582496607595413,-0.010444761725894805,0.4302499465926084,16.707409129883686,0.0,True,20,2799,0.012677438002887674,0.4812433011789925,3150,0.008012920312705837,0.4126984126984127,3413,0.008492963751890497,0.40462935833577496
feat_ext_strength:2:LONG:h20,PERP,feat_ext_strength,2,LONG,9761,0.009722157270792037,-0.010342229406548244,0.43284499538981663,17.32330040013774,0.0,True,20,3122,0.012066892150771284,0.46668802049967967,3115,0.008943100840529426,0.4301765650080257,3524,0.008333535955517578,0.4052213393870602
feat_bb_pos_20:2:LONG:h20,PERP,feat_bb_pos_20,2,LONG,9466,0.009502964478164516,-0.009988364608488617,0.4245721529685189,17.108162356257484,0.0,True,20,2842,0.012202754275428133,0.4651653764954258,3187,0.007465988641532,0.40037652965171006,3437,0.009159362321494348,0.4134419551934827
feat_zscore_20:2:LONG:h20,PERP,feat_zscore_20,2,LONG,9466,0.009502964478164516,-0.009988364608488617,0.4245721529685189,17.108162356257484,0.0,True,20,2842,0.012202754275428133,0.4651653764954258,3187,0.007465988641532,0.40037652965171006,3437,0.009159362321494348,0.4134419551934827
feat_mean_rev_strength:0:LONG:h20,PERP,feat_mean_rev_strength,0,LONG,9308,0.010314259060031711,-0.009658530001599486,0.4345724108293941,18.2647558287314,0.0,True,20,2818,0.012465341834665909,0.4755145493257629,3081,0.009077147584536325,0.4186952288218111,3409,0.009654179622390801,0.4150777354062775
feat_ext_vs_ma_10:2:LONG:h20,PERP,feat_ext_vs_ma_10,2,LONG,9447,0.008539168762287068,-0.011211664869426586,0.4131470308034297,15.218266978798027,0.0,True,20,3016,0.010808664735360683,0.4472811671087533,3161,0.0062692444989588605,0.38911736792154383,3270,0.00864021791873675,0.40489296636085625
feat_ext_vs_ma_50:2:LONG:h20,PERP,feat_ext_vs_ma_50,2,LONG,8236,0.0092416646505934,-0.011152168886474667,0.42629917435648373,14.975426960239565,0.0,True,20,2660,0.01083880292027817,0.4537593984962406,2747,0.008439508131762358,0.42300691663633055,2829,0.008518842508446842,0.40367621067515025
feat_cci_20:2:LONG:h20,PERP,feat_cci_20,2,LONG,9128,0.009170910119111145,-0.010306165236370412,0.4209027169149869,16.370807032705425,0.0,True,20,2801,0.011539667942112787,0.4591217422349161,3002,0.007945309630606445,0.40739506995336444,3325,0.008281996436182878,0.40090225563909776
feat_ema_cross_10_20:2:LONG:h20,PERP,feat_ema_cross_10_20,2,LONG,9368,0.0092709901637706,-0.010929025150828772,0.42976088812980356,16.09973154889596,0.0,True,20,3046,0.011158364953689461,0.45732107682206175,3031,0.008486561772865425,0.4256021115143517,3291,0.008246577779310166,0.4080826496505621
feat_vol_trend:2:LONG:h20,PERP,feat_vol_trend,2,LONG,10381,0.008774047097403391,-0.010366077400859925,0.43531451690588574,16.182202043474373,0.0,True,20,3479,0.010634175028148835,0.4639264156366772,3199,0.008700778797832927,0.43513597999374803,3703,0.007089737137711926,0.4085876316500135
feat_atr_norm_ext:2:LONG:h20,PERP,feat_atr_norm_ext,2,LONG,9291,0.009807949821103298,-0.00973580199499695,0.43030890108707354,17.50603590327327,0.0,True,20,2842,0.012430452660051826,0.4736101337086559,3142,0.008108179436524423,0.4089751750477403,3307,0.009169161033699337,0.4133655881463562
feat_vwap_dist:2:LONG:h20,PERP,feat_vwap_dist,2,LONG,9317,0.009979849951597827,-0.010227778753055214,0.43297198669099496,17.409532856783116,0.0,True,20,2960,0.012457347648082387,0.4756756756756757,3095,0.008709235529742934,0.41938610662358644,3262,0.008937286632789306,0.4071122011036174
feat_ret_vol:2:LONG:h20,PERP,feat_ret_vol,2,LONG,10407,0.008589975714534152,-0.011039375710496416,0.42567502642452193,15.77381295028882,0.0,True,20,3487,0.010052827133291484,0.4456552910811586,3382,0.007216732821586975,0.4163217031342401,3538,0.008460904082747986,0.41492368569813454
feat_vwap_lower_dist:2:LONG:h20,PERP,feat_vwap_lower_dist,2,LONG,9473,0.009726685099105488,-0.009735793147253341,0.4291143249234667,17.463951835704222,0.0,True,20,3152,0.01160789651664943,0.46383248730964466,2923,0.008388119558571328,0.4146424905918577,3398,0.009133114965757295,0.40935844614479105
feat_vwap_upper_dist:2:LONG:h20,PERP,feat_vwap_upper_dist,2,LONG,9170,0.010254917107138085,-0.01001500506250819,0.44176663031624863,17.630569313832428,0.0,True,20,2901,0.013265659939393382,0.4860392967942089,3076,0.008755465023834211,0.4317295188556567,3193,0.00896401502504291,0.4112120263075478
feat_vol_sma_ratio:0:LONG:h20,PERP,feat_vol_sma_ratio,0,LONG,9952,0.006761474779631211,-0.008128358603143723,0.4270498392282958,13.757438789549425,0.0,True,20,4519,0.006026736283365493,0.425757911042266,2330,0.004080399800707209,0.37939914163090127,3103,0.009844680698264054,0.4647115694489204
feat_trend_neutral:0:LONG:h20,PERP,feat_trend_neutral,0,LONG,18857,0.006611275415173925,-0.012928265495255801,0.4198440897279525,16.56367482820587,0.0,True,20,6435,0.007844300728988942,0.43465423465423464,5787,0.005836679019317044,0.40608259892863313,6635,0.006091014894966559,0.41748304446119067
feat_macd_12_26:2:LONG:h20,PERP,feat_macd_12_26,2,LONG,9870,0.007642768210657521,-0.012448380879861066,0.41317122593718336,13.563508746694811,0.0,True,20,3305,0.009043417572141305,0.4314674735249622,3141,0.007362841225361597,0.4151544094237504,3424,0.00654758845630898,0.39369158878504673
feat_williams_r_14:0:LONG:h20,PERP,feat_williams_r_14,0,LONG,9538,0.007882772728545377,-0.010547185594234523,0.41172153491297964,14.928717941689278,0.0,True,20,3024,0.009961280263519088,0.4513888888888889,3215,0.00563621429990281,0.38444790046656296,3299,0.00816688262921993,0.4019399818126705
feat_vol_regime:1:LONG:h20,PERP,feat_vol_regime,1,LONG,9839,0.009575785443300112,-0.010099774773909147,0.4328691940237829,18.68597293311183,0.0,True,20,3303,0.0104905029946606,0.4411141386618226,3230,0.008629158129673235,0.421671826625387,3306,0.009586763710351266,0.4355716878402904
feat_vol_contraction:1:LONG:h20,PERP,feat_vol_contraction,1,LONG,9839,0.009575785443300112,-0.010099774773909147,0.4328691940237829,18.68597293311183,0.0,True,20,3303,0.0104905029946606,0.4411141386618226,3230,0.008629158129673235,0.421671826625387,3306,0.009586763710351266,0.4355716878402904
feat_bb_width_20:2:LONG:h20,PERP,feat_bb_width_20,2,LONG,8289,0.010166144515424472,-0.0037362357479153695,0.473277838098685,16.17159313781749,0.0,True,20,3084,0.008948011984714987,0.4662775616083009,2357,0.012885411211254914,0.4891811624946967,2848,0.009234757269158915,0.46769662921348315
feat_range_expansion:0:LONG:h20,PERP,feat_range_expansion,0,LONG,10026,0.007904596916370014,-0.0072087605981647285,0.4415519648912827,15.722083761400395,0.0,True,20,3974,0.00763223982398987,0.447408152994464,2265,0.006053090864373771,0.3977924944812362,3787,0.009297786325635974,0.46157908634803274
feat_rsi_21:2:LONG:h20,PERP,feat_rsi_21,2,LONG,8671,0.00957443576853792,-0.01077515747528959,0.4287856071964018,16.273068122713383,0.0,True,20,2650,0.012061330174090532,0.4649056603773585,2954,0.007677405156378128,0.4146919431279621,3067,0.009252804941542674,0.4111509618519726
feat_rsi_divergence:2:LONG:h20,PERP,feat_rsi_divergence,2,LONG,10222,0.007697396552371065,-0.009507595691724208,0.42682449618469964,15.574922640845408,0.0,True,20,3261,0.00809797505507565,0.45783501993253606,3534,0.006298382321780764,0.400679117147708,3427,0.008758916772267908,0.4242777939889116
feat_vol_breakout_strength:0:LONG:h20,PERP,feat_vol_breakout_strength,0,LONG,9728,0.005761224253412711,-0.009273793137478593,0.4047080592105263,11.997998668167762,0.0,True,20,3992,0.006066048531389484,0.41357715430861725,2573,0.0027180939370372824,0.3567819665759813,3163,0.007851997502338004,0.43250079038887135
feat_ret_5:2:LONG:h20,PERP,feat_ret_5,2,LONG,9413,0.007849420919267068,-0.011183253517466614,0.412302135344736,14.197507007674806,0.0,True,20,3040,0.008988975286984923,0.43125,3127,0.005589328626068167,0.3856731691717301,3246,0.00895942194297954,0.42020948860135554
feat_price_roc_5:2:LONG:h20,PERP,feat_price_roc_5,2,LONG,9413,0.007849420919267068,-0.011183253517466614,0.412302135344736,14.197507007674806,0.0,True,20,3040,0.008988975286984923,0.43125,3127,0.005589328626068167,0.3856731691717301,3246,0.00895942194297954,0.42020948860135554
feat_price_accel:0:LONG:h20,PERP,feat_price_accel,0,LONG,9905,0.006478994707584415,-0.01038132699957515,0.41736496718828875,12.625457734765494,0.0,True,20,3306,0.007378908764897125,0.4283121597096189,3254,0.004434479370492131,0.3896742470805163,3345,0.007578467662269757,0.4334828101644245
feat_realized_vol_20:1:LONG:h20,PERP,feat_realized_vol_20,1,LONG,9779,0.005881720983735207,-0.010143316719528835,0.4309234073013601,11.99534764561361,0.0,True,20,3455,0.007724736296311665,0.4743849493487699,3185,0.0047962414541697675,0.39591836734693875,3139,0.0049545576822743196,0.4186046511627907
feat_keltner_pos:2:LONG:h20,PERP,feat_keltner_pos,2,LONG,9296,0.00902542539060215,-0.010739272782926364,0.4181368330464716,16.127571683180356,0.0,True,20,2822,0.011270997434903432,0.4560595322466336,3233,0.006710171349228579,0.3928240024744819,3241,0.009379702467659397,0.4103671706263499
feat_trend_strength_20:2:LONG:h20,PERP,feat_trend_strength_20,2,LONG,10084,0.00819821210589696,-0.009596109180847476,0.43524395081316936,16.185916399554124,0.0,True,20,3297,0.0076703351572625575,0.4388838337882924,3153,0.009959050008850362,0.4516333650491595,3634,0.007149364662758693,0.4177215189873418
feat_vol_of_vol:2:LONG:h20,PERP,feat_vol_of_vol,2,LONG,8446,0.006627396868115539,-0.009098563159078171,0.4121477622543216,10.965754003135453,0.0,True,20,3021,0.006649277394474876,0.40582588546838794,2292,0.005270548755518122,0.40532286212914487,3133,0.007598924095674338,0.42323651452282157
feat_stoch_d_14:2:LONG:h20,PERP,feat_stoch_d_14,2,LONG,9497,0.008863918686666273,-0.009937745879851124,0.42265978730125303,16.526863893407864,0.0,True,20,3002,0.011608421340439372,0.4710193204530313,3134,0.006970608779545672,0.3991703892788768,3361,0.008178002674256012,0.4013686402856293
feat_rsi_14:2:LONG:h20,PERP,feat_rsi_14,2,LONG,9031,0.00914086517711676,-0.010540910996227438,0.4217694607463182,16.11315668701506,0.0,True,20,2744,0.01170878258284639,0.45954810495626824,3102,0.006863010808721049,0.39813023855577045,3185,0.009146999836282031,0.4122448979591837
feat_donchian_break:2:LONG:h20,PERP,feat_donchian_break,2,LONG,9600,0.008656233945407573,-0.010262878187502671,0.42072916666666665,16.036525391127277,0.0,True,20,3001,0.011217874015661919,0.4555148283905365,3119,0.006986865362949205,0.39948701506893236,3480,0.007943383013756524,0.40977011494252874
feat_gap:0:LONG:h20,PERP,feat_gap,0,LONG,11317,0.005405076275136508,-0.00927343976210035,0.40514270566404526,12.366435737844919,0.0,True,20,3883,0.005250711276909027,0.411022405356683,3795,0.004085630982334837,0.3891963109354414,3639,0.006945800148260896,0.4154987633965375
feat_realized_vol_20:2:LONG:h20,PERP,feat_realized_vol_20,2,LONG,7895,0.010950639843248252,-0.005548501752127706,0.45953134895503484,15.865071903535238,0.0,True,20,2799,0.012252317726735197,0.4615934262236513,2374,0.010127383226622037,0.44018534119629316,2722,0.01033014565220883,0.4742836149889787
feat_range_pos_20:2:LONG:h20,PERP,feat_range_pos_20,2,LONG,9318,0.00917370380589871,-0.009822985421823194,0.42466194462330975,16.72326338500682,0.0,True,20,2905,0.011007421388382198,0.459552495697074,3103,0.007428926460166476,0.4057363841443764,3310,0.009200016351727283,0.41178247734138973
feat_time_since_high_20:2:LONG:h20,SPOT,feat_time_since_high_20,2,LONG,8030,0.004511380641540264,-0.002881226695636602,0.3459526774595268,15.100294669606699,0.0,True,20,2718,0.004734642820469328,0.33480500367917587,2652,0.00391672759802004,0.35407239819004527,2660,0.004876114953226897,0.34924812030075186
feat_kc_width:1:LONG:h20,PERP,feat_kc_width,1,LONG,10406,0.006068521949113384,-0.010896953150636731,0.4227368825677494,12.932672324205312,0.0,True,20,3519,0.005634610958578113,0.42909917590224494,3259,0.006349235586241764,0.4173059220619822,3628,0.006237233920527997,0.42144432194046305
feat_ret_1:0:LONG:h20,PERP,feat_ret_1,0,LONG,10350,0.006049340731616382,-0.010135034783539366,0.41555555555555557,12.18733243909899,0.0,True,20,3321,0.006995943380860328,0.4254742547425474,3447,0.00514964591485154,0.40498984624310996,3582,0.006037498362897586,0.4165270798436628
feat_atr_percent:2:LONG:h20,PERP,feat_atr_percent,2,LONG,7847,0.011674474009470753,-0.0024693949520873107,0.47814451382694023,16.276447342564587,0.0,True,20,2707,0.013596703993397989,0.4920576283708903,2041,0.01240596131687665,0.46741793238608526,3099,0.009513634331862988,0.47305582445950306
feat_overnight_ret:0:LONG:h20,PERP,feat_overnight_ret,0,LONG,11522,0.005665198479524481,-0.009185047729226202,0.4092171498003819,12.783406722201637,0.0,True,20,3973,0.005833721623307905,0.4158066951925497,3739,0.0045351747656036615,0.3942230542925916,3810,0.0065984310821749804,0.4170603674540682
feat_hl_range:0:LONG:h20,SPOT,feat_hl_range,0,LONG,21939,0.004382943779284856,-0.0037158108795119875,0.30306759651761705,21.291862937254546,0.0,True,20,8062,0.004229849564299443,0.3035226990821136,6331,0.004057436544115124,0.29726741431053544,7546,0.0048196031838796055,0.3074476543864299
feat_ret_sign_streak:0:LONG:h20,PERP,feat_ret_sign_streak,0,LONG,14546,0.006143544347036317,-0.009748839574943394,0.4126220266739997,14.971141665157734,0.0,True,20,4818,0.006865047648196728,0.42382731423827313,4802,0.004937161272981868,0.39525197834235737,4926,0.006613874963483455,0.4185952090946001
feat_bb_width_20:1:LONG:h20,PERP,feat_bb_width_20,1,LONG,10015,0.006745973218569139,-0.009569613574789797,0.42266600099850227,13.600282801721184,0.0,True,20,3348,0.009735186923356351,0.4692353643966547,3266,0.003579668294253926,0.3759951010410288,3401,0.006843963338882546,0.42164069391355485
feat_atr_percent:1:LONG:h20,PERP,feat_atr_percent,1,LONG,10484,0.00604669390613229,-0.011060698374210032,0.4204502098435712,12.9798721154309,0.0,True,20,3524,0.0055370248476800605,0.4228149829738933,3340,0.005670593626701209,0.41287425149700596,3620,0.006889856529139325,0.42513812154696135
feat_time_since_high_20:0:LONG:h20,PERP,feat_time_since_high_20,0,LONG,9986,0.009104522187356417,-0.009686149312825607,0.4257961145603845,16.85946954381542,0.0,True,20,3004,0.011623237372069172,0.46870838881491345,3381,0.00872817332825639,0.4161490683229814,3601,0.007356734094532225,0.399055817828381
feat_asia_vol:2:LONG:h20,PERP,feat_asia_vol,2,LONG,9793,0.0069070677270963,-0.009443622555761508,0.4182579393444297,13.378921045421194,0.0,True,20,9793,0.0069070677270963,0.4182579393444297,0,0.0,0.0,0,0.0,0.0
feat_kc_width:2:LONG:h20,PERP,feat_kc_width,2,LONG,7815,0.011777218655730344,-0.0027599114682141128,0.4761356365962892,16.388372298295582,0.0,True,20,2681,0.0140373914794217,0.48936963819470347,2075,0.011089283423586253,0.4563855421686747,3059,0.010262979448925,0.47793396534815297
feat_stoch_k_14:2:LONG:h20,PERP,feat_stoch_k_14,2,LONG,9551,0.007875877741929372,-0.01054523088448367,0.41168464035179564,14.931137114293913,0.0,True,20,3025,0.009939989970427096,0.4512396694214876,3222,0.005653365030527614,0.3845437616387337,3304,0.008153419044874542,0.4019370460048426
feat_donchian_break:1:LONG:h20,PERP,feat_donchian_break,1,LONG,9477,0.006235198729104275,-0.01026659351550336,0.3962224332594703,11.900053345439424,0.0,True,20,3119,0.005411785056287859,0.39596024366784227,2960,0.004486903655487601,0.37027027027027026,3398,0.008513945245708086,0.4190700412007063
feat_rsi_7:2:LONG:h20,PERP,feat_rsi_7,2,LONG,9393,0.007495030852769521,-0.011031669462581039,0.4047695092089854,13.881491961867866,0.0,True,20,2993,0.008736940336803053,0.42499164717674576,3271,0.0059473895491560244,0.38398043411800675,3129,0.00792497640035897,0.407158836689038
feat_range_pos_20:1:LONG:h20,PERP,feat_range_pos_20,1,LONG,9522,0.005412532235008604,-0.010537975225287197,0.3878386893509767,10.218172838859363,0.0,True,20,3288,0.005593027195983733,0.3862530413625304,3002,0.003471866963730657,0.36175882744836774,3232,0.007031470883737,0.41367574257425743
feat_stoch_k_14:1:LONG:h20,PERP,feat_stoch_k_14,1,LONG,9539,0.005843330479640973,-0.010651977496566541,0.3942761295733305,11.133356570276975,0.0,True,20,3176,0.005144450758874681,0.38192695214105793,3098,0.0046509903773370885,0.3786313750806972,3265,0.007654513214737811,0.4211332312404288
feat_squeeze:2:LONG:h20,PERP,feat_squeeze,2,LONG,9415,0.008870841920990986,-0.004814988814317553,0.4665958576739246,15.287333056982442,0.0,True,20,3452,0.009240602901756744,0.4768250289687138,2492,0.011429009701842623,0.4799357945425361,3471,0.0066664717062155055,0.44684528954191877
feat_range_pos_50:2:LONG:h20,PERP,feat_range_pos_50,2,LONG,8683,0.008410761804767566,-0.011791488503428703,0.40654151790855697,14.460390139953743,0.0,True,20,2781,0.00926316364866438,0.4325782092772384,2842,0.008192984815060849,0.4067558057705841,3060,0.007838341110934052,0.3826797385620915
feat_session_mom:0:LONG:h20,PERP,feat_session_mom,0,LONG,11852,0.0054371573787698425,-0.010238705210242508,0.4104792440094499,11.989396793459338,0.0,True,20,3977,0.006161043652260601,0.42469197887855165,3804,0.0040854197644965735,0.39064143007360674,4071,0.0059930685001215395,0.41513141734217635
feat_bb_squeeze_20:2:LONG:h20,PERP,feat_bb_squeeze_20,2,LONG,9769,0.008286367833543898,-0.007982579867390066,0.4437506397788924,15.66529769201885,0.0,True,20,3551,0.007133208195450428,0.45057730216840325,3150,0.010184053488609226,0.44952380952380955,3068,0.007672665115621518,0.4299217731421121
feat_adx_14:2:LONG:h20,PERP,feat_adx_14,2,LONG,9964,0.00883321564946609,-0.008275417375899244,0.4484142914492172,16.768739307679418,0.0,True,20,3509,0.007395310762765203,0.4249073810202337,3214,0.009189594537186652,0.47137523335407594,3241,0.010036611669922597,0.45109534094415304
feat_vol_of_vol:1:LONG:h20,PERP,feat_vol_of_vol,1,LONG,9897,0.007219522981476278,-0.009238979517381507,0.4255835101545923,14.698012485991415,0.0,True,20,3363,0.008077922683119913,0.44603033006244425,3349,0.006356239026395871,0.39474469991042105,3185,0.007220885546291582,0.4364207221350079
feat_donchian_width_20:1:LONG:h20,PERP,feat_donchian_width_20,1,LONG,9820,0.00542768548815412,-0.010545025650106406,0.40020366598778007,10.770273414952547,0.0,True,20,3491,0.007010188323457595,0.4285305070180464,3033,0.0019932521033935017,0.35146719419716455,3296,0.00691194491107115,0.41504854368932037
feat_hour_utc:0:LONG:h20,PERP,feat_hour_utc,0,LONG,10112,0.006223964534361002,-0.0098688912665263,0.41020569620253167,12.281388809462209,0.0,True,20,10112,0.006223964534361002,0.41020569620253167,0,0.0,0.0,0,0.0,0.0
feat_range_pos_50:1:LONG:h20,PERP,feat_range_pos_50,1,LONG,9042,0.0056752055745617975,-0.010706773295462716,0.38940499889405,10.67988795678999,0.0,True,20,3155,0.007246845580734116,0.4028526148969889,2945,0.003862832863724232,0.36502546689303905,2942,0.0058040000728428855,0.39938817131203264
feat_atr_ratio:1:LONG:h20,PERP,feat_atr_ratio,1,LONG,10195,0.007287567271014888,-0.01075167837626846,0.42030407062285435,15.031438454338227,0.0,True,20,3392,0.007412507999372698,0.42452830188679247,3131,0.005279406718158693,0.40178856595336954,3672,0.008884449553259732,0.43218954248366015
feat_ret_3:0:LONG:h20,PERP,feat_ret_3,0,LONG,10403,0.004080308083214248,-0.010670093893908139,0.40151879265596463,8.700225203751293,0.0,True,20,3185,0.005631544197136858,0.421978021978022,3511,0.004623028065159055,0.39789233836513815,3707,0.002233483999197058,0.38737523603992446
feat_rsi_7:1:LONG:h20,PERP,feat_rsi_7,1,LONG,10078,0.005772323756637264,-0.010651548728372831,0.39472117483627706,11.369319997355706,0.0,True,20,3609,0.004656592432896843,0.38348573011914655,3104,0.0037472659519759074,0.3650128865979381,3365,0.008836945977453917,0.43417533432392275
feat_vol_breakout:0:LONG:h20,PERP,feat_vol_breakout,0,LONG,11126,0.0039007934996033292,-0.010551324338690911,0.40625561747258676,8.839418017128938,0.0,True,20,3467,0.005022614526991365,0.41332564176521486,3855,0.00304011091219647,0.3846952010376135,3804,0.0037505773777576704,0.4216614090431125
feat_keltner_pos:1:LONG:h20,PERP,feat_keltner_pos,1,LONG,9899,0.004477037815744422,-0.010816815619414215,0.37397716941105164,8.782622101299227,0.0,True,20,3611,0.004215735370357055,0.3727499307671005,3032,0.003374257568922773,0.34729551451187335,3256,0.005793743233022377,0.4001842751842752
feat_squeeze:1:LONG:h20,PERP,feat_squeeze,1,LONG,11236,0.0052127399341571476,-0.011374020876551393,0.40147739409042366,11.35587348592271,0.0,True,20,3699,0.007572992452774964,0.4395782643957826,3555,0.0022116679774392993,0.36427566807313644,3982,0.005699489492109092,0.3992968357609242
feat_atr_ratio:2:LONG:h20,PERP,feat_atr_ratio,2,LONG,8775,0.006381886142920903,-0.00887390690340218,0.43703703703703706,11.194349833543905,0.0,True,20,3070,0.010808521900930918,0.48729641693811077,2076,0.00512564443083449,0.4325626204238921,3629,0.0033557593909783997,0.3970790851474235
feat_ret_autocorr:1:LONG:h20,PERP,feat_ret_autocorr,1,LONG,9484,0.007603005651085602,-0.009638437712548981,0.4170181358076761,14.693601209588488,0.0,True,20,3189,0.007310086268392331,0.4236437754782063,3088,0.007765186597377937,0.41224093264248707,3207,0.007738117952070356,0.415029622700343
feat_ret_3:2:LONG:h20,PERP,feat_ret_3,2,LONG,9495,0.007434358195620575,-0.011377692654348863,0.40621379673512376,13.557757398431233,0.0,True,20,3192,0.007348743442468571,0.41353383458646614,3253,0.006014073102581064,0.3802643713495235,3050,0.009038774490610321,0.4262295081967213
feat_ret_autocorr:2:LONG:h20,SPOT,feat_ret_autocorr,2,LONG,9995,0.003477839642965263,-0.004346831777100951,0.3058529264632316,11.956484580448624,0.0,True,20,3426,0.004471820743053008,0.31436077057793343,3131,0.002159865691891058,0.3104439476205685,3438,0.0036876119500951986,0.2931937172774869
feat_vwap_upper_dist:1:LONG:h20,PERP,feat_vwap_upper_dist,1,LONG,10142,0.003995196281319814,-0.010710547018416873,0.3656083612699665,8.438514513612564,0.0,True,20,3308,0.0030723249036093137,0.3567110036275695,3421,0.0018730802051175335,0.3346974568839521,3413,0.007016766048139134,0.40521535306182244
feat_donchian_width_20:0:LONG:h20,PERP,feat_donchian_width_20,0,LONG,10411,0.005911600303486005,-0.0102956704750451,0.39727211603112095,12.380889160071318,0.0,True,20,3122,0.0062293170366302195,0.3991031390134529,3270,0.0033383153034030368,0.3584097859327217,4019,0.007758510059493733,0.4274695197810401
feat_bb_squeeze_20:1:LONG:h20,PERP,feat_bb_squeeze_20,1,LONG,9630,0.0048856213127883305,-0.010664804475447964,0.39626168224299063,10.072897420183413,0.0,True,20,3201,0.008091413420040603,0.42924086223055297,3150,4.12496618670326e-05,0.34095238095238095,3279,0.0064098757089724,0.4172003659652333
feat_trend_strength_20:1:LONG:h20,PERP,feat_trend_strength_20,1,LONG,9436,0.005411804577082265,-0.010336557721568457,0.3964603645612548,10.389291229345824,0.0,True,20,3174,0.006787117280549511,0.41493383742911155,3120,0.0027692951138197476,0.3596153846153846,3142,0.0066464917204858325,0.4143857415658816
feat_asia_range:0:LONG:h20,PERP,feat_asia_range,0,LONG,20223,0.005297151020407375,-0.010838355039601897,0.39544083469317115,15.28111009673932,0.0,True,20,0,0.0,0.0,9958,0.004528735124677846,0.38009640490058244,10265,0.006042585554228578,0.4103263516804676
feat_rsi_14:1:LONG:h20,PERP,feat_rsi_14,1,LONG,10023,0.004273108209744256,-0.011065490186866526,0.37174498653097876,8.469738185114666,0.0,True,20,3673,0.0032930206361973004,0.3623740811325892,3136,0.0034273029703629893,0.34885204081632654,3214,0.006218443271454775,0.4047915370255134
feat_time_since_low_20:1:LONG:h20,PERP,feat_time_since_low_20,1,LONG,18094,0.00750927707423225,-0.01011910022682985,0.40510666519288163,18.969077289680076,0.0,True,20,6156,0.00893042695635636,0.4296621182586095,6104,0.005548604526822985,0.3736893840104849,5834,0.008061101989389969,0.41206719232087763
feat_williams_r_14:1:LONG:h20,PERP,feat_williams_r_14,1,LONG,9530,0.005831105795468951,-0.010660974541849999,0.39401888772298005,11.103936581865225,0.0,True,20,3164,0.005147769249423729,0.38147914032869784,3102,0.004703745078529983,0.379110251450677,3264,0.007564913937512996,0.42034313725490197
feat_stoch_d_14:1:LONG:h20,PERP,feat_stoch_d_14,1,LONG,9623,0.005295773259878146,-0.010740231994873523,0.3883404343759742,10.24061485401836,0.0,True,20,3203,0.004133235993152768,0.36840462066812363,3163,0.003715820047846981,0.3702181473284856,3257,0.007973390353822253,0.42554498004298436
feat_ret_autocorr:0:LONG:h20,PERP,feat_ret_autocorr,0,LONG,9833,0.008484899681070957,-0.009333746132907137,0.42428556900233905,16.30045526126576,0.0,True,20,3104,0.010938357387250632,0.45586340206185566,3506,0.0068741613271298225,0.39560752994865944,3223,0.007874200316794163,0.4250698107353397
feat_vwap_dist:1:LONG:h20,PERP,feat_vwap_dist,1,LONG,10095,0.0036375937105877993,-0.01068750433075414,0.3652303120356612,7.829228066322943,4.884981308350689e-15,True,20,3372,0.00274945212510754,0.3537959667852906,3325,0.0017317923996016614,0.3410526315789474,3398,0.006383798179471949,0.4002354326074161
feat_ret_5:0:LONG:h20,PERP,feat_ret_5,0,LONG,10312,0.004434331685711757,-0.010194946256689425,0.40709852598913887,9.390212637743431,0.0,True,20,3219,0.005632546195018606,0.4196955576265921,3396,0.004350898303055464,0.395170789163722,3697,0.003467679606199184,0.40708682715715444
feat_price_roc_5:0:LONG:h20,PERP,feat_price_roc_5,0,LONG,10312,0.004434331685711757,-0.010194946256689425,0.40709852598913887,9.390212637743431,0.0,True,20,3219,0.005632546195018606,0.4196955576265921,3396,0.004350898303055464,0.395170789163722,3697,0.003467679606199184,0.40708682715715444
feat_macd_12_26:0:LONG:h20,PERP,feat_macd_12_26,0,LONG,11619,0.0057581033433640825,-0.008694936381078008,0.4319648851019881,13.733473743493848,0.0,True,20,3926,0.004924495978337843,0.4215486500254712,3772,0.00571746381739178,0.4170201484623542,3921,0.0066318689151724335,0.4567712318286152
feat_trend_strength_20:0:LONG:h20,PERP,feat_trend_strength_20,0,LONG,10055,0.004898782679743563,-0.010126486278168803,0.38727001491795127,10.12282353847543,0.0,True,20,3324,0.006220744255884192,0.4007220216606498,3557,0.002095177538436859,0.34382906944053976,3174,0.006656256910536408,0.4218651543793321
feat_vol_breakout:2:LONG:h20,PERP,feat_vol_breakout,2,LONG,9670,0.009215069269307341,-0.010844271859425554,0.4249224405377456,16.2811040262348,0.0,True,20,2741,0.012438806052001712,0.46917183509668003,3406,0.008160724514411688,0.41426893716970054,3523,0.007726234672034937,0.400794777178541
feat_vwap_lower_dist:1:LONG:h20,PERP,feat_vwap_lower_dist,1,LONG,10250,0.003829445745363255,-0.010576030407105317,0.3686829268292683,8.354330495091356,0.0,True,20,3421,0.0026651360481980786,0.35486699795381466,3462,0.002419047750709486,0.34950895436164064,3367,0.006462621073992127,0.40243540243540243
feat_atr_norm_ext:1:LONG:h20,PERP,feat_atr_norm_ext,1,LONG,9839,0.004277449721762057,-0.010788431217436495,0.37351356845207845,8.570586204724727,0.0,True,20,3487,0.0035039999642172766,0.3639231431029538,3112,0.0029372543171711112,0.3512210796915167,3240,0.006397112500665045,0.4052469135802469
feat_mean_rev_strength:1:LONG:h20,PERP,feat_mean_rev_strength,1,LONG,9741,0.004026515262557773,-0.010717397464499836,0.37152243096191356,8.034394047143323,8.881784197001252e-16,True,20,3546,0.003911773263439408,0.3663282571912014,3175,0.0025113795010350067,0.3474015748031496,3020,0.005754141478355292,0.40298013245033115
feat_bb_pos_20:1:LONG:h20,PERP,feat_bb_pos_20,1,LONG,9678,0.004693619525749644,-0.010656477423477835,0.3794172349659021,9.174169789271232,0.0,True,20,3631,0.003891790416652945,0.3706967777471771,3070,0.0036337579397394747,0.36351791530944627,2977,0.006764568993059462,0.4064494457507558
feat_zscore_20:1:LONG:h20,PERP,feat_zscore_20,1,LONG,9678,0.004693619525749644,-0.010656477423477835,0.3794172349659021,9.174169789271232,0.0,True,20,3631,0.003891790416652945,0.3706967777471771,3070,0.0036337579397394747,0.36351791530944627,2977,0.006764568993059462,0.4064494457507558
feat_ext_vs_ma_50:0:LONG:h20,PERP,feat_ext_vs_ma_50,0,LONG,10137,0.00616629896797065,-0.0076264943794692374,0.44194534872250174,13.59630806133115,0.0,True,20,3389,0.005212295563180015,0.4293301858955444,3372,0.006700241520926201,0.43208778173190987,3376,0.006590666044472229,0.46445497630331756
feat_hour_utc:2:LONG:h20,PERP,feat_hour_utc,2,LONG,10265,0.006042585554228578,-0.010327769065246782,0.4103263516804676,12.601932281234411,0.0,True,20,0,0.0,0.0,0,0.0,0.0,10265,0.006042585554228578,0.4103263516804676
feat_ema_cross_10_20:0:LONG:h20,PERP,feat_ema_cross_10_20,0,LONG,11221,0.005754585463947102,-0.009087423530705995,0.4307993939934052,13.285999676318905,0.0,True,20,3751,0.004402031078042351,0.41402292721940814,3724,0.00611090212122738,0.41970998925886144,3746,0.006754721147293861,0.4586225306994127
feat_rsi_21:1:LONG:h20,PERP,feat_rsi_21,1,LONG,10128,0.0038364519474050813,-0.011033884486525116,0.36246050552922593,7.628014981498083,2.398081733190338e-14,True,20,3633,0.0042896926009437,0.368841178089733,3180,0.0021079486320929406,0.3264150943396226,3315,0.004997844782514225,0.3900452488687783
feat_asia_vol:0:LONG:h20,PERP,feat_asia_vol,0,LONG,19893,0.005683715721729502,-0.010587836383207786,0.3989845674357814,16.22758364411956,0.0,True,20,0,0.0,0.0,9944,0.004525936994077719,0.3799275945293644,9949,0.006840912592547608,0.4180319630113579
feat_cci_20:1:LONG:h20,PERP,feat_cci_20,1,LONG,9673,0.005015322256066057,-0.010633696483072231,0.37919983459112994,9.693190546774487,0.0,True,20,3400,0.003199895242646772,0.3552941176470588,3316,0.004901768097907509,0.3790711700844391,2957,0.007230066061977221,0.4068312478863713
feat_ret_20:0:LONG:h20,PERP,feat_ret_20,0,LONG,10279,0.006396832991331249,-0.008122705067881509,0.4386613483801926,13.79971514549115,0.0,True,20,3404,0.006361331819568606,0.44565217391304346,3579,0.006616805405526864,0.4230231908354289,3296,0.006194637820904653,0.4484223300970874
feat_vol_regime:2:LONG:h20,PERP,feat_vol_regime,2,LONG,8937,0.007402287514117253,-0.0063333938538094265,0.4512700011189437,13.302600427095728,0.0,True,20,3324,0.009440702038840823,0.47833935018050544,2702,0.005480851949709426,0.41450777202072536,2911,0.006858154575212685,0.4544829955341807
feat_vol_contraction:2:LONG:h20,PERP,feat_vol_contraction,2,LONG,8937,0.007402287514117253,-0.0063333938538094265,0.4512700011189437,13.302600427095728,0.0,True,20,3324,0.009440702038840823,0.47833935018050544,2702,0.005480851949709426,0.41450777202072536,2911,0.006858154575212685,0.4544829955341807
feat_donchian_width_20:2:LONG:h20,PERP,feat_donchian_width_20,2,LONG,9344,0.007293265887924706,-0.009268542321184807,0.4235873287671233,13.693326097195937,0.0,True,20,3182,0.007413156487419186,0.42551854179761156,3527,0.008656594064508728,0.43407995463566773,2635,0.00532364525551359,0.40721062618595827
feat_atr_ratio:0:LONG:h20,PERP,feat_atr_ratio,0,LONG,9405,0.004394477179278123,-0.010651977496566541,0.34598617756512495,8.877435681773935,0.0,True,20,3010,0.001381181491855189,0.30764119601328904,4110,0.005505632368213077,0.354014598540146,2285,0.006365230874079161,0.38205689277899346
feat_rsi_divergence:0:LONG:h20,PERP,feat_rsi_divergence,0,LONG,9305,0.0035734634085995954,-0.011371557196796823,0.38893068242880174,6.927977060399646,4.269029574288652e-12,True,20,3307,0.004215322099233868,0.39431508920471725,2897,0.0006715542749855973,0.3496720745598895,3101,0.005599972299329106,0.4198645598194131
feat_vol_regime:0:LONG:h20,SPOT,feat_vol_regime,0,LONG,9662,0.0024167961585659257,-0.004044483126281569,0.2834816808114262,8.421294413806702,0.0,True,20,2832,0.002555421184540557,0.2623587570621469,3654,0.0018897720141707135,0.29666119321291734,3176,0.0028995292032951304,0.2871536523929471
feat_vol_contraction:0:LONG:h20,SPOT,feat_vol_contraction,0,LONG,9662,0.0024167961585659257,-0.004044483126281569,0.2834816808114262,8.421294413806702,0.0,True,20,2832,0.002555421184540557,0.2623587570621469,3654,0.0018897720141707135,0.29666119321291734,3176,0.0028995292032951304,0.2871536523929471
feat_trend_slope_20:0:LONG:h20,PERP,feat_trend_slope_20,0,LONG,10027,0.004888437368458837,-0.009575415683655093,0.4186695921013264,10.653545189695956,0.0,True,20,3355,0.004635578491210504,0.42146050670640833,3408,0.0034224987959452753,0.38673708920187794,3264,0.006678958259480397,0.4491421568627451
feat_bb_squeeze_20:0:LONG:h20,PERP,feat_bb_squeeze_20,0,LONG,10176,0.005404457360651802,-0.010860090631067536,0.38060141509433965,10.911541080276198,0.0,True,20,3043,0.005349498031194027,0.3687150837988827,3530,0.004329724366357648,0.3623229461756374,3603,0.00650383252284952,0.4085484318623369
feat_hour_utc:1:LONG:h20,PERP,feat_hour_utc,1,LONG,9958,0.004528735124677846,-0.011183359404277157,0.38009640490058244,9.036084112283593,0.0,True,20,0,0.0,0.0,9958,0.004528735124677846,0.38009640490058244,0,0.0,0.0
feat_ret_10:1:LONG:h20,PERP,feat_ret_10,1,LONG,10320,0.004381013554562704,-0.010405889049170558,0.37296511627906975,9.46763616049801,0.0,True,20,3754,0.003792148924825012,0.366009589770911,3481,0.002900156623120787,0.34788853777650103,3085,0.006768521106713309,0.40972447325769856
feat_range_pos_50:0:LONG:h20,PERP,feat_range_pos_50,0,LONG,10650,0.004439624746221026,-0.009189704286040606,0.4059154929577465,9.967024881083676,0.0,True,20,3536,0.00391914302773259,0.3925339366515837,3530,0.004288471296955303,0.3909348441926346,3584,0.00510201175305225,0.43387276785714285
feat_ext_vs_ma_10:0:LONG:h20,PERP,feat_ext_vs_ma_10,0,LONG,10273,0.004405186739415583,-0.009662322015333897,0.4136084882702229,9.437494706132998,0.0,True,20,3283,0.006067298984754115,0.43100822418519646,3429,0.003958400437866809,0.39457567804024496,3561,0.0033030569237919778,0.4158944116821118
feat_rsi_divergence:1:LONG:h20,PERP,feat_rsi_divergence,1,LONG,10196,0.006601144805964799,-0.009783995208834027,0.39731267163593564,13.307729658420715,0.0,True,20,3261,0.007960281713788937,0.3983440662373505,3511,0.005943287448549128,0.38422101965252065,3424,0.00598128257625449,0.40975467289719625
feat_ext_vs_ma_20:1:LONG:h20,PERP,feat_ext_vs_ma_20,1,LONG,10242,0.003177316878801368,-0.010750669797062667,0.35500878734622143,6.934646151816364,4.072298054325074e-12,True,20,3594,0.0021960835530811127,0.3444629938786867,3378,0.0018288372144041132,0.33629366489046775,3270,0.00564878993047492,0.38593272171253823
feat_ret_vol:0:LONG:h20,PERP,feat_ret_vol,0,LONG,11847,0.005780223010428609,-0.009338912022680964,0.4293069975521229,13.476592392761,0.0,True,20,3979,0.005784910930298492,0.4312641367177683,3979,0.005768891832006516,0.41316913797436544,3889,0.005787020008571894,0.4438158909745436
feat_ext_strength:1:LONG:h20,PERP,feat_ext_strength,1,LONG,9439,0.0035011942590834474,-0.010524962357247187,0.3632800084754741,7.199700349597439,6.035172361862351e-13,True,20,3225,0.0027989911300941614,0.355968992248062,3186,0.0017950324817616891,0.3286252354048964,3028,0.006044271046909591,0.40752972258916775
feat_ret_sign_streak:2:LONG:h20,PERP,feat_ret_sign_streak,2,LONG,7050,0.007198964005836557,-0.010412595796270106,0.40184397163120567,11.630417084224026,0.0,True,20,2370,0.009289770431592737,0.4312236286919831,2367,0.004854110373053661,0.35868187579214195,2313,0.007456230464874591,0.41591007349762216
feat_vol_trend:1:LONG:h20,PERP,feat_vol_trend,1,LONG,8308,0.0035939440483960246,-0.010552033382038603,0.3429224843524314,6.822325994883167,8.957723451885613e-12,True,20,2676,0.0033321322369928874,0.34118086696562033,2902,0.002045310797081518,0.3142660234321158,2730,0.005496779983425144,0.3750915750915751
feat_rsi_21:0:LONG:h20,PERP,feat_rsi_21,0,LONG,11444,0.00435262688135588,-0.009559495023510521,0.4148025166025865,10.372292728561721,0.0,True,20,3829,0.004019261214648751,0.41159571689736224,3821,0.004032122112756901,0.3975399110180581,3794,0.0050118535177919084,0.4354243542435424
feat_rsi_7:0:LONG:h20,PERP,feat_rsi_7,0,LONG,10772,0.0040022907800866285,-0.0098813515567226,0.40438173041217973,8.939269619298264,0.0,True,20,3510,0.005692713633356752,0.4250712250712251,3580,0.0038278338951447176,0.38910614525139664,3682,0.0025604579265054,0.39951113525258014
feat_adx_14:0:LONG:h20,PERP,feat_adx_14,0,LONG,9915,0.002261718604168456,-0.011432818532818516,0.35814422592032275,5.000880113962454,5.706919283809953e-07,True,20,3232,0.004104598981626452,0.37902227722772275,3267,-0.0014768458783175865,0.29874502601775327,3416,0.004093598224876202,0.3951990632318501
feat_range_pos_20:0:LONG:h20,PERP,feat_range_pos_20,0,LONG,10735,0.004282730759657065,-0.009613166268543489,0.40745225896599907,9.737297643126182,0.0,True,20,3602,0.004759224490525557,0.4139367018323154,3725,0.0037635244312017985,0.38228187919463086,3408,0.004346613727646374,0.42811032863849763
feat_ext_vs_ma_10:1:LONG:h20,PERP,feat_ext_vs_ma_10,1,LONG,10255,0.004817486967931412,-0.010282599542666308,0.3822525597269625,10.177692409310685,0.0,True,20,3767,0.0027997720323313597,0.3634191664454473,3362,0.0033895604338722977,0.3560380725758477,3126,0.008784672243015271,0.4331413947536788
feat_rsi_14:0:LONG:h20,PERP,feat_rsi_14,0,LONG,11189,0.004138570283469436,-0.009700119179364924,0.41120743587451963,9.603524557492861,0.0,True,20,3695,0.005064293685351898,0.42110960757780785,3717,0.0034307205894887343,0.3909066451439333,3777,0.003929549722857988,0.42149854381784485
feat_vwap_lower_dist:0:LONG:h20,PERP,feat_vwap_lower_dist,0,LONG,9852,0.005237628083255691,-0.009486571411918006,0.4242793341453512,10.556939993092396,0.0,True,20,3222,0.006767113261065561,0.4407200496585971,3445,0.004238146634131344,0.39100145137880987,3185,0.004771446717268242,0.44364207221350077
feat_mean_rev_strength:2:LONG:h20,PERP,feat_mean_rev_strength,2,LONG,10486,0.004658783880663667,-0.009498476425087282,0.4157924852183864,10.358415663295965,0.0,True,20,3430,0.005416542692754603,0.42478134110787175,3536,0.0035355295674768038,0.3891402714932127,3520,0.005048759598265038,0.43380681818181815
feat_time_since_low_20:0:LONG:h20,PERP,feat_time_since_low_20,0,LONG,11309,0.004344116190754364,-0.009732619586296013,0.41144221416570875,10.362648872739145,0.0,True,20,3581,0.003692279025180218,0.4015638089919017,3671,0.0038191294426193354,0.40070825388177606,4057,0.005394511863005955,0.4298742913482869
feat_adx_14:1:LONG:h20,PERP,feat_adx_14,1,LONG,9416,0.007277685303188362,-0.009625479426641586,0.40877230246389124,13.59994226973648,0.0,True,20,3050,0.009357970790999596,0.4524590163934426,3155,0.006845062316376361,0.3781299524564184,3211,0.0057267836481175475,0.39738399252569295
feat_ext_vs_ma_20:0:LONG:h20,PERP,feat_ext_vs_ma_20,0,LONG,10134,0.005335150652761332,-0.009044153868876352,0.42757055456877835,11.281442915045686,0.0,True,20,3352,0.006554340046124506,0.4406324582338902,3415,0.004079138043433453,0.39326500732064423,3367,0.005395311096569278,0.44936144936144934
feat_ret_10:0:LONG:h20,PERP,feat_ret_10,0,LONG,10253,0.003963433981318145,-0.010098909758843398,0.40797815273578464,8.507752680539616,0.0,True,20,3475,0.0038644365904501603,0.4028776978417266,3320,0.00286833781878582,0.3822289156626506,3458,0.005114311712050813,0.43782533256217465
feat_atr_percent:0:LONG:h20,PERP,feat_atr_percent,0,LONG,11484,0.0019498019420424101,-0.011033884486525116,0.33786137234413094,5.219328000719054,1.7957349385255839e-07,True,20,3683,0.002251898112329525,0.34754276405104534,4567,0.00016135248494138056,0.31661922487409677,3234,0.004131381557197932,0.35683364254792826
feat_vol_trend:0:LONG:h20,PERP,feat_vol_trend,0,LONG,11646,0.0042176837012655,-0.01064878245222064,0.4101837540786536,9.940463620572174,0.0,True,20,3957,0.004302160369556653,0.40965377811473336,3857,0.002936961644838968,0.38397718434016076,3832,0.005419528898345105,0.43710855949895616
feat_stoch_d_14:0:LONG:h20,PERP,feat_stoch_d_14,0,LONG,10615,0.004137446836171725,-0.009828053800220381,0.403485633537447,9.0799109583323,0.0,True,20,3632,0.004993715383159056,0.4138215859030837,3649,0.0031173444354688,0.3716086599068238,3334,0.004321125989593136,0.42711457708458306
feat_vwap_dist:0:LONG:h20,PERP,feat_vwap_dist,0,LONG,10163,0.0052435351965575035,-0.00903637259898884,0.4233986027747712,11.050687430215113,0.0,True,20,3463,0.006169291817594965,0.43170661276349986,3410,0.004334410042232492,0.39208211143695015,3290,0.005211383706464966,0.447112462006079
feat_kc_width:0:LONG:h20,PERP,feat_kc_width,0,LONG,11594,0.0019153578376415788,-0.011033884486525116,0.33810591685354496,5.157363751835865,2.504509664102983e-07,True,20,3714,0.0019251619551687047,0.3446418955304254,4614,0.00028062953622695613,0.3190290420459471,3266,0.004213650516830594,0.35762400489895896
feat_keltner_pos:0:LONG:h20,PERP,feat_keltner_pos,0,LONG,10620,0.004630518850991651,-0.009297621514500434,0.41911487758945387,10.551183413461958,0.0,True,20,3481,0.005051053960760045,0.4220051709278943,3683,0.003549419939892675,0.3953298941080641,3456,0.005359050266637992,0.44155092592592593
feat_vwap_upper_dist:0:LONG:h20,PERP,feat_vwap_upper_dist,0,LONG,10263,0.0047195701210594266,-0.009172254216805167,0.41557049595634804,10.26644133271118,0.0,True,20,3586,0.005259963442051882,0.4199665365309537,3333,0.004246628905557033,0.38883888388838883,3344,0.004611454876499181,0.4375
feat_stoch_k_14:0:LONG:h20,PERP,feat_stoch_k_14,0,LONG,10725,0.004329382210551077,-0.009589817870940483,0.40531468531468534,9.504341998969988,0.0,True,20,3713,0.0049031103555977834,0.41044977107460273,3628,0.003410511643413531,0.37679162072767364,3384,0.004684999768180091,0.4302600472813239
feat_trend_slope_20:1:LONG:h20,PERP,feat_trend_slope_20,1,LONG,10375,0.0035703310250885904,-0.010708127960458431,0.3583614457831325,7.686542524737099,1.509903313490213e-14,True,20,3427,0.004016197356971854,0.36620951269331775,3609,0.0017431508000491259,0.32418952618453867,3339,0.005087644446113894,0.38724168912848156
feat_atr_norm_ext:0:LONG:h20,PERP,feat_atr_norm_ext,0,LONG,10445,0.004766139694566501,-0.009368739028895026,0.41656294877932026,10.471839662681953,0.0,True,20,3466,0.005759770580907365,0.4272937103289094,3576,0.0036009498637154577,0.3889821029082774,3403,0.004978538808015187,0.4346165148398472
feat_donchian_break:0:LONG:h20,PERP,feat_donchian_break,0,LONG,10458,0.004005411363965936,-0.00959479708501709,0.4044750430292599,8.867689968993657,0.0,True,20,3674,0.004636098314324908,0.4066412629286881,3713,0.0036005080223696926,0.3843253433880959,3071,0.003740436519201358,0.4262455226310648
feat_bb_pos_20:0:LONG:h20,PERP,feat_bb_pos_20,0,LONG,10431,0.004564654126116801,-0.009472065899748349,0.41539641453360177,10.227975872353852,0.0,True,20,3322,0.005628489017123501,0.42986152919927756,3573,0.003510744265793462,0.3853904282115869,3536,0.004630140671085985,0.4321266968325792
feat_zscore_20:0:LONG:h20,PERP,feat_zscore_20,0,LONG,10431,0.004564654126116801,-0.009472065899748349,0.41539641453360177,10.227975872353852,0.0,True,20,3322,0.005628489017123501,0.42986152919927756,3573,0.003510744265793462,0.3853904282115869,3536,0.004630140671085985,0.4321266968325792
feat_vol_sma_ratio:2:LONG:h20,PERP,feat_vol_sma_ratio,2,LONG,9808,0.005876899365966567,-0.011451643515758494,0.39049755301794453,11.410581916912221,0.0,True,20,2132,0.009542880166354708,0.4268292682926829,4330,0.004400604728918096,0.3789838337182448,3346,0.0054514614436690055,0.3822474596533174
feat_squeeze:0:LONG:h20,PERP,feat_squeeze,0,LONG,9684,0.002888444018054209,-0.011153229618413698,0.3346757538207352,6.452937242171631,1.0970291342005112e-10,True,20,2961,0.0010218402809117064,0.29584599797365757,3911,0.0022381929262985088,0.3308616722065968,2812,0.005758339354304385,0.3808677098150782
feat_trend_neutral:1:LONG:h20,PERP,feat_trend_neutral,1,LONG,1991,0.004553474678228307,-0.007265245397437864,0.394776494224008,7.421816233172647,1.1546319456101628e-13,True,20,623,0.004414877302359392,0.41412520064205455,729,0.003901346233018787,0.39094650205761317,639,0.005432579219267547,0.38028169014084506
feat_ext_strength:0:LONG:h20,PERP,feat_ext_strength,0,LONG,11135,0.0037822420049813273,-0.01067107046936943,0.4033228558599012,8.580670903007617,0.0,True,20,3765,0.004312654895669809,0.4098273572377158,3657,0.003150235648455042,0.3822805578342904,3713,0.0038668751082332783,0.4174521949905737
feat_cci_20:0:LONG:h20,PERP,feat_cci_20,0,LONG,10014,0.0034062287151227937,-0.010158806140247988,0.39734371879368885,7.538226888419142,4.75175454539567e-14,True,20,3355,0.005575149863965237,0.4202682563338301,3309,0.00189998186777596,0.36294953158053794,3350,0.0027218825549748154,0.4083582089552239
feat_ret_vol:1:LONG:h20,PERP,feat_ret_vol,1,LONG,8081,0.0015080850379225513,-0.011064879604381319,0.32533102338819453,2.93460978990853,0.003339673812956967,False,20,2646,0.0018383826780095757,0.3318216175359032,2597,-0.0008718777938463908,0.28224874855602616,2838,0.0033779919859259623,0.3587033121916843
feat_time_since_high_20:1:LONG:h20,PERP,feat_time_since_high_20,1,LONG,14426,0.0048720194826419524,-0.01076821537031538,0.38777207819215304,11.546653054761618,0.0,True,20,5155,0.004642375435220298,0.38913676042677015,4644,0.0028479038845550197,0.3505598621877692,4627,0.007159421233662987,0.4236006051437216
feat_vol_breakout_strength:2:LONG:h20,PERP,feat_vol_breakout_strength,2,LONG,10116,0.005712259021085086,-0.011792202556684438,0.3965005931198102,10.842692828883923,0.0,True,20,2544,0.008297535418836348,0.4257075471698113,4110,0.004439414125269854,0.3858880778588808,3462,0.005323596215169832,0.3876372039283651
feat_ret_3:1:LONG:h20,PERP,feat_ret_3,1,LONG,10317,0.005738379836098254,-0.009556820117441302,0.3972084908403606,12.042421767544425,0.0,True,20,3733,0.005704805160354025,0.3969997321189392,3191,0.002818501640667821,0.35976183014728924,3393,0.008521364093738019,0.4326554671382258
feat_trend_neutral:2:LONG:h20,PERP,feat_trend_neutral,2,LONG,9487,0.0038290530060998773,-0.010115374841168995,0.3628122694213134,8.754630908066911,0.0,True,20,3054,0.003178842704991714,0.3578912901113294,3442,0.002462580326229972,0.33410807669959325,2991,0.006065476016362847,0.4008692744901371
feat_realized_vol_20:0:LONG:h20,PERP,feat_realized_vol_20,0,LONG,11861,0.0033813982980860045,-0.01077515747528959,0.3525840991484698,8.758166970354951,0.0,True,20,3540,0.001862717937148123,0.3290960451977401,4233,0.0021553312928913578,0.3456177651783605,4088,0.005966053413230093,0.3801369863013699
feat_ret_20:1:LONG:h20,PERP,feat_ret_20,1,LONG,10140,0.0023962904431884184,-0.011007200810809106,0.3458579881656805,5.24508445605001,1.562107543318092e-07,True,20,3370,0.0030882846924865327,0.3578635014836795,3260,-0.0006460734029380105,0.295398773006135,3510,0.0045575683686122125,0.3811965811965812
feat_bb_width_20:0:LONG:h20,PERP,feat_bb_width_20,0,LONG,11271,0.002765125103159553,-0.011213850417901804,0.34318161653801793,6.660980991825395,2.7200464103316335e-11,True,20,3363,0.002176653103853634,0.3232233125185846,4207,0.0012910675215786905,0.3299263132873782,3701,0.004975444362650637,0.3763847608754391
feat_williams_r_14:2:LONG:h20,PERP,feat_williams_r_14,2,LONG,10747,0.004339661063639905,-0.009582926829268203,0.4055085140039081,9.539216012576235,0.0,True,20,3726,0.0048851424044562865,0.4106280193236715,3631,0.003383585885945201,0.3764803084549711,3390,0.004764158259606757,0.43097345132743364
feat_close_pos_ma:2:LONG:h20,PERP,feat_close_pos_ma,2,LONG,8892,0.008746337835426329,-0.009165665365393125,0.4299370220422852,16.139888292095776,0.0,True,20,2415,0.011531909872335148,0.48074534161490684,3173,0.006601683954605264,0.4087614245193823,3304,0.008769894220023918,0.413135593220339
feat_vol_roc_20:0:LONG:h20,PERP,feat_vol_roc_20,0,LONG,9992,0.006210112597509592,-0.009524856559087655,0.4049239391513211,12.723053847827682,0.0,True,20,3346,0.004787849601875453,0.39420203227734607,3733,0.00582174250138061,0.39271363514599517,2913,0.00834148147915783,0.4328870580157913
feat_ret_1:2:LONG:h20,PERP,feat_ret_1,2,LONG,9698,0.00617093878899818,-0.011568096431711737,0.3957517013817282,11.498420281262996,0.0,True,20,3158,0.006376840509553651,0.4012032932235592,3297,0.005589228134922924,0.37609948437973917,3243,0.0065618306770561345,0.41042244835029296
feat_price_accel:2:LONG:h20,PERP,feat_price_accel,2,LONG,9883,0.005229625183827886,-0.011464551907719571,0.3926945259536578,10.198454294629942,0.0,True,20,3098,0.005462658757947983,0.3999354422207876,3412,0.005420234674222771,0.3865767878077374,3373,0.00482277739436705,0.3922324340349837
feat_ret_5:1:LONG:h20,PERP,feat_ret_5,1,LONG,10410,0.005169413995861101,-0.009995641241375225,0.3878001921229587,10.9485904918928,0.0,True,20,3849,0.004447554966660598,0.38503507404520654,3430,0.0036312865583571067,0.35918367346938773,3131,0.007741822975111004,0.4225487064835516
feat_price_roc_5:1:LONG:h20,PERP,feat_price_roc_5,1,LONG,10410,0.005169413995861101,-0.009995641241375225,0.3878001921229587,10.9485904918928,0.0,True,20,3849,0.004447554966660598,0.38503507404520654,3430,0.0036312865583571067,0.35918367346938773,3131,0.007741822975111004,0.4225487064835516
feat_gap:2:LONG:h20,PERP,feat_gap,2,LONG,9923,0.005361833969064772,-0.011115960335078822,0.397359669454802,11.152386093421473,0.0,True,20,3081,0.006484019089052958,0.4115546900357027,3398,0.004613613193963703,0.37698646262507357,3444,0.005096155060560078,0.40476190476190477
feat_overnight_ret:2:LONG:h20,PERP,feat_overnight_ret,2,LONG,9952,0.005391858833470787,-0.011146781351719016,0.4015273311897106,11.055304399612153,0.0,True,20,3122,0.006465013028752972,0.4154388212684177,3317,0.004683037396402281,0.381971661139584,3513,0.005107421972976984,0.4076288072872189
feat_session_mom:1:LONG:h20,PERP,feat_session_mom,1,LONG,7228,0.005860511805973909,-0.010377915893399259,0.3861372440509131,10.27394320011994,0.0,True,20,2274,0.006694953415093964,0.39006156552330695,2468,0.004830560176841596,0.3711507293354943,2486,0.006119723552377583,0.39742558326629124
feat_ext_vs_ma_50:1:LONG:h20,PERP,feat_ext_vs_ma_50,1,LONG,10002,0.003299913457571761,-0.011473448858230696,0.33823235352929415,6.730886452047712,1.6863399565636428e-11,True,20,3423,0.004670482100104357,0.35056967572305,3198,0.0012577442338363555,0.31019387116948094,3381,0.0038439538935719835,0.35226264418811004
feat_price_accel:1:LONG:h20,PERP,feat_price_accel,1,LONG,10467,0.005301194102154675,-0.009716336191027245,0.3936180376421133,11.399964756602158,0.0,True,20,3707,0.005797280309390662,0.40248179120582683,3290,0.0036307408183782817,0.3635258358662614,3470,0.006355026878350795,0.41268011527377524
feat_vol_of_vol:0:LONG:h20,PERP,feat_vol_of_vol,0,LONG,10432,0.0037160498277238846,-0.012014855337446305,0.361579754601227,8.26078550953848,0.0,True,20,3133,0.004656695785885495,0.36865624002553465,3985,0.003248959474926561,0.358594730238394,3314,0.003388443089334328,0.3584791792395896
feat_asia_range:2:LONG:h20,PERP,feat_asia_range,2,LONG,10107,0.0062223973456258,-0.009863759836707446,0.4103096863559909,12.286692414623026,0.0,True,20,10107,0.0062223973456258,0.4103096863559909,0,0.0,0.0,0,0.0,0.0
feat_hl_range:2:LONG:h20,PERP,feat_hl_range,2,LONG,8921,0.006955199882932428,-0.01189132485471243,0.4185629413742854,11.505477211916416,0.0,True,20,2413,0.010953323968709593,0.4591794446746788,3506,0.005740262343477788,0.40387906446092414,3002,0.005160428928351374,0.40306462358427714
feat_ema_cross_10_20:1:LONG:h20,PERP,feat_ema_cross_10_20,1,LONG,9746,0.001912392274984959,-0.011248380500242534,0.3370613585060538,3.935261742751649,8.310607399319991e-05,True,20,3315,0.003751532774896981,0.3625942684766214,3203,-0.001056079881818255,0.2909772088666875,3228,0.0029691659927768847,0.35656753407682773
feat_macd_12_26:1:LONG:h20,PERP,feat_macd_12_26,1,LONG,8846,0.0031340141839723916,-0.01103770496462712,0.3445625141306805,6.100116276848277,1.0599134903088725e-09,True,20,2881,0.004760382882532823,0.37035751475182227,3045,0.00013273778767797196,0.29819376026272576,2920,0.004659123227179207,0.36746575342465754
feat_gap_fill_ratio:0:LONG:h20,PERP,feat_gap_fill_ratio,0,LONG,10999,0.005870707302621616,-0.011250303683203688,0.39939994544958635,12.088048254498823,0.0,True,20,3687,0.006594809285938344,0.40629237862761053,3648,0.004491805858923731,0.3862390350877193,3664,0.00651493995931406,0.40556768558951967
feat_gap_fill_ratio:1:LONG:h20,PERP,feat_gap_fill_ratio,1,LONG,13726,0.006632446344005889,-0.010555754022855,0.40725630190878626,15.093431958199893,0.0,True,20,4551,0.0071674293577840085,0.4144144144144144,4572,0.0054173894060113945,0.38538932633420825,4603,0.0073103808703597,0.42189876167716706
feat_intraday_mom:1:LONG:h20,PERP,feat_intraday_mom,1,LONG,10170,0.005880755163600931,-0.010605368166763687,0.40285152409046215,12.082666313642616,0.0,True,20,3370,0.0073812719864656704,0.4195845697329377,3360,0.004367132678867018,0.3761904761904762,3440,0.005889194075127608,0.4125
feat_range_expansion:2:LONG:h20,PERP,feat_range_expansion,2,LONG,9834,0.004419031803619399,-0.012003528215423616,0.37370347773032336,8.850890682705481,0.0,True,20,2538,0.008153092380638613,0.40189125295508277,4444,0.0024378684561132467,0.36161116111611163,2852,0.004183142663311748,0.36746143057503505
feat_vol_roc_20:2:LONG:h20,PERP,feat_vol_roc_20,2,LONG,9714,0.0063062359432853096,-0.010311287100690358,0.41352686843730696,12.337201802291602,0.0,True,20,3091,0.009152427412168816,0.44613393723714007,2960,0.004367971228565053,0.3935810810810811,3663,0.005470769310812754,0.4021294021294021
feat_intraday_mom:2:LONG:h20,PERP,feat_intraday_mom,2,LONG,9723,0.005495163089632167,-0.011061335376124783,0.3892831430628407,10.56828224303671,0.0,True,20,3273,0.005267748633380804,0.3901619309501986,3232,0.004896306554347885,0.37097772277227725,3218,0.006327926246049044,0.4067743940335612
feat_buy_vol_ratio:0:LONG:h20,PERP,feat_buy_vol_ratio,0,LONG,10479,0.005737407007288729,-0.009735793147253341,0.41196679072430575,11.925967316243696,0.0,True,20,3702,0.006433772428228967,0.4211237169097785,3217,0.004892594029541777,0.39384519738887164,3560,0.005776681883999736,0.41882022471910113
feat_close_position:0:LONG:h20,PERP,feat_close_position,0,LONG,10479,0.005737407007288729,-0.009735793147253341,0.41196679072430575,11.925967316243696,0.0,True,20,3702,0.006433772428228967,0.4211237169097785,3217,0.004892594029541777,0.39384519738887164,3560,0.005776681883999736,0.41882022471910113
feat_vol_roc_20:1:LONG:h20,PERP,feat_vol_roc_20,1,LONG,9829,0.006182642715291517,-0.010364618344830418,0.4029911486417743,12.036366827685319,0.0,True,20,3357,0.00693086828105567,0.4164432529043789,3099,0.0044466584640639436,0.36721523071958695,3373,0.007032930877249413,0.42247257634153573
feat_vol_sma_ratio:1:LONG:h20,PERP,feat_vol_sma_ratio,1,LONG,9815,0.0059157404708858686,-0.010357173612179079,0.40183392766174225,11.720649565300914,0.0,True,20,3144,0.006338714182353995,0.4013994910941476,3170,0.005972139408637085,0.3924290220820189,3501,0.00548483102172073,0.4107397886318195
feat_buy_vol_ratio:1:LONG:h20,PERP,feat_buy_vol_ratio,1,LONG,10100,0.005715737883357884,-0.010752314667198226,0.39732673267326735,11.537638097799611,0.0,True,20,3197,0.006672849194211663,0.40819518298404756,3363,0.004053432175492758,0.3719892952720785,3540,0.0064305540513666035,0.4115819209039548
feat_close_position:1:LONG:h20,PERP,feat_close_position,1,LONG,10100,0.005715737883357884,-0.010752314667198226,0.39732673267326735,11.537638097799611,0.0,True,20,3197,0.006672849194211663,0.40819518298404756,3363,0.004053432175492758,0.3719892952720785,3540,0.0064305540513666035,0.4115819209039548
feat_session_mom:2:LONG:h20,PERP,feat_session_mom,2,LONG,11255,0.005620617136419122,-0.010931713957502542,0.3988449577965349,11.642458534909776,0.0,True,20,3861,0.006011379098807138,0.40714840714840717,3686,0.004784152216753112,0.3752034725990233,3708,0.006045233575768849,0.41370010787486516
feat_close_pos_ma:1:LONG:h20,PERP,feat_close_pos_ma,1,LONG,10396,0.004752684036298259,-0.010903435218541636,0.3971719892266256,9.982192299849622,0.0,True,20,3495,0.005226583509591024,0.40772532188841204,3336,0.0037366725708432016,0.37260191846522783,3565,0.005238837076859229,0.40981767180925666
feat_vol_breakout:1:LONG:h20,PERP,feat_vol_breakout,1,LONG,9539,0.003936583095331604,-0.010353525250060927,0.36859209560750605,8.16222702564476,4.440892098500626e-16,True,20,3904,0.0029273968795703606,0.36603483606557374,2697,0.002069740121964551,0.3303670745272525,2938,0.00699129326738839,0.40707964601769914
feat_vol_of_vol:0:SHORT:h20,SPOT,feat_vol_of_vol,0,SHORT,10312,-0.0004840386497119306,-0.004452779693017733,0.2985841737781226,-2.290741406369901,0.021978374293261105,False,20,3541,-5.469362635575952e-05,0.30584580626941543,3645,-0.0014035150552043324,0.2685871056241427,3126,0.00010175174386311921,0.3253358925143954
feat_buy_vol_ratio:2:LONG:h20,PERP,feat_buy_vol_ratio,2,LONG,9756,0.005351555330654324,-0.01117445308510686,0.3910414104141041,10.449910816969556,0.0,True,20,3213,0.005535575775991322,0.3996265172735761,3378,0.004655410589793947,0.37507400828892834,3165,0.005907738346059878,0.3993680884676145
feat_close_position:2:LONG:h20,PERP,feat_close_position,2,LONG,9756,0.005351555330654324,-0.01117445308510686,0.3910414104141041,10.449910816969556,0.0,True,20,3213,0.005535575775991322,0.3996265172735761,3378,0.004655410589793947,0.37507400828892834,3165,0.005907738346059878,0.3993680884676145
feat_ret_sign_streak:1:LONG:h20,PERP,feat_ret_sign_streak,1,LONG,7939,0.005537564424090144,-0.010148389621335204,0.4016878700088172,10.02049178133232,0.0,True,20,2606,0.004790739534346255,0.39600920951650037,2623,0.005049190426406251,0.3896301944338544,2710,0.0067284244457128115,0.4188191881918819
feat_rsi_divergence:0:SHORT:h20,SPOT,feat_rsi_divergence,0,SHORT,9414,-0.0005282759037589535,-0.004617816639664489,0.2975355852984916,-2.6771582453016243,0.007424955733263072,False,20,2929,-0.0017556500944181385,0.28337316490269715,3244,4.901908651777245e-05,0.281442663378545,3241,3.1138080531588145e-06,0.3264424560320889
feat_gap:1:LONG:h20,PERP,feat_gap,1,LONG,8575,0.007349263590189315,-0.011405182426987506,0.40956268221574343,12.099797864180967,0.0,True,20,2950,0.008219226887950038,0.41966101694915253,2755,0.005014598674629835,0.3705989110707804,2870,0.008696166068925282,0.43658536585365854
feat_range_expansion:1:LONG:h20,PERP,feat_range_expansion,1,LONG,9955,0.005493361579739228,-0.010619805603887917,0.39558011049723757,10.981814660392853,0.0,True,20,3402,0.003994539829061135,0.38330393885949443,3239,0.006314636719012258,0.3924050632911392,3314,0.006229294416100584,0.41128545564272784
feat_ext_vs_ma_50:1:SHORT:h20,SPOT,feat_ext_vs_ma_50,1,SHORT,10089,-0.000574852245615551,-0.003918716204430473,0.30726533848746157,-2.4401660865844574,0.014680510744434994,False,20,3577,0.0005496176033515748,0.3153480570310316,3104,-0.0012412914513427662,0.28737113402061853,3408,-0.0011480920798814355,0.31690140845070425
feat_gap:0:SHORT:h20,SPOT,feat_gap,0,SHORT,17961,-0.0005862554445112414,-0.004529694661416254,0.26969545125549804,-4.47217698724467,7.742730219195693e-06,False,20,6057,-0.00026899381371539127,0.2747234604589731,5763,-0.0012101672895079949,0.24744056914801318,6141,-0.00031366950329876376,0.28562123432665687
feat_range_expansion:0:SHORT:h20,SPOT,feat_range_expansion,0,SHORT,17919,-0.0006235443155294546,-0.004390998593530263,0.26340755622523576,-4.83098443383102,1.3585962717055367e-06,False,20,6647,-0.0008775667542785167,0.2608695652173913,4749,-0.00012519136831015793,0.2543693409138766,6523,-0.0007275135008704674,0.2725739690326537
feat_time_since_low_20:2:SHORT:h20,PERP,feat_time_since_low_20,2,SHORT,172,0.0025259988115114754,-0.017006252689697618,0.38953488372093026,0.9709869204101931,0.331554791885877,False,20,58,0.007258551688843445,0.43103448275862066,55,-0.003607984223766376,0.2909090909090909,59,0.0035917784734610944,0.4406779661016949
feat_intraday_mom:0:LONG:h20,PERP,feat_intraday_mom,0,LONG,10442,0.005441894629653492,-0.009994533288755228,0.4082551235395518,11.285851990084224,0.0,True,20,3469,0.006001874171234869,0.42000576535024503,3366,0.004337111047800491,0.3927510398098633,3607,0.005934307301339492,0.41142223454394233
feat_ret_1:1:LONG:h20,PERP,feat_ret_1,1,LONG,10247,0.004705786073887872,-0.009893797381116499,0.39045574314433495,10.328204653637815,0.0,True,20,3633,0.005385394735604421,0.40407376823561797,3213,0.0027378750092795223,0.3572984749455338,3401,0.005838946903811542,0.40723316671567183
feat_range_pos_50:2:SHORT:h20,SPOT,feat_range_pos_50,2,SHORT,8283,-0.0008944185653188643,-0.005773849965518139,0.329711457201497,-3.6789686912529267,0.00023417901121369766,False,20,2712,-0.0007248030478092074,0.3255899705014749,2669,-0.0031162121119801545,0.26639190708130384,2902,0.0009904779517565302,0.3917987594762233
feat_vol_breakout_strength:1:LONG:h20,PERP,feat_vol_breakout_strength,1,LONG,10491,0.005359890636036718,-0.010634074662954544,0.4000571918787532,11.203857629161593,0.0,True,20,3576,0.004925093268633098,0.395413870246085,3275,0.006063357745552966,0.39114503816793894,3640,0.00515411607619321,0.4126373626373626
feat_squeeze:1:SHORT:h20,SPOT,feat_squeeze,1,SHORT,11093,-0.0009584706774580699,-0.004757953308334326,0.27485801857026954,-5.768554801586509,7.995421436035599e-09,False,20,3555,-0.0012914521507108303,0.2548523206751055,3600,-0.0014420440954303702,0.2619444444444444,3938,-0.0002158060146561789,0.3047232097511427
feat_atr_ratio:1:SHORT:h20,SPOT,feat_atr_ratio,1,SHORT,9350,-0.0010359964198355367,-0.0052714879937443455,0.27711229946524063,-5.66139176334213,1.5015019894093484e-08,False,20,3126,-0.0014389588748370923,0.2658349328214971,2996,6.41118391974565e-05,0.2910547396528705,3228,-0.0016668092171490392,0.275092936802974
feat_vol_sma_ratio:0:SHORT:h20,SPOT,feat_vol_sma_ratio,0,SHORT,15990,-0.0010765465382201402,-0.004198827292110853,0.26841776110068793,-6.652208664772513,2.8872682023006746e-11,False,20,6333,-0.0010810407953648201,0.27143533870203695,4077,-0.0013119423705016029,0.25656119695854795,5580,-0.0008994549721432977,0.27365591397849465
feat_hl_range:1:LONG:h20,PERP,feat_hl_range,1,LONG,10821,0.005846544884597146,-0.01111604462446224,0.4032898992699381,12.472915547187627,0.0,True,20,3649,0.006828118617559,0.4105234310770074,3461,0.004440608499414873,0.37821438890494075,3711,0.00619259265542389,0.4195634599838319
feat_kc_width:1:SHORT:h20,SPOT,feat_kc_width,1,SHORT,10387,-0.0011577144640921736,-0.004972825209060706,0.2747665350919419,-6.75915752929723,1.3879564164653857e-11,False,20,3328,-0.0005274201065549538,0.2854567307692308,3340,-0.0019895776690287657,0.25449101796407186,3719,-0.0009746535653010071,0.28340951868781933
feat_macd_12_26:1:SHORT:h20,SPOT,feat_macd_12_26,1,SHORT,8927,-0.001160458340776707,-0.00405429200293464,0.2860983533101826,-4.756496219892138,1.9698192588180063e-06,False,20,3076,-0.0005981518115989486,0.2864109232769831,2952,-0.0011742527084463179,0.2777777777777778,2899,-0.001743050238117202,0.2942393928941014
feat_donchian_width_20:2:SHORT:h20,SPOT,feat_donchian_width_20,2,SHORT,9487,-0.0011697329389812113,-0.004889488648069561,0.2666807209866133,-6.566192044039457,5.161826521771218e-11,False,20,3838,-0.001379590138520808,0.2545596664929651,3438,-0.003131452452812255,0.21495055264688773,2211,0.0022449317468551063,0.3681592039800995
feat_vol_breakout:0:SHORT:h20,SPOT,feat_vol_breakout,0,SHORT,21287,-0.0012268103383139184,-0.004076897386657666,0.2812044910038991,-7.941833315637468,1.9984014443252818e-15,False,20,7054,-0.0011703838919292302,0.2812588602211511,7136,-0.0016959682204222078,0.26597533632286996,7097,-0.0008111588667164598,0.29646329434972524
feat_atr_percent:1:SHORT:h20,SPOT,feat_atr_percent,1,SHORT,10428,-0.0012389360451679733,-0.005053402964959545,0.27263137706175683,-7.249184140097951,4.192202140984591e-13,False,20,3314,-0.0006435711293041115,0.2833433916716958,3394,-0.0020235126800872433,0.2551561579257513,3720,-0.0010535022366348656,0.27903225806451615
feat_overnight_ret:1:LONG:h20,PERP,feat_overnight_ret,1,LONG,8821,0.005865824153189047,-0.012313640277766779,0.3887314363450856,10.2146957617254,0.0,True,20,3017,0.006488426478717056,0.3974146503148823,2901,0.004303568956115406,0.3595311961392623,2903,0.006779951301171353,0.40888735790561487
feat_ret_1:0:SHORT:h20,SPOT,feat_ret_1,0,SHORT,20558,-0.0012982415237387987,-0.004171945772509019,0.2775075396439342,-8.091809136266,4.440892098500626e-16,False,20,6927,-0.0009414419865246832,0.2828064097011693,6654,-0.0020991694826857947,0.25247971145175835,6977,-0.0008886350675898618,0.29611580908700014
feat_vol_breakout_strength:0:SHORT:h20,SPOT,feat_vol_breakout_strength,0,SHORT,18043,-0.001302595544858305,-0.003956547132344388,0.27318073491104583,-7.497096349141565,6.52811138479592e-14,False,20,6931,-0.0013944038379316327,0.2745635550425624,4901,-0.00140252372009629,0.26178330952866763,6211,-0.001121292813231739,0.2806311383030108
feat_trend_strength_20:2:SHORT:h20,SPOT,feat_trend_strength_20,2,SHORT,10015,-0.0013320280777562104,-0.0055002560538443875,0.2838741887169246,-7.344568568235372,2.0650148258027912e-13,False,20,3121,-0.0008634704214075104,0.2854854213393143,2961,-0.0033805838537804196,0.21513002364066194,3933,-0.00016157163042760888,0.3343503686753115
feat_overnight_ret:0:SHORT:h20,SPOT,feat_overnight_ret,0,SHORT,21303,-0.0013605437329313398,-0.00427523441809154,0.2765338215274844,-8.706072305638601,0.0,False,20,7231,-0.0011238575517448898,0.281012308117826,6865,-0.00205011215596529,0.2521485797523671,7207,-0.0009411723650988374,0.2952684889690579
feat_donchian_break:1:SHORT:h20,SPOT,feat_donchian_break,1,SHORT,8459,-0.0013608851150737366,-0.005910323253388968,0.2756827048114434,-6.737850888707059,1.6074697128942717e-11,False,20,2646,-0.0004116874344663495,0.29365079365079366,2521,-0.0017897218051908797,0.2562475208250694,3292,-0.001795417243597986,0.2761239368165249
feat_range_pos_20:1:SHORT:h20,SPOT,feat_range_pos_20,1,SHORT,9109,-0.0013864754362727123,-0.005560126582278528,0.2679767263146339,-6.963220351950689,3.325784092567119e-12,False,20,3192,-0.00035191195741196655,0.2869674185463659,2758,-0.001648179068179501,0.25308194343727336,3159,-0.002203363061383373,0.26179170623615067
feat_atr_ratio:2:SHORT:h20,SPOT,feat_atr_ratio,2,SHORT,9538,-0.0013885277386647694,-0.006106343516185364,0.3006919689662403,-6.9754120832779005,3.049782648645305e-12,False,20,2688,-0.0012652389910370963,0.2927827380952381,2341,-0.0028701815038696637,0.26527125160187953,4509,-0.0006927745094074017,0.32379685074295855
feat_hl_range:0:SHORT:h20,SPOT,feat_hl_range,0,SHORT,21939,-0.0014310316176001105,-0.0043235137760994635,0.26714982451342356,-9.554669710133703,0.0,False,20,8062,-0.001505690034390175,0.26829570826097743,6331,-0.0014885653548560615,0.2549360290633391,7546,-0.001302997924686126,0.2761728067850517
feat_ema_cross_10_20:2:SHORT:h20,SPOT,feat_ema_cross_10_20,2,SHORT,9540,-0.0014605541976211052,-0.006217090718566702,0.2968553459119497,-6.335919551035299,2.359299422494132e-10,False,20,3146,-0.0013057618938516883,0.29148124602670056,3114,-0.003239921216646986,0.2418111753371869,3280,8.029101871670128e-05,0.3542682926829268
feat_keltner_pos:2:SHORT:h20,SPOT,feat_keltner_pos,2,SHORT,8643,-0.0014627220747912358,-0.006026888422961351,0.2776813606386671,-7.382940968227726,1.5498713423767185e-13,False,20,2692,-0.0012272347297609526,0.2659732540861813,3028,-0.003912640208145792,0.21499339498018494,2923,0.0008583248547250389,0.35340403694834077
feat_stoch_k_14:1:SHORT:h20,SPOT,feat_stoch_k_14,1,SHORT,8882,-0.001488890067337185,-0.005798812700833319,0.26525557306912856,-7.861874362597567,3.774758283725532e-15,False,20,2951,-0.0007523058827984523,0.28126058963063366,2730,-0.002119701866870087,0.23663003663003662,3201,-0.0016299533962497055,0.27491408934707906
feat_vol_trend:2:SHORT:h20,SPOT,feat_vol_trend,2,SHORT,10183,-0.00149842428445416,-0.006231003270708147,0.2851811843268192,-6.988234422967558,2.7835511673401925e-12,False,20,3586,-0.0009480811815255815,0.28165086447295035,3035,-0.004053132867050858,0.2102141680395387,3562,0.00012426245925136945,0.3526108927568782
feat_ret_3:0:SHORT:h20,SPOT,feat_ret_3,0,SHORT,16248,-0.0015056758287909848,-0.0038338788183303477,0.2858197932053176,-8.03520334867513,8.881784197001252e-16,False,20,5316,-0.0013275987340214876,0.29288939051918733,5502,-0.0021119898521367417,0.2582697201017812,5430,-0.0010656607421144278,0.30681399631675876
feat_macd_12_26:2:SHORT:h20,SPOT,feat_macd_12_26,2,SHORT,9697,-0.0015449048534804076,-0.006114073375014747,0.3019490564091987,-6.458674251120323,1.0562417607218322e-10,False,20,3233,-0.0015279668949883354,0.3037426538818435,3173,-0.0032042391695182243,0.24550898203592814,3291,3.829398121516404e-05,0.35460346399270737
feat_ext_strength:2:SHORT:h20,SPOT,feat_ext_strength,2,SHORT,9629,-0.0015467517059606008,-0.00621522439871068,0.28061065531207807,-7.191715231414998,6.399325513939402e-13,False,20,3150,-0.0007762700485034529,0.2765079365079365,2982,-0.004343288996498716,0.2069081153588196,3497,0.00014391371565639725,0.3471547040320275
feat_session_mom:0:SHORT:h20,SPOT,feat_session_mom,0,SHORT,23963,-0.0016043325795359793,-0.004505850042736839,0.2707507407252848,-11.291055571325385,0.0,False,20,8219,-0.0015705628473088576,0.26937583647645696,7559,-0.0021969838197207266,0.248180976319619,8185,-0.0010909181268320333,0.2929749541844838
feat_bb_squeeze_20:2:SHORT:h20,SPOT,feat_bb_squeeze_20,2,SHORT,10267,-0.001634176024299675,-0.004757953308334326,0.2547969221778514,-9.945995894522119,0.0,False,20,4043,-0.0019668873446083085,0.24783576552065298,3310,-0.003043108103048873,0.20634441087613292,2914,0.0004278408077757008,0.3194921070693205
feat_ret_5:0:SHORT:h20,SPOT,feat_ret_5,0,SHORT,15233,-0.001637635977291324,-0.003932367149758543,0.2858924702947548,-8.404875171886454,0.0,False,20,5019,-0.0015844481493780664,0.2926877864116358,5218,-0.0018020834526023116,0.26849367573783056,4996,-0.0015193138760351,0.2972377902321858
feat_price_roc_5:0:SHORT:h20,SPOT,feat_price_roc_5,0,SHORT,15233,-0.001637635977291324,-0.003932367149758543,0.2858924702947548,-8.404875171886454,0.0,False,20,5019,-0.0015844481493780664,0.2926877864116358,5218,-0.0018020834526023116,0.26849367573783056,4996,-0.0015193138760351,0.2972377902321858
feat_ret_sign_streak:0:SHORT:h20,SPOT,feat_ret_sign_streak,0,SHORT,21495,-0.0016509551788514312,-0.004440204009848844,0.2724354501046755,-10.703520211335839,0.0,False,20,7256,-0.0013166789745902182,0.27604740904079383,7009,-0.002221521047276874,0.25267513197317737,7230,-0.0014333081479144226,0.2879668049792531
feat_bb_squeeze_20:0:SHORT:h20,SPOT,feat_bb_squeeze_20,0,SHORT,8188,-0.0016737497869347957,-0.006380380324964736,0.2877381533952125,-8.240512967126547,2.220446049250313e-16,False,20,2126,-0.0007194720349808913,0.30997177798682973,2716,-0.0010759425057603618,0.296759941089838,3346,-0.0027653334917536127,0.2662881052002391
feat_trend_neutral:0:SHORT:h20,SPOT,feat_trend_neutral,0,SHORT,13341,-0.001690043016822537,-0.006689754689754657,0.27958923618919124,-9.249738484182881,0.0,False,20,4436,-0.001830395765899399,0.27028854824165915,3833,-0.0035381012682680745,0.22801982781111402,5072,-0.0001706794378210181,0.32669558359621453
feat_hour_utc:2:SHORT:h20,SPOT,feat_hour_utc,2,SHORT,10560,-0.001698748792512437,-0.0051004659764655146,0.2953598484848485,-8.262422151581323,0.0,False,20,0,0.0,0.0,0,0.0,0.0,10560,-0.001698748792512437,0.2953598484848485
feat_trend_slope_20:2:SHORT:h20,SPOT,feat_trend_slope_20,2,SHORT,9123,-0.0017101365684724708,-0.0063409099620529465,0.2858708758083964,-7.476766269450943,7.616129948928574e-14,False,20,3126,-0.000877216254455976,0.29014715291106846,2702,-0.004340046334970326,0.20873427091043673,3295,-0.00034373071491810295,0.34506828528072836
feat_ret_10:2:SHORT:h20,SPOT,feat_ret_10,2,SHORT,8905,-0.0017207263474322714,-0.006332983193277271,0.2665918023582257,-8.2811625643577,0.0,False,20,2557,-0.0012831901014811267,0.24990222917481422,2887,-0.0037397312106809237,0.20990647731208867,3461,-0.0003598228919853547,0.3262062987575845
feat_williams_r_14:1:SHORT:h20,SPOT,feat_williams_r_14,1,SHORT,8893,-0.0017412680405372442,-0.005553464768491513,0.25885527943326214,-9.484789591949626,0.0,False,20,2997,-0.001080018222178438,0.2699366032699366,2709,-0.0023606264407824242,0.23477297895902546,3187,-0.0018366316424692026,0.2689049262629432
feat_stoch_k_14:0:SHORT:h20,SPOT,feat_stoch_k_14,0,SHORT,10427,-0.0017505190323147328,-0.005015896286677644,0.2694926632780282,-10.92682758906388,0.0,False,20,3464,-0.0025190153060536714,0.2557736720554272,3691,-0.001092569657836323,0.27445136819290167,3272,-0.0016791315167181931,0.2784229828850856
feat_atr_norm_ext:1:SHORT:h20,SPOT,feat_atr_norm_ext,1,SHORT,8576,-0.0017621991065195485,-0.0060205836565323705,0.27075559701492535,-9.143546028706709,0.0,False,20,3055,-0.0008146404965310229,0.28314238952536824,2400,-0.0014104571494974799,0.2775,3121,-0.0029602036724817116,0.2534444088433194
feat_cci_20:0:SHORT:h20,SPOT,feat_cci_20,0,SHORT,10592,-0.0017707342699788875,-0.004959066250205466,0.2669939577039275,-10.270746704233844,0.0,False,20,3242,-0.0026244629021737595,0.24676125848241826,3703,-0.0014082706106120905,0.2732919254658385,3647,-0.0013798416747113989,0.27858513846997535
feat_bb_width_20:1:SHORT:h20,SPOT,feat_bb_width_20,1,SHORT,10026,-0.001775234954792362,-0.005218734492552791,0.26441252742868543,-8.851966875502496,0.0,False,20,3313,-0.0018038521315825692,0.24962269846060972,3380,-0.0023308434983058905,0.24615384615384617,3333,-0.0011833460907714544,0.2976297629762976
feat_vwap_lower_dist:2:SHORT:h20,SPOT,feat_vwap_lower_dist,2,SHORT,8748,-0.0017794760756712777,-0.006407100512604768,0.28440786465477824,-8.14079781408059,4.440892098500626e-16,False,20,3101,-0.0014221823095111681,0.26991293131247984,2393,-0.003951805880768644,0.23276222315085668,3254,-0.0005224332807310499,0.33620159803318994
feat_stoch_d_14:0:SHORT:h20,SPOT,feat_stoch_d_14,0,SHORT,10159,-0.0017889132005896825,-0.0051411919835682015,0.27404272074023034,-11.013086386085769,0.0,False,20,3307,-0.0027583825897189327,0.25279709706682796,3606,-0.001059613942077012,0.2859123682750971,3246,-0.0016114079191190298,0.2825015403573629
feat_price_accel:0:SHORT:h20,SPOT,feat_price_accel,0,SHORT,17020,-0.001790024805878192,-0.0039958604376109565,0.2719741480611046,-9.880701781316825,0.0,False,20,5686,-0.0015592583484483628,0.27805135420330634,5602,-0.002480344410341148,0.2524098536237058,5732,-0.0013442759665105246,0.28506629448709003
feat_ret_vol:2:SHORT:h20,SPOT,feat_ret_vol,2,SHORT,10296,-0.001820516752589133,-0.006332983193277271,0.28496503496503495,-8.599865916182509,0.0,False,20,3602,-0.0013626917723191245,0.2845641310383121,3245,-0.004341513423333132,0.21664098613251156,3449,7.323465872768608e-05,0.3496665700202957
feat_squeeze:2:SHORT:h20,SPOT,feat_squeeze,2,SHORT,10162,-0.0018481003714425424,-0.006440171357395616,0.2865577642196418,-9.476094498608104,0.0,False,20,3285,-0.001930105604689321,0.28249619482496197,2703,-0.0029102580323791343,0.24750277469478357,4174,-0.0010957287018864142,0.3150455198850024
feat_bb_pos_20:0:SHORT:h20,SPOT,feat_bb_pos_20,0,SHORT,10105,-0.0018917697117696972,-0.005291278113000552,0.2680851063829787,-11.85676275158879,0.0,False,20,3001,-0.002701112945393146,0.2559146951016328,3690,-0.0012508478884615346,0.27344173441734415,3414,-0.0018730709665743697,0.27299355594610425
feat_zscore_20:0:SHORT:h20,SPOT,feat_zscore_20,0,SHORT,10105,-0.0018917697117696972,-0.005291278113000552,0.2680851063829787,-11.85676275158879,0.0,False,20,3001,-0.002701112945393146,0.2559146951016328,3690,-0.0012508478884615346,0.27344173441734415,3414,-0.0018730709665743697,0.27299355594610425
feat_time_since_low_20:1:SHORT:h20,SPOT,feat_time_since_low_20,1,SHORT,13651,-0.0018960418220486444,-0.006452875716349395,0.2731668009669621,-12.131611272737869,0.0,False,20,4988,-0.0017045606996024059,0.26423416198877303,4232,-0.003178581547404028,0.23534971644612476,4431,-0.0008866533591865038,0.319341006544798
feat_rsi_7:2:SHORT:h20,SPOT,feat_rsi_7,2,SHORT,9812,-0.0018982041950446299,-0.005704204985335487,0.2678353037097432,-8.950701324586902,0.0,False,20,3229,-0.0014315225567097618,0.27345927531743575,3311,-0.0034858374482920986,0.22500755058894595,3272,-0.0007521960375510241,0.3056234718826406
feat_vol_regime:1:SHORT:h20,SPOT,feat_vol_regime,1,SHORT,9340,-0.0019014780580700853,-0.0056306183606841306,0.2632762312633833,-9.47137713461676,0.0,False,20,3232,-0.002391449126069126,0.2431930693069307,2996,-0.001916158486412849,0.2630173564753004,3112,-0.001378480289725671,0.28438303341902316
feat_vol_contraction:1:SHORT:h20,SPOT,feat_vol_contraction,1,SHORT,9340,-0.0019014780580700853,-0.0056306183606841306,0.2632762312633833,-9.47137713461676,0.0,False,20,3232,-0.002391449126069126,0.2431930693069307,2996,-0.001916158486412849,0.2630173564753004,3112,-0.001378480289725671,0.28438303341902316
feat_asia_range:0:SHORT:h20,SPOT,feat_asia_range,0,SHORT,27601,-0.0019119349291745942,-0.004982471391394603,0.2724901271693055,-14.783142346261137,0.0,False,20,6766,-0.0008133480535570052,0.2751995270469997,10275,-0.0028544443601800427,0.24720194647201946,10560,-0.001698748792512437,0.2953598484848485
feat_williams_r_14:2:SHORT:h20,SPOT,feat_williams_r_14,2,SHORT,9413,-0.0019131613829955333,-0.005645091319805424,0.2745139700414321,-10.992681063894306,0.0,False,20,3104,-0.0027837788337443715,0.2609536082474227,3404,-0.0011084693838724986,0.2784958871915394,2905,-0.0019258205905309611,0.28433734939759037
feat_ret_autocorr:0:SHORT:h20,SPOT,feat_ret_autocorr,0,SHORT,8907,-0.001923101302442507,-0.006121754453651441,0.2741663859885483,-9.949393329805217,0.0,False,20,2831,-0.0019037950530297286,0.26421759095725894,3005,-0.001716691143535249,0.2692179700499168,3071,-0.0021428728816036556,0.2881797460110713
feat_vwap_upper_dist:2:SHORT:h20,SPOT,feat_vwap_upper_dist,2,SHORT,8338,-0.0019382114240866367,-0.006708520179372177,0.28663948189014155,-8.50426830952226,0.0,False,20,2783,-0.001564847665552781,0.27057132590729427,2522,-0.004113922782222808,0.2303727200634417,3033,-0.00047165266865646844,0.34817012858555885
feat_ema_cross_10_20:1:SHORT:h20,SPOT,feat_ema_cross_10_20,1,SHORT,9521,-0.0019424703157463503,-0.004362364926981426,0.2759163953366243,-7.958863520167279,1.7763568394002505e-15,False,20,3399,-0.001291945423304631,0.28714327743453955,3058,-0.0020952044915811714,0.26357096141268804,3064,-0.0025116847412380355,0.2757832898172324
feat_mean_rev_strength:2:SHORT:h20,SPOT,feat_mean_rev_strength,2,SHORT,10279,-0.0019440283240212154,-0.0052436909061630965,0.26695203813600543,-12.229665424949513,0.0,False,20,3123,-0.0027892036266320545,0.25360230547550433,3678,-0.0013455664329866384,0.27297444263186516,3478,-0.0018179962266007218,0.27257044278320874
feat_donchian_break:0:SHORT:h20,SPOT,feat_donchian_break,0,SHORT,10702,-0.0019600566334360783,-0.00482618935468676,0.25574658942253786,-13.046704091719619,0.0,False,20,3845,-0.002621913617706283,0.2390117035110533,3855,-0.001647435477027987,0.25421530479896237,3002,-0.001513792294140361,0.279147235176549
feat_vwap_dist:2:SHORT:h20,SPOT,feat_vwap_dist,2,SHORT,8559,-0.0019629839528139494,-0.006604169331116537,0.284379016240215,-8.869684005500602,0.0,False,20,2922,-0.0014646878058192604,0.2724161533196441,2505,-0.004088082817113411,0.23233532934131737,3132,-0.0007281974542342335,0.3371647509578544
feat_asia_vol:2:SHORT:h20,SPOT,feat_asia_vol,2,SHORT,9576,-0.001972264277549507,-0.005715278159233134,0.26148705096073516,-9.835635943499394,0.0,False,20,9576,-0.001972264277549507,0.26148705096073516,0,0.0,0.0,0,0.0,0.0
feat_ret_20:1:SHORT:h20,SPOT,feat_ret_20,1,SHORT,9602,-0.0019723255204449996,-0.00427502392174088,0.28525307227660907,-8.646078662740607,0.0,False,20,3180,-0.0008491304280746248,0.3018867924528302,3140,-0.0017360453236811544,0.2764331210191083,3282,-0.003286670496549894,0.27757464960390005
feat_keltner_pos:1:SHORT:h20,SPOT,feat_keltner_pos,1,SHORT,8326,-0.0019765529496880573,-0.006023255579015454,0.2620706221474898,-10.055563957378034,0.0,False,20,3058,-0.0011960269700180021,0.2701111837802485,2151,-0.0014380133715289197,0.26592282659228267,3117,-0.003113943735203402,0.2515239011870388
feat_ext_vs_ma_10:2:SHORT:h20,SPOT,feat_ext_vs_ma_10,2,SHORT,8985,-0.0019768744273057385,-0.006510012227144351,0.26188091263216473,-9.804771615513141,0.0,False,20,2568,-0.0017470414784566477,0.25038940809968846,3036,-0.0037012894179724487,0.21574440052700922,3381,-0.0006029871457264225,0.3120378586217096
feat_gap_fill_ratio:2:LONG:h20,PERP,feat_gap_fill_ratio,2,LONG,100,0.0070322216945328374,7.41424901783523e-05,0.51,1.9802742115522547,0.04767272491333774,False,20,36,0.0033216164102306328,0.5,26,0.013692017077478294,0.5384615384615384,38,0.0059908298597512,0.5
feat_stoch_d_14:1:SHORT:h20,SPOT,feat_stoch_d_14,1,SHORT,8304,-0.0019959171752547984,-0.006282547392290333,0.25072254335260113,-10.284774354237237,0.0,False,20,2834,-0.0007124778665756347,0.2766407904022583,2637,-0.0027538364843890757,0.2260144103147516,2833,-0.0025743265584562314,0.24779385810095306
feat_atr_norm_ext:0:SHORT:h20,SPOT,feat_atr_norm_ext,0,SHORT,10087,-0.0020031893160745054,-0.005267084127416249,0.2588480222068008,-12.515474990728979,0.0,False,20,3212,-0.0027518449800605386,0.24470734744707348,3669,-0.0014973015882726556,0.2621967838648133,3206,-0.0018320789232428914,0.26918278228321896
feat_ext_vs_ma_20:2:SHORT:h20,SPOT,feat_ext_vs_ma_20,2,SHORT,8977,-0.0020039973627221305,-0.006604169331116537,0.2729196836359586,-9.129259774625655,0.0,False,20,2798,-0.0012989544517258602,0.26161543959971406,2847,-0.004251582290567961,0.21426062521952932,3332,-0.0006756167430914234,0.3325330132052821
feat_atr_norm_ext:2:SHORT:h20,SPOT,feat_atr_norm_ext,2,SHORT,8614,-0.0020182594567558707,-0.006160871930435774,0.2581843510564198,-10.409889760703962,0.0,False,20,2723,-0.001930155734180822,0.24201248622842453,2888,-0.004507879730192262,0.18975069252077562,3003,0.00029613178970181966,0.3386613386613387
feat_rsi_21:2:SHORT:h20,SPOT,feat_rsi_21,2,SHORT,9199,-0.0020486368861385752,-0.006114073375014747,0.28133492770953367,-8.823784541192882,0.0,False,20,2993,-0.0016285732853686889,0.2843301035750084,3056,-0.004281493778885868,0.2198952879581152,3150,-0.0002815383759381125,0.3380952380952381
feat_ret_20:2:SHORT:h20,SPOT,feat_ret_20,2,SHORT,9118,-0.00206625930932491,-0.006459969635872518,0.27824084228997586,-9.034637434798201,0.0,False,20,3186,-0.0014753058961721466,0.28091650973006904,2903,-0.0043248082201787965,0.21942817774715812,3029,-0.0005232451416444465,0.33179267084846487
feat_rsi_14:2:SHORT:h20,SPOT,feat_rsi_14,2,SHORT,9537,-0.002079025348280803,-0.006026926261315006,0.27450980392156865,-9.111104809176625,0.0,False,20,3070,-0.0018320537663207652,0.2713355048859935,3165,-0.004072591370266279,0.21990521327014217,3302,-0.00039779164053800554,0.32980012113870383
feat_mean_rev_strength:0:SHORT:h20,SPOT,feat_mean_rev_strength,0,SHORT,8668,-0.002088137726072925,-0.0065132679428686596,0.2656898938624827,-10.462086980446571,0.0,False,20,2607,-0.0017522491671421918,0.2550824702723437,2821,-0.004607590775767887,0.1988656504785537,3240,-0.00016476871988247254,0.33240740740740743
feat_ret_autocorr:2:SHORT:h20,SPOT,feat_ret_autocorr,2,SHORT,9995,-0.0020993031921112903,-0.005416887014936134,0.25532766383191596,-11.429863551205196,0.0,False,20,3426,-0.0016960817650388464,0.2565674255691769,3131,-0.002999158804222892,0.22963909294155221,3438,-0.0016816152013110481,0.2774869109947644
feat_vol_regime:2:SHORT:h20,SPOT,feat_vol_regime,2,SHORT,9559,-0.0021064354552069145,-0.006007664709719557,0.2899884925201381,-10.504807334926637,0.0,False,20,3472,-0.0018022697331281897,0.2764976958525346,2849,-0.0034193309826374184,0.2628992628992629,3238,-0.0012774126106756675,0.32828906732550955
feat_vol_contraction:2:SHORT:h20,SPOT,feat_vol_contraction,2,SHORT,9559,-0.0021064354552069145,-0.006007664709719557,0.2899884925201381,-10.504807334926637,0.0,False,20,3472,-0.0018022697331281897,0.2764976958525346,2849,-0.0034193309826374184,0.2628992628992629,3238,-0.0012774126106756675,0.32828906732550955
feat_range_pos_50:1:SHORT:h20,SPOT,feat_range_pos_50,1,SHORT,9840,-0.002109363170976922,-0.004853042354651494,0.2606707317073171,-9.139908939020549,0.0,False,20,3375,-0.0015268279918083478,0.2660740740740741,3259,-0.00217207533000293,0.2525314513654495,3206,-0.002658857027317588,0.2632563942607611
feat_rsi_21:1:SHORT:h20,SPOT,feat_rsi_21,1,SHORT,9524,-0.0021327071125794204,-0.005416887014936134,0.26795464090718185,-9.040269303440976,0.0,False,20,3363,-0.001920484490820405,0.2592922985429676,2874,-0.0018501455044970803,0.26687543493389004,3287,-0.0025968953506701454,0.2777608761788865
feat_cci_20:2:SHORT:h20,SPOT,feat_cci_20,2,SHORT,8812,-0.0021350952444534775,-0.006659170258361161,0.26305038583749435,-10.241906131208195,0.0,False,20,2633,-0.001306441185440912,0.24952525636156475,2868,-0.004839862984950358,0.20223152022315202,3311,-0.0004511847212384467,0.32648746602234974
feat_vwap_lower_dist:0:SHORT:h20,SPOT,feat_vwap_lower_dist,0,SHORT,9914,-0.0021531556288750184,-0.005495214330490215,0.25943110752471255,-12.354280401241182,0.0,False,20,3142,-0.0034447822864777365,0.2266072565245067,3625,-0.0013173123095521282,0.272,3147,-0.0018263812641968274,0.27772481728630444
feat_donchian_width_20:1:SHORT:h20,SPOT,feat_donchian_width_20,1,SHORT,9402,-0.002159399343666111,-0.005625196213277828,0.2545203148266326,-12.40064606072662,0.0,False,20,3037,-0.0026040724290346145,0.24432005268356932,2981,-0.002465658768583401,0.23314324052331434,3384,-0.0014905366055034078,0.28250591016548465
feat_ext_vs_ma_20:0:SHORT:h20,SPOT,feat_ext_vs_ma_20,0,SHORT,11355,-0.0021879215101286557,-0.005451483403505309,0.2528401585204756,-12.508067879377613,0.0,False,20,3503,-0.003210668785437127,0.23351413074507565,4103,-0.0017402311185292132,0.25859127467706555,3749,-0.0017222479895436828,0.2646038943718325
feat_realized_vol_20:0:SHORT:h20,SPOT,feat_realized_vol_20,0,SHORT,12357,-0.002217106952086048,-0.004562879335563897,0.27344824795662376,-11.030059520752083,0.0,False,20,3911,-0.0019009884140909665,0.2894400409102531,4538,-0.00247476109098373,0.251873071837814,3908,-0.0022342781700443607,0.28249744114636643
feat_adx_14:1:SHORT:h20,SPOT,feat_adx_14,1,SHORT,7814,-0.0022192790201918367,-0.006327759847217727,0.27207576145380086,-11.291795355532866,0.0,False,20,2473,-0.0024835448844199486,0.253538212697129,2695,-0.0025437435708942344,0.24786641929499073,2646,-0.001641818156102993,0.31405895691609975
feat_time_since_high_20:1:SHORT:h20,SPOT,feat_time_since_high_20,1,SHORT,10992,-0.00224191140794564,-0.0066874999999999175,0.26537481804949054,-13.391506653498356,0.0,False,20,3812,-0.003059799347813895,0.24763903462749212,3560,-0.000671348133622548,0.2876404494382023,3620,-0.0029251756150761436,0.2621546961325967
feat_hour_utc:0:SHORT:h20,SPOT,feat_hour_utc,0,SHORT,10400,-0.0022458506179386466,-0.005646528993420424,0.26432692307692307,-10.913166031786266,0.0,False,20,10400,-0.0022458506179386466,0.26432692307692307,0,0.0,0.0,0,0.0,0.0
feat_ext_strength:0:SHORT:h20,SPOT,feat_ext_strength,0,SHORT,12724,-0.002260345313180594,-0.005163113826446705,0.26281043696950646,-13.335432552950419,0.0,False,20,4053,-0.0035576372307869627,0.24327658524549717,4361,-0.0021435956190635204,0.2545287778032561,4310,-0.0011585405043606284,0.28955916473317866
feat_williams_r_14:0:SHORT:h20,SPOT,feat_williams_r_14,0,SHORT,8987,-0.002261091683651216,-0.006217090718566702,0.2533659730722154,-12.22955791368618,0.0,False,20,2917,-0.0018524896852317773,0.2406582104902297,2864,-0.004198170755820327,0.20914804469273743,3206,-0.0009024196832448453,0.30442919525888956
feat_ret_10:0:SHORT:h20,SPOT,feat_ret_10,0,SHORT,12607,-0.002277495785945033,-0.004813535438168843,0.26715316887443485,-12.170391823709398,0.0,False,20,4155,-0.002739393818208908,0.2669073405535499,4431,-0.002041007202272449,0.25976077634845407,4021,-0.002060807049361301,0.2755533449390699
feat_adx_14:0:SHORT:h20,SPOT,feat_adx_14,0,SHORT,7580,-0.0022912228961825577,-0.006761338795837456,0.2577836411609499,-11.221411776179282,0.0,False,20,2635,-0.001947094640971303,0.23415559772296016,2321,-0.001356299700517697,0.2925463162429987,2624,-0.0034637589821657137,0.2507621951219512
feat_keltner_pos:0:SHORT:h20,SPOT,feat_keltner_pos,0,SHORT,10530,-0.002294379705430397,-0.005401252042817062,0.24995251661918327,-15.109209418837843,0.0,False,20,3361,-0.0029746987963450156,0.23921451948824754,3853,-0.001826876099837906,0.25253049571762265,3316,-0.002148040419478598,0.25784077201447525
feat_ext_vs_ma_10:0:SHORT:h20,SPOT,feat_ext_vs_ma_10,0,SHORT,12979,-0.0023019352963843677,-0.004685087627358959,0.27120733492564914,-11.524097542319225,0.0,False,20,4186,-0.003008949326379101,0.26899187768752986,4625,-0.0019165721130307992,0.2644324324324324,4168,-0.002019484239151234,0.2809500959692898
feat_bb_pos_20:2:SHORT:h20,SPOT,feat_bb_pos_20,2,SHORT,8693,-0.0023088741926406385,-0.006659170258361161,0.2588289428275624,-11.809968138886662,0.0,False,20,2468,-0.00213924968209188,0.23905996758508913,2983,-0.004259381998329088,0.2078444518940664,3242,-0.0006433185194961888,0.3207896360271437
feat_zscore_20:2:SHORT:h20,SPOT,feat_zscore_20,2,SHORT,8693,-0.0023088741926406385,-0.006659170258361161,0.2588289428275624,-11.809968138886662,0.0,False,20,2468,-0.00213924968209188,0.23905996758508913,2983,-0.004259381998329088,0.2078444518940664,3242,-0.0006433185194961888,0.3207896360271437
feat_stoch_d_14:2:SHORT:h20,SPOT,feat_stoch_d_14,2,SHORT,8228,-0.002313200470941905,-0.006676463646751209,0.26361205639280505,-11.616970908789122,0.0,False,20,2695,-0.002139566967694452,0.24638218923933208,2501,-0.00442547812605263,0.20391843262694923,3032,-0.0007251845988508649,0.32816622691292874
feat_vwap_upper_dist:0:SHORT:h20,SPOT,feat_vwap_upper_dist,0,SHORT,10642,-0.0023162651433249627,-0.005360757229245306,0.25249013343356513,-14.434665692169395,0.0,False,20,3605,-0.003331389657684303,0.2277392510402219,3557,-0.001337672092398703,0.2648299128479055,3480,-0.002264923651336251,0.2655172413793103
feat_vwap_dist:0:SHORT:h20,SPOT,feat_vwap_dist,0,SHORT,10214,-0.00232690398369609,-0.005506225087348006,0.2540630507147053,-13.900191163350232,0.0,False,20,3357,-0.0034045031284999834,0.2287756925826631,3564,-0.0014935864108144349,0.2623456790123457,3293,-0.002130257612801328,0.2708776191922259
feat_ret_vol:1:SHORT:h20,SPOT,feat_ret_vol,1,SHORT,7645,-0.0023316687314271236,-0.0043059501315878095,0.2779594506213211,-8.581637545524412,0.0,False,20,2446,-0.0012974889027744004,0.2964022894521668,2542,-0.0014753747465811634,0.2828481510621558,2657,-0.004102953326972096,0.25630410237109524
feat_bb_pos_20:1:SHORT:h20,SPOT,feat_bb_pos_20,1,SHORT,9410,-0.0023322786250348977,-0.005122114086808316,0.2682252922422954,-10.33639640079211,0.0,False,20,3901,-0.001351330586319573,0.27864650089720583,2645,-0.003447089664537994,0.2514177693761815,2864,-0.00263884395308755,0.26955307262569833
feat_zscore_20:1:SHORT:h20,SPOT,feat_zscore_20,1,SHORT,9410,-0.0023322786250348977,-0.005122114086808316,0.2682252922422954,-10.33639640079211,0.0,False,20,3901,-0.001351330586319573,0.27864650089720583,2645,-0.003447089664537994,0.2514177693761815,2864,-0.00263884395308755,0.26955307262569833
feat_range_pos_20:0:SHORT:h20,SPOT,feat_range_pos_20,0,SHORT,10858,-0.0023343270131992583,-0.005106277002771274,0.26459753177380735,-13.78972065053867,0.0,False,20,3476,-0.003218502327622742,0.24568469505178367,3935,-0.0020383056376298858,0.2675984752223634,3447,-0.0017806428588416866,0.28024369016536116
feat_time_since_high_20:2:SHORT:h20,SPOT,feat_time_since_high_20,2,SHORT,8030,-0.002350175222934578,-0.00427501484325866,0.24383561643835616,-11.903055450127711,0.0,False,20,2718,-0.0014963779338442026,0.25533480500367917,2652,-0.003649786528848596,0.21832579185520362,2660,-0.001926886444161519,0.2575187969924812
feat_realized_vol_20:1:SHORT:h20,SPOT,feat_realized_vol_20,1,SHORT,10097,-0.0023536226836347743,-0.005472915458903044,0.25235218381697533,-12.084968296700888,0.0,False,20,3421,-0.0025463827365928885,0.24028061970184156,3175,-0.0035418525477150047,0.22708661417322834,3501,-0.0010876809642333342,0.2870608397600686
feat_ext_vs_ma_50:2:SHORT:h20,SPOT,feat_ext_vs_ma_50,2,SHORT,8413,-0.0023695795423905913,-0.006727404239760265,0.2846784737905622,-9.813662146570737,0.0,False,20,2721,-0.002984483853699597,0.2756339581036384,2823,-0.003516887675775386,0.2426496634785689,2869,-0.0006574828217154143,0.33461136284419657
feat_rsi_14:1:SHORT:h20,SPOT,feat_rsi_14,1,SHORT,9326,-0.002391207361042751,-0.005572699994914303,0.2650654085352777,-10.201655346988874,0.0,False,20,3337,-0.0017756914074699638,0.2691039856158226,2806,-0.002260113120593238,0.2598004276550249,3183,-0.0031520704385714104,0.2654728243795162
feat_vwap_dist:1:SHORT:h20,SPOT,feat_vwap_dist,1,SHORT,9924,-0.002406745895369279,-0.0053404063615748905,0.25372833534864975,-12.026843729034313,0.0,False,20,3265,-0.0013065430341971135,0.27687595712098007,3427,-0.0034899144673110434,0.2337321272249781,3232,-0.002369661627325558,0.25154702970297027
feat_vwap_upper_dist:1:SHORT:h20,SPOT,feat_vwap_upper_dist,1,SHORT,9717,-0.002433078388180771,-0.00544065568267643,0.2541936811773181,-11.928897435210924,0.0,False,20,3156,-0.0011438425248563376,0.2832699619771863,3417,-0.0036260794308043826,0.23266022827041263,3144,-0.0024306432170634147,0.24840966921119592
feat_rsi_7:1:SHORT:h20,SPOT,feat_rsi_7,1,SHORT,9333,-0.0024488951828453703,-0.005891101069303413,0.2648666023786564,-10.229074442381132,0.0,False,20,3185,-0.0016187107700356364,0.26499215070643645,2823,-0.0028470689955477344,0.25221395678356356,3325,-0.002906065914135666,0.2754887218045113
feat_donchian_break:2:SHORT:h20,SPOT,feat_donchian_break,2,SHORT,8079,-0.002486655590284852,-0.006889741131351881,0.25733382844411434,-12.423389256522821,0.0,False,20,2495,-0.0021614340797170796,0.24609218436873748,2552,-0.0042738412636122835,0.21238244514106583,3032,-0.001250022948640719,0.30441952506596304
feat_vol_trend:0:SHORT:h20,SPOT,feat_vol_trend,0,SHORT,13288,-0.0024884301134498613,-0.005273702231477969,0.25684828416616495,-15.346572411054593,0.0,False,20,4205,-0.0036780048963946112,0.23139120095124852,4511,-0.0024518959810682444,0.2584792728884948,4572,-0.0014303906359544123,0.2786526684164479
feat_bb_squeeze_20:1:SHORT:h20,SPOT,feat_bb_squeeze_20,1,SHORT,8822,-0.0025188538463322796,-0.00630941607412198,0.24767626388574018,-14.020745685575765,0.0,False,20,2821,-0.0025174561419391483,0.23006026231832682,2931,-0.0030373612010319564,0.23439099283520984,3070,-0.002025107223357775,0.2765472312703583
feat_ret_autocorr:1:SHORT:h20,SPOT,feat_ret_autocorr,1,SHORT,9121,-0.0025326185287819552,-0.0054844071890318155,0.26762416401710337,-12.159977059287334,0.0,False,20,3070,-0.0024894324772742732,0.26221498371335505,3102,-0.0037729309246385813,0.24049000644745325,2949,-0.001272914265025201,0.3017972193964056
feat_donchian_width_20:0:SHORT:h20,SPOT,feat_donchian_width_20,0,SHORT,8388,-0.0025398364458734768,-0.00685888128406908,0.2663328564616118,-13.258262452269971,0.0,False,20,2115,-0.0015981238479480478,0.2794326241134752,2538,-0.001489909781341973,0.2923561859732072,3735,-0.0037865395299948256,0.24123159303882197
feat_ret_vol:0:SHORT:h20,SPOT,feat_ret_vol,0,SHORT,13294,-0.002561712166385221,-0.0054359768215383325,0.25191815856777494,-15.64270486015246,0.0,False,20,4352,-0.003509828310313018,0.22954963235294118,4488,-0.002560339156935074,0.24910873440285206,4454,-0.0016366920963444686,0.2766052986079928
feat_mean_rev_strength:1:SHORT:h20,SPOT,feat_mean_rev_strength,1,SHORT,9370,-0.0025963958174933907,-0.005301137058319996,0.2632870864461046,-11.338119126924814,0.0,False,20,3685,-0.0016022127589703152,0.2716417910447761,2850,-0.0031387816583987867,0.25894736842105265,2835,-0.003343402845386569,0.25679012345679014
feat_time_since_high_20:0:SHORT:h20,SPOT,feat_time_since_high_20,0,SHORT,11453,-0.0026134016430205986,-0.0059710659851493885,0.27975203003579846,-10.878704145182352,0.0,False,20,3550,-0.0020630423070493206,0.28394366197183096,3943,-0.00439760377994784,0.22673091554653818,3960,-0.0013302366472614875,0.3287878787878788
feat_rsi_14:0:SHORT:h20,SPOT,feat_rsi_14,0,SHORT,12037,-0.002623061035274652,-0.005248576241276969,0.26044695522140066,-15.698194326004272,0.0,False,20,3917,-0.0031266347396462385,0.25095736533061014,4203,-0.0026841502267180156,0.2529145848203664,3917,-0.002053937708325466,0.2780188920091907
feat_bb_width_20:0:SHORT:h20,SPOT,feat_bb_width_20,0,SHORT,11672,-0.0026296330394304495,-0.004623563971311812,0.2676490747087046,-12.518748346591874,0.0,False,20,3722,-0.0025385149735196403,0.27565824825362706,4320,-0.0024616258702426065,0.2604166666666667,3630,-0.0029230028499570367,0.26804407713498624
feat_trend_slope_20:1:SHORT:h20,SPOT,feat_trend_slope_20,1,SHORT,10368,-0.0026634458110746887,-0.004803877564231597,0.26871141975308643,-11.307647170021461,0.0,False,20,3618,-0.0024309513207894707,0.2777777777777778,3616,-0.0021470855947985862,0.2663163716814159,3134,-0.003527620542378551,0.2610082961072112
feat_kc_width:2:SHORT:h20,SPOT,feat_kc_width,2,SHORT,7469,-0.002669137243286151,-0.007,0.27540500736377027,-11.167246955696331,0.0,False,20,2108,-0.0027394629768769958,0.2547438330170778,2018,-0.0024549245790495096,0.26214073339940536,3343,-0.0027541012008153276,0.29644032306311696
feat_trend_neutral:1:SHORT:h20,SPOT,feat_trend_neutral,1,SHORT,7091,-0.0026833323839115194,-0.004907350984851774,0.24763785079678466,-13.756097973698784,0.0,False,20,2338,-0.0027593122233795257,0.22583404619332764,2496,-0.0031863804608581706,0.22956730769230768,2257,-0.002048308518277915,0.29020824102791315
feat_asia_vol:0:SHORT:h20,SPOT,feat_asia_vol,0,SHORT,20921,-0.002686584777287876,-0.005497018518706674,0.26633526122078294,-18.077732498171937,0.0,False,20,460,-0.010499820118677084,0.29347826086956524,10228,-0.0029647100763094043,0.24520922956589752,10233,-0.002057370097777349,0.2862308218508746
feat_trend_neutral:2:SHORT:h20,SPOT,feat_trend_neutral,2,SHORT,10802,-0.0026887293301131876,-0.004251442184723505,0.27050546195149044,-11.911337134848841,0.0,False,20,3626,-0.002423038839153573,0.28185328185328185,3946,-0.001980402435194227,0.2769893563101875,3230,-0.003852336651342221,0.2498452012383901
feat_rsi_7:0:SHORT:h20,SPOT,feat_rsi_7,0,SHORT,11755,-0.002741057590299102,-0.005212693985213075,0.26584432156529136,-15.657302633450357,0.0,False,20,3910,-0.003585405479884146,0.2524296675191816,4040,-0.0027064923119917888,0.2551980198019802,3805,-0.001910109752213431,0.2909329829172142
feat_atr_percent:2:SHORT:h20,SPOT,feat_atr_percent,2,SHORT,7381,-0.0027411528203129545,-0.007,0.2763853136431378,-11.439501920834013,0.0,False,20,2081,-0.002802699260301758,0.2546852474771744,1979,-0.002514936165541058,0.26225366346639717,3321,-0.002837390284383079,0.2984040951520626
feat_ret_5:2:SHORT:h20,SPOT,feat_ret_5,2,SHORT,8407,-0.0027426848635853096,-0.006901960784313704,0.2520518615439515,-13.62109145646895,0.0,False,20,2372,-0.0029398274449173845,0.22554806070826308,2877,-0.0039524974504264836,0.22558220368439347,3158,-0.0014924464167006537,0.2960734642178594
feat_price_roc_5:2:SHORT:h20,SPOT,feat_price_roc_5,2,SHORT,8407,-0.0027426848635853096,-0.006901960784313704,0.2520518615439515,-13.62109145646895,0.0,False,20,2372,-0.0029398274449173845,0.22554806070826308,2877,-0.0039524974504264836,0.22558220368439347,3158,-0.0014924464167006537,0.2960734642178594
feat_vwap_lower_dist:1:SHORT:h20,SPOT,feat_vwap_lower_dist,1,SHORT,10035,-0.0027443429589050243,-0.005494112049482529,0.24783258594917787,-14.108745021408538,0.0,False,20,3301,-0.0014362025118826772,0.27840048470160556,3478,-0.0038216784674183018,0.2228292121909143,3256,-0.0029197725402967892,0.24355036855036855
feat_rsi_divergence:2:SHORT:h20,SPOT,feat_rsi_divergence,2,SHORT,10389,-0.002691392587327839,-0.0063035760800802965,0.2334199634228511,-16.153903651299913,0.0,False,20,3255,-0.0018029539568906031,0.23348694316436253,3458,-0.004233742302544068,0.2087912087912088,3676,-0.002027198470585588,0.25652883569096846
feat_trend_slope_20:0:SHORT:h20,SPOT,feat_trend_slope_20,0,SHORT,11007,-0.0027476819119153697,-0.005533095638358838,0.24529844644317253,-16.635857329904024,0.0,False,20,3343,-0.003692935202464861,0.2195632665270715,3844,-0.002465952889470244,0.254162330905307,3820,-0.0022039606061489076,0.25890052356020943
feat_price_accel:2:SHORT:h20,SPOT,feat_price_accel,2,SHORT,7474,-0.002781316681305489,-0.007094688105006885,0.2687985014717688,-13.73542609705224,0.0,False,20,2094,-0.0033158997813682823,0.25358166189111747,2841,-0.003346503359258156,0.23688841957057374,2539,-0.0017080152383771624,0.31705395825128
feat_realized_vol_20:2:SHORT:h20,SPOT,feat_realized_vol_20,2,SHORT,7981,-0.0027884374368820565,-0.006856564048764565,0.26813682495927826,-12.032415676610437,0.0,False,20,2748,-0.0025141810402788053,0.25181950509461426,2402,-0.0028737256611919347,0.2585345545378851,2831,-0.002982289172337163,0.29212292476156837
feat_trend_strength_20:1:SHORT:h20,SPOT,feat_trend_strength_20,1,SHORT,9706,-0.002790247568470981,-0.005380841895923153,0.2608695652173913,-13.884630381447367,0.0,False,20,3312,-0.002802941104760277,0.24939613526570048,3324,-0.0035186455310123018,0.24879663056558363,3070,-0.001987890623950621,0.28631921824104234
feat_stoch_k_14:2:SHORT:h20,SPOT,feat_stoch_k_14,2,SHORT,7984,-0.002797737000948592,-0.007,0.250125250501002,-14.173867368969205,0.0,False,20,2603,-0.00243390428095438,0.23242412600845178,2556,-0.00484048010634655,0.20500782472613457,2825,-0.0012847476886469135,0.3072566371681416
feat_adx_14:2:SHORT:h20,SPOT,feat_adx_14,2,SHORT,8522,-0.0028189345426070135,-0.00653421269579559,0.2589767660173668,-15.507337275274725,0.0,False,20,2984,-0.00240252378687175,0.26843163538873993,2746,-0.004351568594809175,0.20429715950473415,2792,-0.0017565980769074742,0.3026504297994269
feat_close_pos_ma:0:LONG:h20,PERP,feat_close_pos_ma,0,LONG,10687,0.004505099677506433,-0.01083052193969074,0.3855151118180968,9.277739678668558,0.0,True,20,4156,0.0040779944530504805,0.37223291626564003,3443,0.003303356449909233,0.36015103107754864,3088,0.006419818345076414,0.43167098445595853
feat_rsi_21:0:SHORT:h20,SPOT,feat_rsi_21,0,SHORT,12177,-0.0028368676210433234,-0.005262454261547027,0.25334647285866796,-17.386920871840704,0.0,False,20,3968,-0.0031411306398157323,0.24974798387096775,4244,-0.0028538052162991046,0.24717247879359094,3965,-0.002514244969655063,0.2635561160151324
feat_bb_width_20:2:SHORT:h20,SPOT,feat_bb_width_20,2,SHORT,8777,-0.0028431928632605256,-0.006841649578491749,0.26250427253047737,-13.5124742935102,0.0,False,20,3045,-0.0025058770721533815,0.26042692939244666,2455,-0.004438497006441999,0.219959266802444,3277,-0.0019614885338161336,0.29630759841318277
feat_hour_utc:1:SHORT:h20,SPOT,feat_hour_utc,1,SHORT,10275,-0.0028544443601800427,-0.0055990736297440915,0.24720194647201946,-13.815795846010355,0.0,False,20,0,0.0,0.0,10275,-0.0028544443601800427,0.24720194647201946,0,0.0,0.0
feat_range_pos_20:2:SHORT:h20,SPOT,feat_range_pos_20,2,SHORT,8349,-0.0028614890307345586,-0.006719107730907915,0.26134866451071986,-12.96343281646969,0.0,False,20,2734,-0.002443449650637892,0.24762253108997806,2670,-0.005279255150494061,0.20674157303370785,2945,-0.001057578716787671,0.3235993208828523
feat_vol_trend:1:SHORT:h20,SPOT,feat_vol_trend,1,SHORT,7757,-0.0028320340329498314,-0.004756274923762653,0.2695629753770788,-10.5265253903183,0.0,False,20,2609,-0.001721355584619336,0.29359908010732083,2725,-0.0021870292766061426,0.27009174311926604,2423,-0.004753370406342659,0.2430870821295914
feat_ext_vs_ma_10:1:SHORT:h20,SPOT,feat_ext_vs_ma_10,1,SHORT,8911,-0.002957246065242431,-0.005645091319805424,0.2609134777241611,-13.966117913198914,0.0,False,20,3641,-0.0017305765403918844,0.2683328755836309,2579,-0.0036931018073249546,0.24738270647537805,2691,-0.003911735764666441,0.2638424377554812
feat_vol_of_vol:1:SHORT:h20,SPOT,feat_vol_of_vol,1,SHORT,10633,-0.0029594026670462493,-0.0061217647600625485,0.25486692372801656,-14.513584464650092,0.0,False,20,3502,-0.002454816811498566,0.2501427755568247,3685,-0.003680478671556897,0.2390773405698779,3446,-0.002701101619311556,0.2765525246662797
feat_vol_breakout_strength:2:SHORT:h20,SPOT,feat_vol_breakout_strength,2,SHORT,7846,-0.0030027738330900425,-0.0073684412457579365,0.26433851644149886,-14.735296639478056,0.0,False,20,1828,-0.003092635639536684,0.24726477024070023,3595,-0.003811908287883196,0.23977746870653685,2423,-0.0017344677054937365,0.3136607511349567
feat_ext_vs_ma_20:1:SHORT:h20,SPOT,feat_ext_vs_ma_20,1,SHORT,10143,-0.003018096537626994,-0.0045515463917525775,0.27191166321601107,-12.893771424607952,0.0,False,20,3779,-0.0021628640425416738,0.29002381582429215,3205,-0.0031714701634835358,0.2577223088923557,3159,-0.0038855739444193997,0.2646407090851535
feat_ext_strength:1:SHORT:h20,SPOT,feat_ext_strength,1,SHORT,8882,-0.003036561983195079,-0.005155050873190666,0.2659310965998649,-12.237158833298857,0.0,False,20,3197,-0.002030807656364243,0.27901157335001564,2932,-0.002397512796232866,0.27728512960436563,2753,-0.004885123116159625,0.2386487468216491
feat_price_accel:1:SHORT:h20,SPOT,feat_price_accel,1,SHORT,6661,-0.0030374844627572978,-0.008112638291378331,0.25686833808737425,-14.503672125512665,0.0,False,20,2620,-0.0028806905782821934,0.2431297709923664,1797,-0.003463252546710812,0.2387312186978297,2244,-0.0028795944139428167,0.2874331550802139
feat_ret_20:0:SHORT:h20,SPOT,feat_ret_20,0,SHORT,11715,-0.003042032949006051,-0.005808947969602313,0.23824157063593684,-17.176172489561896,0.0,False,20,3714,-0.0042149572379101856,0.21297792137856758,4072,-0.0027928379490482487,0.2406679764243615,3929,-0.0021915573141977583,0.25960804275897176
feat_ret_3:1:SHORT:h20,SPOT,feat_ret_3,1,SHORT,7005,-0.0030664480971390232,-0.007640088530266838,0.24539614561027837,-15.349455969626291,0.0,False,20,2832,-0.003035054143994448,0.23481638418079095,1822,-0.0032006001553014345,0.24039517014270034,2351,-0.0030002986396033037,0.2620161633347512
feat_ema_cross_10_20:0:SHORT:h20,SPOT,feat_ema_cross_10_20,0,SHORT,12174,-0.0031375967270261913,-0.005593205574912859,0.24223755544603254,-20.256782783386317,0.0,False,20,3855,-0.0038541107690511205,0.22204928664072632,4103,-0.003127751839375093,0.23909334633195223,4216,-0.0024920160681140345,0.2637571157495256
feat_atr_percent:0:SHORT:h20,PERP,feat_atr_percent,0,SHORT,11484,-0.0028777786194037866,-0.0123224232932618,0.2992859630790665,-9.380546259199717,0.0,False,20,3683,-0.002409832038202716,0.3021992940537605,4567,-0.003110132197608277,0.28793518721261224,3234,-0.0030825678794234655,0.31199752628324057
feat_cci_20:1:SHORT:h20,SPOT,feat_cci_20,1,SHORT,9588,-0.0032155253772987416,-0.005013226642438424,0.27221526908635796,-13.098250499174235,0.0,False,20,3747,-0.002653159188719021,0.28582866293034426,3077,-0.002986430142851037,0.257393565160871,2764,-0.004232932086779134,0.270260492040521
feat_ret_10:1:SHORT:h20,SPOT,feat_ret_10,1,SHORT,9323,-0.0032174807643906385,-0.005685866070180344,0.26193285423147056,-14.055706604416104,0.0,False,20,3643,-0.002404768380877969,0.2701070546253088,2922,-0.003348892312908218,0.2597535934291581,2758,-0.004151754393240634,0.2534445250181291
feat_vol_sma_ratio:2:SHORT:h20,SPOT,feat_vol_sma_ratio,2,SHORT,7686,-0.0032409187222267027,-0.007484877316388112,0.25565964090554255,-16.367770493757433,0.0,False,20,1723,-0.003454183717057567,0.2257690075449797,3667,-0.003840235998378412,0.24025088628306518,2296,-0.002123692224952359,0.30270034843205573
feat_kc_width:0:SHORT:h20,PERP,feat_kc_width,0,SHORT,11594,-0.0027964519074771418,-0.012290460899647826,0.3013627738485424,-9.117755408068067,0.0,False,20,3714,-0.002113220063365288,0.3069466882067851,4614,-0.003095028585997504,0.28760294755093196,3266,-0.0031515928365458716,0.31445192896509494
feat_ret_3:2:SHORT:h20,SPOT,feat_ret_3,2,SHORT,7862,-0.003315886449963379,-0.007307840083246907,0.24904604426354618,-16.58144157068974,0.0,False,20,2252,-0.003420985000315904,0.23401420959147423,2916,-0.004174934364680144,0.22530864197530864,2694,-0.002298193185409566,0.2873051224944321
feat_vol_regime:0:SHORT:h20,PERP,feat_vol_regime,0,SHORT,9159,-0.0026089496395352127,-0.012457472378367857,0.3110601594060487,-7.222009212254859,5.122569035620472e-13,False,20,2685,0.00045294604862547314,0.33891992551210426,3377,-0.0018284455779909931,0.3097423748889547,3097,-0.006114584815042567,0.2883435582822086
feat_vol_contraction:0:SHORT:h20,PERP,feat_vol_contraction,0,SHORT,9159,-0.0026089496395352127,-0.012457472378367857,0.3110601594060487,-7.222009212254859,5.122569035620472e-13,False,20,2685,0.00045294604862547314,0.33891992551210426,3377,-0.0018284455779909931,0.3097423748889547,3097,-0.006114584815042567,0.2883435582822086
feat_vol_of_vol:2:SHORT:h20,SPOT,feat_vol_of_vol,2,SHORT,8730,-0.0033829869095233184,-0.005863107466584611,0.25166093928980526,-15.43811859386998,0.0,False,20,2792,-0.004173528286950231,0.23782234957020057,2590,-0.0037266149318466797,0.22895752895752897,3348,-0.0024579008570760515,0.2807646356033453
feat_ret_5:1:SHORT:h20,SPOT,feat_ret_5,1,SHORT,7395,-0.0033948266686722396,-0.007319690125058442,0.2424611223799865,-17.941566829657226,0.0,False,20,3009,-0.002802004142734919,0.24759056164838816,2145,-0.0041264166136442924,0.21724941724941724,2241,-0.003490561853223934,0.2597054886211513
feat_price_roc_5:1:SHORT:h20,SPOT,feat_price_roc_5,1,SHORT,7395,-0.0033948266686722396,-0.007319690125058442,0.2424611223799865,-17.941566829657226,0.0,False,20,3009,-0.002802004142734919,0.24759056164838816,2145,-0.0041264166136442924,0.21724941724941724,2241,-0.003490561853223934,0.2597054886211513
feat_ext_vs_ma_50:0:SHORT:h20,SPOT,feat_ext_vs_ma_50,0,SHORT,10773,-0.003447475683309445,-0.005772259384831595,0.227234753550543,-20.636082992583283,0.0,False,20,3462,-0.003949804544795302,0.21346042749855576,3673,-0.003260095965333585,0.22951265995099374,3638,-0.0031586310394560338,0.23804288070368335
feat_time_since_low_20:0:SHORT:h20,SPOT,feat_time_since_low_20,0,SHORT,12995,-0.0034604545426475727,-0.005506225087348006,0.25479030396306274,-17.54387562007155,0.0,False,20,3743,-0.004290973245838656,0.24766230296553568,4674,-0.003233341878281178,0.24796747967479674,4578,-0.0030132927006214253,0.26758409785932724
feat_close_pos_ma:0:SHORT:h20,SPOT,feat_close_pos_ma,0,SHORT,2473,-0.0034815212949374638,-0.009834182772367143,0.32187626364739186,-10.146632587834336,0.0,False,20,960,-0.004058429305131105,0.30104166666666665,844,-0.00280373831308797,0.32582938388625593,669,-0.0035087517088314524,0.34678624813153963
feat_trend_strength_20:0:SHORT:h20,SPOT,feat_trend_strength_20,0,SHORT,9694,-0.003492773532530034,-0.005457403485909711,0.25582834743140087,-14.432335241442479,0.0,False,20,3305,-0.003328844041061795,0.2580937972768533,3490,-0.0024772475621482144,0.271919770773639,2899,-0.004902215618054381,0.23387374956881685
feat_overnight_ret:2:SHORT:h20,SPOT,feat_overnight_ret,2,SHORT,6399,-0.003531510776895746,-0.008035676791558886,0.2578527894983591,-16.571336240984923,0.0,False,20,1898,-0.0042015424592957646,0.22866174920969443,2346,-0.003900738237344059,0.24040920716112532,2155,-0.00253943293215933,0.3025522041763341
feat_ret_1:2:SHORT:h20,SPOT,feat_ret_1,2,SHORT,6260,-0.0035406709531145115,-0.008103122309497982,0.26150159744408946,-15.897193191888821,0.0,False,20,1769,-0.0038478178682155046,0.2430751837196156,2397,-0.0043748222646822574,0.2298706716729245,2094,-0.002326342592731732,0.3132760267430755
feat_ret_sign_streak:2:SHORT:h20,SPOT,feat_ret_sign_streak,2,SHORT,4707,-0.0035464562872753445,-0.007847585513078473,0.24920331421287445,-13.988929328495054,0.0,False,20,1285,-0.0037040241775077947,0.23268482490272374,1844,-0.003950490199459347,0.23427331887201736,1578,-0.0029460042764920757,0.28010139416983526
feat_range_pos_50:0:SHORT:h20,SPOT,feat_range_pos_50,0,SHORT,10753,-0.003575461313142637,-0.005766741071428524,0.23277224960476145,-20.802111623340394,0.0,False,20,3544,-0.0038690444146797258,0.2231941309255079,3561,-0.003267989799543316,0.2375737152485257,3648,-0.0035903866278574766,0.23739035087719298
feat_macd_12_26:0:SHORT:h20,SPOT,feat_macd_12_26,0,SHORT,12611,-0.003590888549998416,-0.005859464957856319,0.23201966537150107,-23.714622089407325,0.0,False,20,4091,-0.004052069049764427,0.21657296504522122,4150,-0.0037821616676229123,0.22674698795180723,4370,-0.002977508032221663,0.25148741418764303
feat_gap:2:SHORT:h20,SPOT,feat_gap,2,SHORT,6390,-0.0037904345947480664,-0.008270171166537686,0.2514866979655712,-18.305592934987498,0.0,False,20,1908,-0.004338590609788485,0.22641509433962265,2386,-0.003935433146507804,0.23931265716680636,2096,-0.003126384870895086,0.2881679389312977
feat_rsi_divergence:1:SHORT:h20,SPOT,feat_rsi_divergence,1,SHORT,10535,-0.003848743753480439,-0.005461105823310535,0.26578073089701,-15.441423670596135,0.0,False,20,3866,-0.002974873021065055,0.27004655975168135,3441,-0.004695481698749763,0.24789305434466724,3228,-0.0039927211332345044,0.27973977695167285
feat_range_expansion:2:SHORT:h20,SPOT,feat_range_expansion,2,SHORT,5885,-0.00388459206405894,-0.009216319239089135,0.25896346644010193,-17.032011539925517,0.0,False,20,1318,-0.0035580601201235062,0.2526555386949924,3024,-0.004797134682233253,0.22982804232804233,1543,-0.002375091237583099,0.321451717433571
feat_hl_range:2:SHORT:h20,SPOT,feat_hl_range,2,SHORT,5228,-0.004049503607952734,-0.00937514283392432,0.27142310635042083,-15.142841752214514,0.0,False,20,1102,-0.0048367385281258895,0.24591651542649728,2510,-0.004691526798297576,0.23824701195219122,1616,-0.0025154620919896325,0.34034653465346537
feat_vol_breakout:2:SHORT:h20,SPOT,feat_vol_breakout,2,SHORT,6166,-0.004076191391856079,-0.009119783389192778,0.24781057411612067,-17.112703251228684,0.0,False,20,1615,-0.004148577078337965,0.21114551083591332,2392,-0.005695391056615636,0.20275919732441472,2159,-0.0022281003859398645,0.3251505326540065
feat_gap_fill_ratio:0:SHORT:h20,SPOT,feat_gap_fill_ratio,0,SHORT,5365,-0.004095854269044211,-0.008889139926113634,0.25330848089468777,-17.129164532973096,0.0,False,20,1553,-0.00485487611766977,0.22601416613007083,2117,-0.003992392490180064,0.23854511100614076,1695,-0.0035296404961474015,0.2967551622418879
feat_squeeze:0:SHORT:h20,PERP,feat_squeeze,0,SHORT,9684,-0.003377564235201464,-0.012607983841743647,0.29574555968608013,-10.10249652121847,0.0,False,20,2961,-0.0006322339430956339,0.331306990881459,3911,-0.0033866597087541246,0.2845819483508054,2812,-0.006255711673985573,0.27382645803698435
feat_vol_roc_20:0:SHORT:h20,SPOT,feat_vol_roc_20,0,SHORT,5148,-0.004135407784243842,-0.008585661753659862,0.2406759906759907,-18.316144235576907,0.0,False,20,2434,-0.003983456068887418,0.24363188167625308,1545,-0.0038763911397266416,0.22524271844660193,1169,-0.004794117100716564,0.2549187339606501
feat_session_mom:2:SHORT:h20,SPOT,feat_session_mom,2,SHORT,5204,-0.004275677332762108,-0.009625312935009128,0.26479631053036123,-17.45099549198831,0.0,False,20,1498,-0.0044530468591833915,0.24833110814419226,2051,-0.004905531155296259,0.2340321794246709,1655,-0.003334571749320038,0.31782477341389725
feat_vol_roc_20:1:SHORT:h20,SPOT,feat_vol_roc_20,1,SHORT,4069,-0.004359046254383187,-0.010042108853090512,0.2654214794789875,-16.312422979406584,0.0,False,20,1321,-0.004826118675080512,0.25510976532929597,1626,-0.004123889294680771,0.24846248462484624,1122,-0.004149921966268181,0.30213903743315507
feat_atr_ratio:0:SHORT:h20,PERP,feat_atr_ratio,0,SHORT,9405,-0.003554642325869389,-0.012592516584948732,0.2913343965975545,-10.314765384751487,0.0,False,20,3010,-0.0016975347456859651,0.3109634551495017,4110,-0.0031798736329345795,0.29318734793187345,2285,-0.006675076962330734,0.262144420131291
feat_vol_breakout_strength:1:SHORT:h20,SPOT,feat_vol_breakout_strength,1,SHORT,5346,-0.004407511142169908,-0.009562629600617826,0.26281331836887395,-20.070055779690602,0.0,False,20,1641,-0.004898778474579352,0.2400975015234613,1779,-0.004919525999841446,0.22203485103991005,1926,-0.003516003289479585,0.31983385254413293
feat_hl_range:1:SHORT:h20,SPOT,feat_hl_range,1,SHORT,4068,-0.004439243351877454,-0.01009876371173113,0.27728613569321536,-18.012329772827048,0.0,False,20,1236,-0.004763663035043367,0.25485436893203883,1434,-0.005669160582656417,0.22873082287308227,1398,-0.002890828446777238,0.3469241773962804
feat_vol_sma_ratio:1:SHORT:h20,SPOT,feat_vol_sma_ratio,1,SHORT,5021,-0.004447130603879047,-0.009658384330779052,0.25692093208524197,-18.93707495779176,0.0,False,20,1488,-0.004823123572645366,0.24193548387096775,1752,-0.00461917343259019,0.22317351598173515,1781,-0.00396375240431352,0.3026389668725435
feat_session_mom:1:SHORT:h20,SPOT,feat_session_mom,1,SHORT,2068,-0.004801645567325204,-0.010167016947080176,0.2620889748549323,-13.461485492549352,0.0,False,20,683,-0.005531077876242603,0.23865300146412885,665,-0.004001760463260672,0.27669172932330827,720,-0.004848480744008996,0.2708333333333333
feat_asia_range:2:SHORT:h20,SPOT,feat_asia_range,2,SHORT,3634,-0.004912970142046017,-0.010004726872595102,0.24408365437534396,-17.542088729964238,0.0,False,20,3634,-0.004912970142046017,0.24408365437534396,0,0.0,0.0,0,0.0,0.0
feat_buy_vol_ratio:2:SHORT:h20,SPOT,feat_buy_vol_ratio,2,SHORT,3077,-0.004947313704512896,-0.010396012493047509,0.2638934026649334,-16.73717490164494,0.0,False,20,969,-0.00547563662876582,0.23116615067079463,1118,-0.005653889623649338,0.23971377459749552,990,-0.00363226644067893,0.32323232323232326
feat_close_position:2:SHORT:h20,SPOT,feat_close_position,2,SHORT,3077,-0.004947313704512896,-0.010396012493047509,0.2638934026649334,-16.73717490164494,0.0,False,20,969,-0.00547563662876582,0.23116615067079463,1118,-0.005653889623649338,0.23971377459749552,990,-0.00363226644067893,0.32323232323232326
feat_vol_roc_20:2:SHORT:h20,SPOT,feat_vol_roc_20,2,SHORT,4431,-0.00497852091788288,-0.00988855416521379,0.2570525840668021,-19.76873662122192,0.0,False,20,1066,-0.005209487501251942,0.21575984990619138,1743,-0.00562841001122735,0.23006310958118187,1622,-0.004128356264633292,0.31319358816276205
feat_ret_sign_streak:1:SHORT:h20,PERP,feat_ret_sign_streak,1,SHORT,7939,-0.00495930976823701,-0.014449227336080308,0.3195616576395012,-12.754013569287757,0.0,False,20,2606,-0.004620473123757775,0.3215656178050652,2623,-0.0052875024945808835,0.2931757529546321,2710,-0.004967486437725169,0.34317343173431736
feat_intraday_mom:1:SHORT:h20,SPOT,feat_intraday_mom,1,SHORT,3344,-0.0050589744083062195,-0.010467066474221104,0.2652511961722488,-17.349914546338095,0.0,False,20,980,-0.0060052546304478855,0.22653061224489796,1277,-0.004836373095883157,0.2631166797180893,1087,-0.004467352750776704,0.30266789328426863
feat_ret_1:1:SHORT:h20,PERP,feat_ret_1,1,SHORT,10247,-0.004485141496181016,-0.013422671503254005,0.3172635893432224,-13.531871296024613,0.0,False,20,3633,-0.004571407011034335,0.3126892375447289,3213,-0.0038865227011042744,0.31248054777466544,3401,-0.004958519788777151,0.3266686268744487
feat_intraday_mom:2:SHORT:h20,SPOT,feat_intraday_mom,2,SHORT,3458,-0.005089672998826732,-0.010452024936183947,0.2515905147484095,-17.455362306584348,0.0,False,20,1072,-0.004357165719059917,0.2574626865671642,1262,-0.005981926090921554,0.21236133122028525,1124,-0.004786491861537017,0.2900355871886121
feat_buy_vol_ratio:1:SHORT:h20,SPOT,feat_buy_vol_ratio,1,SHORT,3725,-0.005090435379370967,-0.010342351512389941,0.25852348993288593,-18.269138507678637,0.0,False,20,1003,-0.004773260977215492,0.25623130608175476,1482,-0.005421758148871002,0.2300944669365722,1240,-0.004951004396276524,0.29435483870967744
feat_close_position:1:SHORT:h20,SPOT,feat_close_position,1,SHORT,3725,-0.005090435379370967,-0.010342351512389941,0.25852348993288593,-18.269138507678637,0.0,False,20,1003,-0.004773260977215492,0.25623130608175476,1482,-0.005421758148871002,0.2300944669365722,1240,-0.004951004396276524,0.29435483870967744
feat_gap_fill_ratio:2:SHORT:h20,SPOT,feat_gap_fill_ratio,2,SHORT,2725,-0.005117825957828863,-0.010024486471452081,0.24440366972477065,-16.615228173696476,0.0,False,20,672,-0.003876576397876035,0.2604166666666667,1172,-0.006073526888762098,0.20477815699658702,881,-0.004793238231647876,0.2849035187287174
feat_vol_breakout:1:SHORT:h20,SPOT,feat_vol_breakout,1,SHORT,3782,-0.00512325269235067,-0.009720364424260016,0.23638286620835536,-22.172141793420195,0.0,False,20,1731,-0.004853267747762749,0.24494511842865396,747,-0.00482411134202472,0.2101740294511379,1304,-0.005653009232055558,0.24003067484662577
feat_intraday_mom:0:SHORT:h20,SPOT,feat_intraday_mom,0,SHORT,3734,-0.005149405232664754,-0.010382264166973049,0.26031065881092663,-20.047805636565883,0.0,False,20,1160,-0.005540263851125207,0.24224137931034484,1292,-0.005708481869355633,0.2306501547987616,1282,-0.004232304599264799,0.30655226209048364
feat_range_expansion:1:SHORT:h20,SPOT,feat_range_expansion,1,SHORT,3695,-0.00520292020642661,-0.010254290058648958,0.2625169147496617,-19.964609282023904,0.0,False,20,1146,-0.005616421961025343,0.24345549738219896,1259,-0.005463483588499854,0.23272438443208895,1290,-0.004581275005806175,0.3085271317829457
feat_buy_vol_ratio:0:SHORT:h20,SPOT,feat_buy_vol_ratio,0,SHORT,3734,-0.005238463506466522,-0.010496223574494251,0.25549009105516873,-19.732584970188313,0.0,False,20,1240,-0.005555858550447727,0.2403225806451613,1231,-0.005478881859891539,0.2380178716490658,1263,-0.004692521426020847,0.28741092636579574
feat_close_position:0:SHORT:h20,SPOT,feat_close_position,0,SHORT,3734,-0.005238463506466522,-0.010496223574494251,0.25549009105516873,-19.732584970188313,0.0,False,20,1240,-0.005555858550447727,0.2403225806451613,1231,-0.005478881859891539,0.2380178716490658,1263,-0.004692521426020847,0.28741092636579574
feat_close_pos_ma:1:SHORT:h20,SPOT,feat_close_pos_ma,1,SHORT,2247,-0.005245267506515923,-0.010696854929786332,0.2728081886960392,-14.955147746005698,0.0,False,20,672,-0.00586547061817418,0.23065476190476192,725,-0.004900563943724152,0.2772413793103448,850,-0.005048954085327319,0.3023529411764706
feat_gap_fill_ratio:1:SHORT:h20,SPOT,feat_gap_fill_ratio,1,SHORT,3645,-0.00537470075362175,-0.01027334482409,0.24444444444444444,-20.769840699230745,0.0,False,20,1344,-0.0063369822069300015,0.21428571428571427,1034,-0.004896276001182891,0.23887814313346228,1267,-0.004744381038369571,0.2809786898184688
feat_overnight_ret:1:SHORT:h20,SPOT,feat_overnight_ret,1,SHORT,3493,-0.005558698519228815,-0.009956114776737779,0.2399083882049814,-22.051162988005665,0.0,False,20,1271,-0.005708658443864093,0.22265932336742722,1029,-0.006220231682518934,0.21477162293488825,1193,-0.0048283408585104845,0.2799664710813076
feat_gap:1:SHORT:h20,SPOT,feat_gap,1,SHORT,3148,-0.005879381813976791,-0.010158673572977794,0.24237611181702667,-21.05574700956384,0.0,False,20,1146,-0.006153405417274499,0.2181500872600349,883,-0.006359521345523692,0.22536806342015855,1119,-0.005219869521094672,0.2806076854334227
feat_close_pos_ma:2:SHORT:h20,SPOT,feat_close_pos_ma,2,SHORT,2176,-0.006674373544010437,-0.012216733103478235,0.23161764705882354,-18.367778033977395,0.0,False,20,462,-0.0072818624823859715,0.19913419913419914,747,-0.00821950744264369,0.18875502008032127,967,-0.005190531856514534,0.28024819027921405
feat_time_since_low_20:2:LONG:h24,SPOT,feat_time_since_low_20,2,LONG,3813,0.010316238880430153,-0.0025756435151526617,0.33805402570154736,15.984931580626828,0.0,True,24,1333,0.008613222854817545,0.31732933233308325,1249,0.01100545957584365,0.35628502802241796,1231,0.011461067242388032,0.3419983753046304
feat_ext_vs_ma_20:2:LONG:h24,PERP,feat_ext_vs_ma_20,2,LONG,9168,0.01193554429512681,-0.012100073646407685,0.4199389179755672,18.878336767229662,0.0,True,24,2818,0.015278819075401594,0.4687721788502484,3037,0.010517218211884574,0.4053342113928219,3313,0.01039196083119452,0.3917899185028675
feat_trend_slope_20:2:LONG:h24,PERP,feat_trend_slope_20,2,LONG,9151,0.01220777570810894,-0.011448391135595223,0.42552726477980546,18.861659957959038,0.0,True,24,2991,0.014294904482393503,0.45503176195252426,2813,0.012288484254935953,0.4372555990046214,3347,0.010274810274553662,0.38930385419778907
feat_ret_20:2:LONG:h24,PERP,feat_ret_20,2,LONG,9091,0.011902418708974917,-0.012218954098394828,0.4197558024419756,18.37697218364675,0.0,True,24,2995,0.013656576556886516,0.4404006677796327,2953,0.010522348060577762,0.4168642058923129,3143,0.011527504891037134,0.40279987273305756
feat_ext_vs_ma_50:2:LONG:h24,PERP,feat_ext_vs_ma_50,2,LONG,8201,0.01075654589124848,-0.012861529136021947,0.4073893427630777,16.0960699758103,0.0,True,24,2625,0.012436376597510884,0.43961904761904763,2747,0.009732353131197932,0.40116490717145975,2829,0.010192354271566628,0.3835277483209615
feat_ext_strength:2:LONG:h24,PERP,feat_ext_strength,2,LONG,9728,0.011125633737389229,-0.012241170325646668,0.41015625,18.174216879466538,0.0,True,24,3089,0.013562396470032639,0.44674651990935577,3115,0.010480298944115559,0.4099518459069021,3524,0.00956009962839717,0.3782633371169126
feat_ret_10:2:LONG:h24,PERP,feat_ret_10,2,LONG,9339,0.011048732656774477,-0.012374109701187047,0.4120355498447371,17.767632740283492,0.0,True,24,2776,0.014709283806084465,0.46865994236311237,3150,0.009560441707250983,0.39365079365079364,3413,0.009444990055108633,0.38294755347201875
feat_bb_pos_20:2:LONG:h24,PERP,feat_bb_pos_20,2,LONG,9426,0.011019341511264887,-0.011658923574969223,0.40494377254402714,18.23295884402099,0.0,True,24,2802,0.014597935406101712,0.45289079229122053,3187,0.008909954623011916,0.3834326953247568,3437,0.010057862290877757,0.38580157113762004
feat_zscore_20:2:LONG:h24,PERP,feat_zscore_20,2,LONG,9426,0.011019341511264887,-0.011658923574969223,0.40494377254402714,18.23295884402099,0.0,True,24,2802,0.014597935406101712,0.45289079229122053,3187,0.008909954623011916,0.3834326953247568,3437,0.010057862290877757,0.38580157113762004
feat_mean_rev_strength:0:LONG:h24,PERP,feat_mean_rev_strength,0,LONG,9270,0.011920752708848558,-0.011465172816770269,0.41359223300970877,19.37806966613329,0.0,True,24,2780,0.014585210764624424,0.4568345323741007,3081,0.01075681253288346,0.4008438818565401,3409,0.010799868662820851,0.38985039601056026
feat_trend_neutral:0:LONG:h24,PERP,feat_trend_neutral,0,LONG,18785,0.00861488212182941,-0.014731459814634454,0.4069204152249135,19.546748266268054,0.0,True,24,6363,0.009326880590434237,0.4203991827754204,5787,0.008403516629927667,0.3915673060307586,6635,0.008116423319403319,0.40738507912584776
feat_ema_cross_10_20:2:LONG:h24,PERP,feat_ema_cross_10_20,2,LONG,9345,0.010884456141146635,-0.012848794312614101,0.41048689138576777,17.315718499717253,0.0,True,24,3023,0.012556576672681704,0.4406218987760503,3031,0.00991095438934375,0.4071263609369845,3291,0.010245095291217747,0.3859009419629292
feat_ext_vs_ma_10:2:LONG:h24,PERP,feat_ext_vs_ma_10,2,LONG,9412,0.009792598012132697,-0.012726463712436624,0.39088397790055246,16.087471000938685,0.0,True,24,2981,0.012857409092177556,0.4330761489433076,3161,0.00731598406037735,0.3622271433090794,3270,0.009392712651852854,0.3801223241590214
feat_bb_width_20:2:LONG:h24,PERP,feat_bb_width_20,2,LONG,8261,0.012718296645317186,-0.007230570902394049,0.45987168623653313,18.176429532749047,0.0,True,24,3056,0.010757436632519216,0.45778795811518325,2357,0.016532824330994494,0.46584641493423845,2848,0.011665468851767035,0.4571629213483146
feat_cci_20:2:LONG:h24,PERP,feat_cci_20,2,LONG,9079,0.010764008992314127,-0.011956411548707581,0.4020266549179425,17.553156507036555,0.0,True,24,2752,0.014070777369795054,0.4465843023255814,3002,0.009422562143781397,0.39073950699533644,3325,0.009238233613206685,0.37533834586466164
feat_vol_trend:2:LONG:h24,PERP,feat_vol_trend,2,LONG,10358,0.01018012101072553,-0.01227034217673649,0.41291755165089783,17.13465696039781,0.0,True,24,3456,0.011969047481624796,0.4441550925925926,3199,0.010266430933536224,0.4166927164738981,3703,0.008435958081614195,0.38050229543613284
feat_vwap_dist:2:LONG:h24,PERP,feat_vwap_dist,2,LONG,9291,0.011498924348610018,-0.011946023724627254,0.41351845872349585,18.49420362088507,0.0,True,24,2934,0.014765974727570073,0.46284935241990455,3095,0.010208085491366101,0.3996768982229402,3262,0.009785135400511034,0.3822808093194359
feat_ret_vol:2:LONG:h24,PERP,feat_ret_vol,2,LONG,10377,0.010038408449047128,-0.01284672933803389,0.40580129131733644,16.881170147608145,0.0,True,24,3457,0.011663157608831234,0.4278275961816604,3382,0.008573101597016318,0.397397989355411,3538,0.009851554273861866,0.392312040700961
feat_atr_norm_ext:2:LONG:h24,PERP,feat_atr_norm_ext,2,LONG,9253,0.011308591912804875,-0.011531735549185426,0.40959688749594725,18.567400954986752,0.0,True,24,2804,0.014197552165916809,0.45470756062767476,3142,0.00985324138477646,0.39242520687460214,3307,0.010241784174473887,0.3876625340187481
feat_vwap_lower_dist:2:LONG:h24,PERP,feat_vwap_lower_dist,2,LONG,9428,0.011098676134622306,-0.01141247679268247,0.4085702163767501,18.3137587558543,0.0,True,24,3107,0.013417798836741853,0.44576762149983906,2923,0.010089795713404412,0.4002736914129319,3398,0.009846010812590076,0.3816951147733961
feat_vwap_upper_dist:2:LONG:h24,PERP,feat_vwap_upper_dist,2,LONG,9148,0.01184864363648366,-0.011999304418572387,0.42074770441626586,18.660746385972466,0.0,True,24,2879,0.015394155372475474,0.46821813129558876,3076,0.010607340829432751,0.4128738621586476,3193,0.009847616122098491,0.3855308487316004
feat_trend_strength_20:2:LONG:h24,PERP,feat_trend_strength_20,2,LONG,10054,0.010090802665580703,-0.011248507326753943,0.4185398846230356,18.090274907530304,0.0,True,24,3267,0.008861193785760767,0.41628405264768903,3153,0.01293301459014096,0.43418966064065967,3634,0.008730218739392821,0.406989543203082
feat_vol_sma_ratio:0:LONG:h24,PERP,feat_vol_sma_ratio,0,LONG,9896,0.008211007251061869,-0.009557964625198645,0.41056992724333063,15.231218477005546,0.0,True,24,4463,0.0074676441593106045,0.4116065426842931,2330,0.006076919637432536,0.36394849785407724,3103,0.01088263265172002,0.4440863680309378
feat_vol_regime:1:LONG:h24,PERP,feat_vol_regime,1,LONG,9783,0.01216998878988362,-0.011415291160452501,0.4181743841357457,21.16414191299799,0.0,True,24,3247,0.012831541593289638,0.42654758238373885,3230,0.011583161443804143,0.4120743034055728,3306,0.012093579344988692,0.41591046581972174
feat_vol_contraction:1:LONG:h24,PERP,feat_vol_contraction,1,LONG,9783,0.01216998878988362,-0.011415291160452501,0.4181743841357457,21.16414191299799,0.0,True,24,3247,0.012831541593289638,0.42654758238373885,3230,0.011583161443804143,0.4120743034055728,3306,0.012093579344988692,0.41591046581972174
feat_macd_12_26:2:LONG:h24,PERP,feat_macd_12_26,2,LONG,9825,0.009052683261908024,-0.014469012723465917,0.39633587786259544,14.77211238954917,0.0,True,24,3260,0.010281956519636114,0.4180981595092024,3141,0.008558818952682656,0.3982808022922636,3424,0.008335334247621604,0.37383177570093457
feat_realized_vol_20:1:LONG:h24,PERP,feat_realized_vol_20,1,LONG,9738,0.007470893348810824,-0.011825396078743122,0.41189155884165124,13.931263876325213,0.0,True,24,3414,0.008974488294364697,0.45313415348564734,3185,0.007414031571928924,0.3773940345368917,3139,0.005893267230699303,0.4020388658808538
feat_williams_r_14:0:LONG:h24,PERP,feat_williams_r_14,0,LONG,9495,0.009196240737038367,-0.012114611129189642,0.3886255924170616,15.944190359157481,0.0,True,24,2981,0.012195844873122119,0.43274069104327406,3215,0.006981127518287122,0.3629860031104199,3299,0.008644488408641756,0.3737496210973022
feat_rsi_divergence:2:LONG:h24,PERP,feat_rsi_divergence,2,LONG,10195,0.008969241822766231,-0.010987200709429457,0.40637567435017163,16.69045683135809,0.0,True,24,3234,0.009416459524763688,0.43537414965986393,3534,0.008414726074025467,0.38596491228070173,3427,0.009119039490636116,0.4000583600817041
feat_rsi_21:2:LONG:h24,PERP,feat_rsi_21,2,LONG,8635,0.011303722877953995,-0.012424966994013695,0.40787492762015054,17.565498398899994,0.0,True,24,2614,0.014576955058682454,0.449885233358837,2954,0.009241585227439642,0.3930264048747461,3067,0.010500112085386402,0.3863710466253668
feat_range_expansion:0:LONG:h24,PERP,feat_range_expansion,0,LONG,9963,0.00950135492683776,-0.009400127673783645,0.42316571313861284,17.124469640706298,0.0,True,24,3911,0.009074721875134105,0.43211454870877014,2265,0.008471763599256917,0.3783664459161148,3787,0.010557754774258826,0.4407182466332189
feat_realized_vol_20:2:LONG:h24,PERP,feat_realized_vol_20,2,LONG,7853,0.013064822963140424,-0.009303975445776136,0.4432700878645104,17.028243674591653,0.0,True,24,2757,0.014064669477470898,0.45411679361624957,2374,0.012813747393785463,0.42122999157540014,2722,0.012271096497908815,0.4515062454077884
feat_price_accel:0:LONG:h24,PERP,feat_price_accel,0,LONG,9845,0.00813714709672423,-0.011921035043403494,0.3995937023869985,14.336280134301376,0.0,True,24,3246,0.008518104016410193,0.41189155884165124,3254,0.006937651857564195,0.3752304855562385,3345,0.00893432836635835,0.41136023916292974
feat_kc_width:1:LONG:h24,PERP,feat_kc_width,1,LONG,10372,0.008231734304521093,-0.012777589723291353,0.40715387581951407,15.819893913590686,0.0,True,24,3485,0.0070146291299177455,0.4152080344332855,3259,0.009799261542694703,0.3949064130101258,3628,0.007992770761049449,0.4104189636163175
feat_vol_of_vol:2:LONG:h24,PERP,feat_vol_of_vol,2,LONG,8398,0.007813810655589561,-0.010342761592656853,0.39009287925696595,11.89954651238363,0.0,True,24,2973,0.007435258310397067,0.3955600403632694,2292,0.007854717034258015,0.3787085514834206,3133,0.008143104847210748,0.3932333226939036
feat_vol_breakout_strength:0:LONG:h24,PERP,feat_vol_breakout_strength,0,LONG,9671,0.007411770301309513,-0.010696887722790245,0.3863095853582877,13.921711426071207,0.0,True,24,3935,0.00750698826848717,0.39567979669631514,2573,0.005134743888265764,0.34045860862806065,3163,0.009145600924109858,0.41195067973442934
feat_time_since_high_20:2:LONG:h24,PERP,feat_time_since_high_20,2,LONG,5139,0.006005013827913191,-0.010105345855156248,0.40591554777194006,9.841394841179884,0.0,True,24,1612,0.00563275316302908,0.3951612903225806,1805,0.005879634319510343,0.4022160664819945,1722,0.0064849175471119866,0.41986062717770034
feat_atr_percent:1:LONG:h24,PERP,feat_atr_percent,1,LONG,10449,0.008242540434366263,-0.013083795673958263,0.40482342807924204,15.920009147521494,0.0,True,24,3489,0.006866595661603409,0.40928632846087704,3340,0.009192187210342843,0.3916167664670659,3620,0.008692499296357377,0.412707182320442
feat_keltner_pos:2:LONG:h24,PERP,feat_keltner_pos,2,LONG,9257,0.010658000549231047,-0.012247341124344191,0.3981851571783515,17.397546786652335,0.0,True,24,2783,0.013382559536744828,0.4405318002155947,3233,0.00832098544408133,0.3742653881843489,3241,0.010649707483108919,0.3856834310398025
feat_atr_percent:2:LONG:h24,PERP,feat_atr_percent,2,LONG,7814,0.014166653469177887,-0.004949570290322546,0.4696698233939084,17.89326352355445,0.0,True,24,2674,0.017042915416713253,0.4951383694839192,2041,0.014905591182669884,0.4590886820186183,3099,0.01119818095515829,0.45466279444982255
feat_gap:0:LONG:h24,PERP,feat_gap,0,LONG,11258,0.00623653579545605,-0.010473259758112087,0.38577011902647007,13.205315160736548,0.0,True,24,3824,0.005748857593107586,0.39252092050209203,3795,0.005253546431523694,0.3681159420289855,3639,0.007774135708042972,0.39708711184391315
feat_ret_5:2:LONG:h24,PERP,feat_ret_5,2,LONG,9363,0.00917077329054463,-0.012727369412607561,0.38897789170137775,15.139744151200096,0.0,True,24,2990,0.011050979989580214,0.4193979933110368,3127,0.006943269805945122,0.358810361368724,3246,0.0095846936128571,0.3900184842883549
feat_price_roc_5:2:LONG:h24,PERP,feat_price_roc_5,2,LONG,9363,0.00917077329054463,-0.012727369412607561,0.38897789170137775,15.139744151200096,0.0,True,24,2990,0.011050979989580214,0.4193979933110368,3127,0.006943269805945122,0.358810361368724,3246,0.0095846936128571,0.3900184842883549
feat_kc_width:2:LONG:h24,PERP,feat_kc_width,2,LONG,7783,0.014243115772795217,-0.005721600771456261,0.4664011306694077,17.95808532648155,0.0,True,24,2649,0.017382633153620177,0.49112872782181954,2075,0.013550453878506794,0.447710843373494,3059,0.011994240940772715,0.4576659038901602
feat_donchian_break:2:LONG:h24,PERP,feat_donchian_break,2,LONG,9551,0.010221147576456958,-0.011731886655093232,0.39974871741178936,17.28426791799024,0.0,True,24,2952,0.013956927008120698,0.44308943089430897,3119,0.008517550299767238,0.37896761782622634,3480,0.008579049594768419,0.3816091954022989
feat_rsi_14:2:LONG:h24,PERP,feat_rsi_14,2,LONG,8997,0.010782002875215895,-0.012166618873826843,0.401244859397577,17.3589013262763,0.0,True,24,2710,0.014281868285707924,0.44538745387453876,3102,0.008508110861843034,0.3781431334622824,3185,0.010018730587319257,0.38618524332810045
feat_ret_1:0:LONG:h24,PERP,feat_ret_1,0,LONG,10287,0.007632277316838365,-0.01141311537165181,0.3989501312335958,13.93461569714409,0.0,True,24,3258,0.007264732994757453,0.3928790669122161,3447,0.008144582059177943,0.39947780678851175,3582,0.007473579649193215,0.403964265773311
feat_bb_width_20:1:LONG:h24,PERP,feat_bb_width_20,1,LONG,9972,0.007857113920549101,-0.011429873336158042,0.4038307260328921,14.481040985879474,0.0,True,24,3305,0.010990985658020617,0.4496217851739788,3266,0.005290561130252748,0.36007348438456827,3401,0.007276377466789774,0.4013525433695972
feat_range_pos_20:2:LONG:h24,PERP,feat_range_pos_20,2,LONG,9279,0.010661561602250609,-0.011358805682299291,0.40521607931889214,17.873174709694148,0.0,True,24,2866,0.013130285659054964,0.4441730635031403,3103,0.009130480136379555,0.3880116016757976,3310,0.009959320708533568,0.3876132930513595
feat_overnight_ret:0:LONG:h24,PERP,feat_overnight_ret,0,LONG,11462,0.006547678051212977,-0.01041244192522341,0.39164194730413543,13.687631276088943,0.0,True,24,3913,0.006357560984647532,0.3996933299258881,3739,0.005649810377821889,0.3733618614602835,3810,0.007624070521627641,0.40131233595800525
feat_ret_sign_streak:0:LONG:h24,PERP,feat_ret_sign_streak,0,LONG,14445,0.007726202187246685,-0.011087353629976694,0.39404638283142956,16.99692539956119,0.0,True,24,4717,0.007424434493167274,0.39474242103031587,4802,0.007774784008872963,0.38900458142440647,4926,0.007967807608587165,0.3982947624847747
feat_hl_range:0:LONG:h24,SPOT,feat_hl_range,0,LONG,21796,0.005271860783669509,-0.004033392831623709,0.3003762158194164,23.463864782601807,0.0,True,24,7919,0.004627229795297734,0.3013006692764238,6331,0.0051683466349349925,0.2958458379402938,7546,0.006035203067336924,0.3032069970845481
feat_stoch_d_14:2:LONG:h24,PERP,feat_stoch_d_14,2,LONG,9444,0.010109073604466756,-0.011631496273472484,0.39940703091910207,17.24576343543579,0.0,True,24,2949,0.013470210680554743,0.4510003390979993,3134,0.008514481097261894,0.3784301212507977,3361,0.008646847981198849,0.37369830407616783
feat_adx_14:2:LONG:h24,PERP,feat_adx_14,2,LONG,9941,0.010901757195203384,-0.010049450836820083,0.4313449351171914,18.771623304185916,0.0,True,24,3486,0.00857945445919762,0.40332759609868046,3214,0.01260022649490592,0.45706285003111385,3241,0.011715292217872977,0.4359765504473928
feat_squeeze:2:LONG:h24,PERP,feat_squeeze,2,LONG,9390,0.011214473481533774,-0.0080637082201617,0.45431309904153355,17.37656209737284,0.0,True,24,3427,0.011457248861918585,0.4668806536329151,2492,0.014453990537843197,0.4622792937399679,3471,0.008648968516710431,0.43618553730913284
feat_time_since_high_20:0:LONG:h24,PERP,feat_time_since_high_20,0,LONG,9944,0.010613459761961328,-0.011264641331210985,0.4075824617860016,18.007292237424654,0.0,True,24,2962,0.013240724012375695,0.4473328831870358,3381,0.010267693330396663,0.4057971014492754,3601,0.008777047541853801,0.376562066092752
feat_atr_ratio:1:LONG:h24,PERP,feat_atr_ratio,1,LONG,10163,0.009492157560375938,-0.012158898654635462,0.40450654334350095,17.57814105617108,0.0,True,24,3360,0.009210059772844508,0.41517857142857145,3131,0.008592535384059576,0.38390290641967423,3672,0.010517366057149391,0.41230936819172115
feat_range_pos_50:2:LONG:h24,PERP,feat_range_pos_50,2,LONG,8631,0.009964566179848762,-0.013500466683951252,0.38628200671996293,15.691218009384462,0.0,True,24,2729,0.01102872056618218,0.41517039208501283,2842,0.00963428035955847,0.38353272343420125,3060,0.00932227695794063,0.3630718954248366
feat_bb_squeeze_20:2:LONG:h24,PERP,feat_bb_squeeze_20,2,LONG,9736,0.009824237409949843,-0.009779743726097308,0.4239934264585045,16.998851398977003,0.0,True,24,3518,0.008041822165938253,0.42950540079590677,3150,0.012430403517977676,0.4234920634920635,3068,0.009192266610779402,0.4181877444589309
feat_session_mom:0:LONG:h24,PERP,feat_session_mom,0,LONG,11769,0.006867846530330937,-0.01160256757460557,0.3910272750446087,13.699464282302817,0.0,True,24,3894,0.006328072332327266,0.38931689779147405,3804,0.006971259168741203,0.38590956887486855,4071,0.007287522052441876,0.39744534512404817
feat_vol_breakout:0:LONG:h24,PERP,feat_vol_breakout,0,LONG,11073,0.006720975887174633,-0.01146705514002429,0.4018784430596948,13.329821412456807,0.0,True,24,3414,0.006589967410801676,0.4018746338605741,3855,0.006885560305990674,0.37795071335927366,3804,0.006671761902895299,0.426130389064143
feat_stoch_k_14:2:LONG:h24,PERP,feat_stoch_k_14,2,LONG,9507,0.009190676160331385,-0.012109649911625242,0.3886609866414221,15.949308506366979,0.0,True,24,2981,0.012185603592111445,0.43274069104327406,3222,0.007007302665520824,0.36343885785226565,3304,0.008617719358316633,0.3734866828087167
feat_rsi_7:2:LONG:h24,PERP,feat_rsi_7,2,LONG,9358,0.008829653681098367,-0.012411493825441908,0.38416328275272493,15.053166919718038,0.0,True,24,2958,0.01101993433111712,0.41446923597025015,3271,0.007376785875106936,0.36074594925099357,3129,0.008277873697283247,0.37999360818152766
feat_ret_3:0:LONG:h24,PERP,feat_ret_3,0,LONG,10361,0.0059377993270373665,-0.011623347698256011,0.3898272367532091,11.40279378230855,0.0,True,24,3143,0.005607776197627391,0.38784600699968186,3511,0.00789161242220903,0.39561378524636853,3707,0.004367101975698774,0.38602643647154034
feat_donchian_break:1:LONG:h24,PERP,feat_donchian_break,1,LONG,9420,0.007018638509819522,-0.011601708075134432,0.373036093418259,12.397828915778105,0.0,True,24,3062,0.004581853941511904,0.36577400391900716,2960,0.0066186446483784385,0.360472972972973,3398,0.009562904601056582,0.3905238375515009
feat_macd_12_26:0:LONG:h24,PERP,feat_macd_12_26,0,LONG,11576,0.0081661777415005,-0.009722088561086438,0.42216655148583276,17.293541834517857,0.0,True,24,3883,0.006194786079466838,0.40793201133144474,3772,0.010027197482379872,0.41039236479321317,3921,0.008328163806555261,0.4475899005355777
feat_vol_of_vol:1:LONG:h24,PERP,feat_vol_of_vol,1,LONG,9856,0.008765228262090717,-0.01117970930217374,0.40533685064935066,16.12654707060892,0.0,True,24,3322,0.009754833022971794,0.41751956652618905,3349,0.008180723072145771,0.3765303075544939,3185,0.008347658675113855,0.42291993720565146
feat_ext_vs_ma_50:0:LONG:h24,PERP,feat_ext_vs_ma_50,0,LONG,10102,0.008818516281335795,-0.009125531280570816,0.43110275193031083,17.237658461358702,0.0,True,24,3354,0.007017103146565319,0.41771019677996424,3372,0.011563958080488164,0.4306049822064057,3376,0.007866001443444322,0.44490521327014215
feat_stoch_k_14:1:LONG:h24,PERP,feat_stoch_k_14,1,LONG,9476,0.006617647301581137,-0.012217704671950571,0.36977627691008863,11.632891414462257,0.0,True,24,3113,0.00442460004935275,0.3578541599743013,3098,0.006783685140675698,0.3608779857972886,3265,0.008551053387545,0.3895865237366003
feat_ema_cross_10_20:0:LONG:h24,PERP,feat_ema_cross_10_20,0,LONG,11180,0.008535627963963087,-0.010060848911152928,0.4242397137745975,17.40268702184637,0.0,True,24,3710,0.005904083277401511,0.40431266846361186,3724,0.010646307398163092,0.4143394199785177,3746,0.00904359928648915,0.45381740523224773
feat_donchian_width_20:1:LONG:h24,PERP,feat_donchian_width_20,1,LONG,9743,0.006837017081349775,-0.012120876048462353,0.37965718977727597,12.30304208655592,0.0,True,24,3414,0.008052956356146406,0.4030462800234329,3033,0.004007468778539073,0.33728981206726016,3296,0.00818131420461105,0.39441747572815533
feat_range_pos_20:1:LONG:h24,PERP,feat_range_pos_20,1,LONG,9452,0.006019326529056953,-0.012401710114260464,0.3587600507829031,10.463636441317142,0.0,True,24,3218,0.00502585186426828,0.3576755748912368,3002,0.005140254253797817,0.3397734843437708,3232,0.007825012309260502,0.3774752475247525
feat_squeeze:1:LONG:h24,PERP,feat_squeeze,1,LONG,11203,0.006487933969034804,-0.012987815532152575,0.38311166651789696,12.90053637244783,0.0,True,24,3666,0.008207719142217055,0.42116748499727225,3555,0.004179921764115089,0.3437412095639944,3982,0.0069651441507534015,0.3832245102963335
feat_asia_vol:2:LONG:h24,PERP,feat_asia_vol,2,LONG,9633,0.00792095106058801,-0.010497701247199254,0.39946018893387314,13.908144336434555,0.0,True,24,9633,0.00792095106058801,0.39946018893387314,0,0.0,0.0,0,0.0,0.0
feat_ret_autocorr:1:LONG:h24,PERP,feat_ret_autocorr,1,LONG,9422,0.009509661108965877,-0.010896519933189054,0.40235618764593506,16.599669457690204,0.0,True,24,3127,0.00884265945312829,0.41061720498880716,3088,0.011062240716131658,0.39896373056994816,3207,0.008665055044380969,0.39756782039289057
feat_bb_squeeze_20:1:LONG:h24,PERP,feat_bb_squeeze_20,1,LONG,9575,0.006477567028360049,-0.011821618451915625,0.37973890339425587,11.91378062455217,0.0,True,24,3146,0.008579558651497494,0.4081373172282263,3150,0.002793621594815577,0.3352380952380952,3279,0.007999848964704872,0.39524245196706315
feat_asia_range:0:LONG:h24,PERP,feat_asia_range,0,LONG,20223,0.007169780613601968,-0.012212308436844616,0.3798150620580527,18.79145460254606,0.0,True,24,0,0.0,0.0,9958,0.006855382976975018,0.366639887527616,10265,0.007474775417842704,0.3925962006819289
feat_ret_autocorr:0:LONG:h24,PERP,feat_ret_autocorr,0,LONG,9767,0.010316969391942992,-0.010600688168476884,0.4087232517661513,18.102573176661952,0.0,True,24,3038,0.012303045174965261,0.43745885450954575,3506,0.008989880992293255,0.38362806617227607,3223,0.009888509478927273,0.4089357741234874
feat_rsi_7:1:LONG:h24,PERP,feat_rsi_7,1,LONG,10004,0.007098120059673556,-0.012087898453057536,0.3743502598960416,12.653202511797414,0.0,True,24,3535,0.004859474140130955,0.3685997171145686,3104,0.006145910674888416,0.35180412371134023,3365,0.010328215529497085,0.4011887072808321
feat_donchian_width_20:0:LONG:h24,PERP,feat_donchian_width_20,0,LONG,10351,0.007719925622744725,-0.011259346973520249,0.3813158148971114,14.576750374529782,0.0,True,24,3062,0.008033762036009865,0.38569562377531025,3270,0.005790477376633308,0.3510703363914373,4019,0.009050686674590074,0.40258770838517044
feat_ret_3:2:LONG:h24,PERP,feat_ret_3,2,LONG,9463,0.00856679585631066,-0.01284672933803389,0.38370495614498573,14.47235360925141,0.0,True,24,3160,0.009010567270467767,0.4079113924050633,3253,0.007610380641893565,0.3556716876729173,3050,0.009127091273937656,0.3885245901639344
feat_ret_5:0:LONG:h24,PERP,feat_ret_5,0,LONG,10285,0.006393410589346342,-0.01132955722885249,0.39931939718035975,12.234224424074506,0.0,True,24,3192,0.0059016766140832155,0.40225563909774437,3396,0.007634006665732238,0.38898704358068315,3697,0.005678385047997519,0.40627535839870166
feat_price_roc_5:0:LONG:h24,PERP,feat_price_roc_5,0,LONG,10285,0.006393410589346342,-0.01132955722885249,0.39931939718035975,12.234224424074506,0.0,True,24,3192,0.0059016766140832155,0.40225563909774437,3396,0.007634006665732238,0.38898704358068315,3697,0.005678385047997519,0.40627535839870166
feat_trend_strength_20:1:LONG:h24,PERP,feat_trend_strength_20,1,LONG,9383,0.007137275802542745,-0.011490408007996614,0.381647660662901,12.308328454983775,0.0,True,24,3121,0.008674692622989257,0.4030759371996155,3120,0.004300853045965482,0.3455128205128205,3142,0.008426696904995803,0.3962444302991725
feat_range_pos_50:1:LONG:h24,PERP,feat_range_pos_50,1,LONG,8973,0.0067480585264389535,-0.011978631867839547,0.36732419480664213,11.594387196231501,0.0,True,24,3086,0.008376722679599467,0.3885288399222294,2945,0.0048498105404185645,0.3365025466893039,2942,0.006939860954099289,0.3759347382732835
feat_atr_ratio:2:LONG:h24,PERP,feat_atr_ratio,2,LONG,8754,0.007624924628315485,-0.011114684483382709,0.4172949508795979,12.207356269604919,0.0,True,24,3049,0.012475855751753449,0.4709740898655297,2076,0.006574243730930613,0.40847784200385356,3629,0.0041503378406628644,0.37723890879030036
feat_ret_autocorr:2:LONG:h24,SPOT,feat_ret_autocorr,2,LONG,9954,0.004237500721125821,-0.004730998271114835,0.29887482419127986,13.384252077857866,0.0,True,24,3385,0.00440562247089953,0.30989660265878877,3131,0.0035380604233973298,0.2957521558607474,3438,0.004708953731365469,0.29086678301337987
feat_hour_utc:2:LONG:h24,PERP,feat_hour_utc,2,LONG,10265,0.007474775417842704,-0.01183275727014585,0.3925962006819289,14.078120566271702,0.0,True,24,0,0.0,0.0,0,0.0,0.0,10265,0.007474775417842704,0.3925962006819289
feat_asia_vol:0:LONG:h24,PERP,feat_asia_vol,0,LONG,19893,0.00750033004832963,-0.011968123303875864,0.38214447293017645,19.485348204484747,0.0,True,24,0,0.0,0.0,9944,0.006884842923357593,0.3666532582461786,9949,0.00811550785220157,0.3976279023017389
feat_ret_20:0:LONG:h24,PERP,feat_ret_20,0,LONG,10227,0.008776846726019244,-0.009625399971683364,0.42886476972719273,16.88394412361074,0.0,True,24,3352,0.007491369506563463,0.431980906921241,3579,0.010406986898954192,0.41128806929309863,3296,0.008314057879138666,0.44478155339805825
feat_trend_slope_20:0:LONG:h24,PERP,feat_trend_slope_20,0,LONG,9976,0.007505453636058916,-0.01089954954197787,0.41058540497193263,14.393294366807039,0.0,True,24,3304,0.006518899291077968,0.413135593220339,3408,0.006852944111302816,0.36971830985915494,3264,0.0091853948174884,0.45067401960784315
feat_vwap_upper_dist:1:LONG:h24,PERP,feat_vwap_upper_dist,1,LONG,10054,0.004413032486724649,-0.012035801482632379,0.33926795305351104,8.607982096874956,0.0,True,24,3220,0.0022725131982177745,0.3251552795031056,3421,0.0034170670883552396,0.3230049693072201,3413,0.007430808559626463,0.3688836800468796
feat_hour_utc:0:LONG:h24,PERP,feat_hour_utc,0,LONG,9952,0.007207630962747843,-0.010958305493668979,0.3916800643086817,12.91602736061012,0.0,True,24,9952,0.007207630962747843,0.3916800643086817,0,0.0,0.0,0,0.0,0.0
feat_vwap_dist:1:LONG:h24,PERP,feat_vwap_dist,1,LONG,10009,0.003997846468231717,-0.011943827494286937,0.33689679288640223,7.954156969327072,1.7763568394002505e-15,True,24,3286,0.0016000871497994017,0.32075471698113206,3325,0.0034771620481343925,0.326015037593985,3398,0.006826072724026943,0.3631547969393761
feat_stoch_d_14:1:LONG:h24,PERP,feat_stoch_d_14,1,LONG,9560,0.006003993672271234,-0.01234135939391226,0.3626569037656904,10.655671185516756,0.0,True,24,3140,0.0037830970209898006,0.3382165605095541,3163,0.005569740525851645,0.3556749920961113,3257,0.008566830082203339,0.39299969296898984
feat_williams_r_14:1:LONG:h24,PERP,feat_williams_r_14,1,LONG,9466,0.006604446965659765,-0.012206140865088606,0.36974434819353474,11.6052148536912,0.0,True,24,3100,0.004442182350894159,0.3580645161290323,3102,0.00684609821833191,0.3617021276595745,3264,0.008428410850458902,0.38848039215686275
feat_range_pos_50:0:LONG:h24,PERP,feat_range_pos_50,0,LONG,10611,0.0067081529928269355,-0.010126415385327126,0.3954386956931486,13.441325450094798,0.0,True,24,3497,0.005323908065378535,0.37575064340863595,3530,0.008708812762568574,0.3954674220963173,3584,0.006088280092184936,0.4146205357142857
feat_rsi_21:0:LONG:h24,PERP,feat_rsi_21,0,LONG,11398,0.007035063662748597,-0.010407338865662965,0.4085804527110019,14.786180125409627,0.0,True,24,3783,0.0054071111123091915,0.394395982024848,3821,0.008413263625075214,0.39466108348599843,3794,0.0072702883444202525,0.4367422245651028
feat_time_since_low_20:1:LONG:h24,PERP,feat_time_since_low_20,1,LONG,18022,0.008533554733016797,-0.011627993120792941,0.3834757518588392,19.882567519184825,0.0,True,24,6084,0.00981009308059902,0.40844838921762,6104,0.007109254191290212,0.36041939711664484,5834,0.008692531627087557,0.3815563935550223
feat_donchian_width_20:2:LONG:h24,PERP,feat_donchian_width_20,2,LONG,9321,0.008700729014739367,-0.010806766556924375,0.4070378714730179,15.007826092010067,0.0,True,24,3159,0.007622220363900621,0.4086736308958531,3527,0.011252976052687184,0.4153671675645024,2635,0.006577477980643595,0.3939278937381404
feat_vol_breakout:2:LONG:h24,PERP,feat_vol_breakout,2,LONG,9632,0.010545655229913582,-0.012506793463830244,0.40427740863787376,17.2190969767875,0.0,True,24,2703,0.014204456987081612,0.4513503514613392,3406,0.009574986167828942,0.39489136817381093,3523,0.008676894990298225,0.3772353108146466
feat_hour_utc:1:LONG:h24,PERP,feat_hour_utc,1,LONG,9958,0.006855382976975018,-0.012457509572019843,0.366639887527616,12.498497963671232,0.0,True,24,0,0.0,0.0,9958,0.006855382976975018,0.366639887527616,0,0.0,0.0
feat_vol_regime:2:LONG:h24,PERP,feat_vol_regime,2,LONG,8906,0.008878479385546567,-0.00938200714715156,0.42881203682910396,14.507747284227143,0.0,True,24,3293,0.010057754765263207,0.45642271484968117,2702,0.008536898520950985,0.39341228719467064,2911,0.007861508472022128,0.43043627619374786
feat_vol_contraction:2:LONG:h24,PERP,feat_vol_contraction,2,LONG,8906,0.008878479385546567,-0.00938200714715156,0.42881203682910396,14.507747284227143,0.0,True,24,3293,0.010057754765263207,0.45642271484968117,2702,0.008536898520950985,0.39341228719467064,2911,0.007861508472022128,0.43043627619374786
feat_vwap_lower_dist:1:LONG:h24,PERP,feat_vwap_lower_dist,1,LONG,10174,0.004276898690358342,-0.01188540568265193,0.3408688814625516,8.615784532829476,0.0,True,24,3345,0.0018677417980187496,0.32526158445440956,3462,0.004099251977970123,0.33246678220681686,3367,0.006852973155212502,0.365013365013365
feat_keltner_pos:1:LONG:h24,PERP,feat_keltner_pos,1,LONG,9825,0.004770373322679196,-0.012433562138435234,0.3474809160305343,8.665441630962563,0.0,True,24,3537,0.004031917601317345,0.3500141362736783,3032,0.004005315328322032,0.3245382585751979,3256,0.006284984417687734,0.36609336609336607
feat_trend_strength_20:0:LONG:h24,PERP,feat_trend_strength_20,0,LONG,9978,0.005933003992383258,-0.011293474019850237,0.36590499098015633,11.30167895421773,0.0,True,24,3247,0.00620496788089874,0.37881121034801357,3557,0.004661879071858553,0.3342704526286196,3174,0.00707929403532485,0.38815374921235035
feat_atr_ratio:0:LONG:h24,PERP,feat_atr_ratio,0,LONG,9298,0.00586333875892919,-0.011328440945475391,0.3293181329318133,10.829773189251048,0.0,True,24,2903,0.0019224822925008756,0.28074405787116774,4110,0.007750381411767015,0.34720194647201946,2285,0.00747583811073573,0.3588621444201313
feat_ext_vs_ma_10:0:LONG:h24,PERP,feat_ext_vs_ma_10,0,LONG,10230,0.006478504259242238,-0.010870750333353676,0.40488758553274684,12.490850470805233,0.0,True,24,3240,0.0066766529288025695,0.4095679012345679,3429,0.007434493468335221,0.389617964421114,3561,0.005377664976075904,0.4153327716933446
feat_rsi_14:0:LONG:h24,PERP,feat_rsi_14,0,LONG,11139,0.006780987194910978,-0.01063033535709494,0.4053326151360086,13.892182404959375,0.0,True,24,3645,0.006468693586554114,0.401920438957476,3717,0.007495921325510055,0.38767823513586225,3777,0.006378789693990667,0.4259994704792163
feat_rsi_divergence:0:LONG:h24,PERP,feat_rsi_divergence,0,LONG,9229,0.005714917243405457,-0.01260964129874324,0.38173149853721966,9.99354648961337,0.0,True,24,3231,0.005489456229915571,0.38594862271742497,2897,0.002827311149418469,0.3386261649982741,3101,0.008647474285929197,0.417607223476298
feat_ret_vol:0:LONG:h24,PERP,feat_ret_vol,0,LONG,11794,0.007993015679471806,-0.010864342244203583,0.4194505680854672,16.665841612271013,0.0,True,24,3926,0.006667611064015237,0.41874681609780945,3979,0.009401020412366288,0.4001005277707967,3889,0.007890441158539777,0.43995885831833376
feat_rsi_14:1:LONG:h24,PERP,feat_rsi_14,1,LONG,9947,0.004619888141618497,-0.012704237618614353,0.3463355785664019,8.498611649733077,0.0,True,24,3597,0.002626658927997864,0.34083958854601054,3136,0.00439935186697233,0.32971938775510207,3214,0.007065826921545007,0.3686994399502178
feat_cci_20:1:LONG:h24,PERP,feat_cci_20,1,LONG,9620,0.005743309163173856,-0.012152571570780878,0.35395010395010396,10.285554212753071,0.0,True,24,3347,0.003156233259334046,0.33343292500746935,3316,0.006929692452544103,0.364897466827503,2957,0.007341177293914501,0.36489685492052754
feat_vol_regime:0:LONG:h24,SPOT,feat_vol_regime,0,LONG,9559,0.0034230246214802655,-0.004345206358114905,0.28120096244377024,10.536649981892774,0.0,True,24,2729,0.0035262887007790704,0.2711615976548186,3654,0.0031228547849465986,0.29118773946360155,3176,0.0036796407771123763,0.2783375314861461
feat_vol_contraction:0:LONG:h24,SPOT,feat_vol_contraction,0,LONG,9559,0.0034230246214802655,-0.004345206358114905,0.28120096244377024,10.536649981892774,0.0,True,24,2729,0.0035262887007790704,0.2711615976548186,3654,0.0031228547849465986,0.29118773946360155,3176,0.0036796407771123763,0.2783375314861461
feat_mean_rev_strength:1:LONG:h24,PERP,feat_mean_rev_strength,1,LONG,9675,0.004239629620650224,-0.01226224239450443,0.34377260981912144,7.834568490948633,4.6629367034256575e-15,True,24,3480,0.003288778292369632,0.3399425287356322,3175,0.003945027261285325,0.3300787401574803,3020,0.005645035287338967,0.36258278145695366
feat_atr_norm_ext:1:LONG:h24,PERP,feat_atr_norm_ext,1,LONG,9775,0.004613574228779642,-0.012477708006279465,0.3452685421994885,8.545824997191865,0.0,True,24,3423,0.0031881444182953462,0.33888401986561495,3112,0.00424252991267359,0.3319408740359897,3240,0.006475900201930809,0.3648148148148148
feat_bb_pos_20:1:LONG:h24,PERP,feat_bb_pos_20,1,LONG,9618,0.004902931485316223,-0.01228114432832941,0.3500727802037846,8.855330047123873,0.0,True,24,3571,0.003023360673776451,0.3410809297115654,3070,0.005080414476342095,0.34299674267100977,2977,0.006974505078046859,0.3681558616056433
feat_zscore_20:1:LONG:h24,PERP,feat_zscore_20,1,LONG,9618,0.004902931485316223,-0.01228114432832941,0.3500727802037846,8.855330047123873,0.0,True,24,3571,0.003023360673776451,0.3410809297115654,3070,0.005080414476342095,0.34299674267100977,2977,0.006974505078046859,0.3681558616056433
feat_mean_rev_strength:2:LONG:h24,PERP,feat_mean_rev_strength,2,LONG,10430,0.00740012522206568,-0.010345836956918118,0.4103547459252157,14.50574336706267,0.0,True,24,3374,0.007186424318459093,0.41345583876704206,3536,0.007369876027553903,0.3826357466063348,3520,0.0076353490858617765,0.43522727272727274
feat_range_pos_20:0:LONG:h24,PERP,feat_range_pos_20,0,LONG,10684,0.006720160822826416,-0.010709574449091402,0.4014414077124672,13.504860540724618,0.0,True,24,3551,0.006298557162951633,0.40101379892987893,3725,0.007252573753460623,0.37906040268456376,3408,0.006577518930104271,0.42634976525821594
feat_keltner_pos:0:LONG:h24,PERP,feat_keltner_pos,0,LONG,10573,0.007242855743453702,-0.010167592615115257,0.4121819729499669,14.630291242280633,0.0,True,24,3434,0.006314465840257818,0.40477577169481654,3683,0.007969194012089419,0.3945153407548194,3456,0.007391289506239961,0.4383680555555556
feat_ret_10:0:LONG:h24,PERP,feat_ret_10,0,LONG,10175,0.006688527137575284,-0.011067071255176374,0.40334152334152334,12.751872925065726,0.0,True,24,3397,0.005066119458282965,0.38975566676479245,3320,0.006883897046312566,0.375,3458,0.00809474194079918,0.4438982070561018
feat_rsi_7:0:LONG:h24,PERP,feat_rsi_7,0,LONG,10721,0.006049401301410054,-0.01090955464404389,0.39455274694524767,12.138136765167204,0.0,True,24,3459,0.006347249639913027,0.39577912691529343,3580,0.006939802676775072,0.3843575418994413,3682,0.004903856943265418,0.4033134166214014
feat_vwap_lower_dist:0:LONG:h24,PERP,feat_vwap_lower_dist,0,LONG,9813,0.008098442557636016,-0.010415900898845672,0.4198512177723428,14.46037625921874,0.0,True,24,3183,0.008870269928865361,0.4319824065347157,3445,0.007864928054198536,0.38171262699564584,3185,0.007579676762257404,0.4489795918367347
feat_ext_vs_ma_20:0:LONG:h24,PERP,feat_ext_vs_ma_20,0,LONG,10079,0.008077030382404244,-0.009919506300707735,0.42206568111915865,15.091095650512166,0.0,True,24,3297,0.008496691254558935,0.43069457082195933,3415,0.007691385015380418,0.3847730600292826,3367,0.008057237401380292,0.4514404514404514
feat_atr_norm_ext:0:LONG:h24,PERP,feat_atr_norm_ext,0,LONG,10387,0.007498355024116936,-0.010204194429938836,0.41157215750457304,14.522579904825555,0.0,True,24,3408,0.007467080946787676,0.414612676056338,3576,0.00744326701496638,0.3831096196868009,3403,0.007587563597805008,0.43843667352336174
feat_bb_squeeze_20:0:LONG:h24,PERP,feat_bb_squeeze_20,0,LONG,10104,0.0069230030652403,-0.012038548098133569,0.36381631037212986,12.82295058426901,0.0,True,24,2971,0.007030745400984923,0.3544261191518007,3530,0.006465462113152656,0.3529745042492918,3603,0.007282430509417962,0.38218151540383016
feat_bb_pos_20:0:LONG:h24,PERP,feat_bb_pos_20,0,LONG,10371,0.007385671061619213,-0.010261319859915286,0.4103750843698775,14.581499233167877,0.0,True,24,3262,0.00750181805939773,0.4172286940527284,3573,0.007496742943973808,0.3809123985446404,3536,0.007166290025870775,0.4338235294117647
feat_zscore_20:0:LONG:h24,PERP,feat_zscore_20,0,LONG,10371,0.007385671061619213,-0.010261319859915286,0.4103750843698775,14.581499233167877,0.0,True,24,3262,0.00750181805939773,0.4172286940527284,3573,0.007496742943973808,0.3809123985446404,3536,0.007166290025870775,0.4338235294117647
feat_stoch_d_14:0:LONG:h24,PERP,feat_stoch_d_14,0,LONG,10571,0.006726053616271007,-0.01070817641273644,0.39863778261280863,13.183114240172452,0.0,True,24,3588,0.006494209180066848,0.4060758082497213,3649,0.006621784625317301,0.3661277062208824,3334,0.0070896815062202,0.4262147570485903
feat_vol_trend:0:LONG:h24,PERP,feat_vol_trend,0,LONG,11590,0.006760774089637135,-0.011820317870179852,0.40327868852459015,14.064496577958995,0.0,True,24,3901,0.005885446613744662,0.4022045629325814,3857,0.006394348470096976,0.36764324604614984,3832,0.008020679125655647,0.44024008350730687
feat_cci_20:0:LONG:h24,PERP,feat_cci_20,0,LONG,9956,0.005890250149020445,-0.011062574443658022,0.39031739654479713,11.47858824734481,0.0,True,24,3297,0.007455435634002265,0.40764331210191085,3309,0.00518590520002112,0.3520701118162587,3350,0.005045551907902146,0.411044776119403
feat_time_since_low_20:0:LONG:h24,PERP,feat_time_since_low_20,0,LONG,11221,0.006751309742730513,-0.010793118982422124,0.4001425897870065,14.171241177368236,0.0,True,24,3493,0.004906321543837948,0.38705983395362153,3671,0.007572354823622863,0.38627077090710976,4057,0.007596882157513829,0.4239585900912004
feat_vwap_dist:0:LONG:h24,PERP,feat_vwap_dist,0,LONG,10115,0.007985225038807732,-0.010099774773909147,0.41779535343549185,14.837275605547491,0.0,True,24,3415,0.008078919548690092,0.420497803806735,3410,0.00810063693809463,0.38563049853372433,3290,0.007768349255276854,0.44832826747720367
feat_stoch_k_14:0:LONG:h24,PERP,feat_stoch_k_14,0,LONG,10672,0.006748890430007271,-0.010580440153393766,0.3990817091454273,13.179223204804506,0.0,True,24,3660,0.006308570267854188,0.39617486338797814,3628,0.00683655397149704,0.3743109151047409,3384,0.007131138794355789,0.4287825059101655
feat_vwap_upper_dist:0:LONG:h24,PERP,feat_vwap_upper_dist,0,LONG,10213,0.007330018807688728,-0.010064623420926334,0.4092822872809165,14.144719403855625,0.0,True,24,3536,0.006938207202514134,0.41091628959276016,3333,0.007939031942433004,0.3783378337833783,3344,0.007137316970904846,0.4383971291866029
feat_rsi_divergence:1:LONG:h24,PERP,feat_rsi_divergence,1,LONG,10139,0.007882042397465823,-0.011196179968011826,0.3734096064700661,14.371984445805694,0.0,True,24,3204,0.008357799512696967,0.3723470661672909,3511,0.008716372697242252,0.3708345200797494,3424,0.006581324091474109,0.37704439252336447
feat_ext_strength:0:LONG:h24,PERP,feat_ext_strength,0,LONG,11085,0.006499179744130923,-0.01159666675367393,0.3993685160126297,12.934997573936624,0.0,True,24,3715,0.0060382798195063375,0.3978465679676985,3657,0.0068199841871519375,0.37380366420563305,3713,0.006644361907301534,0.4260705628871532
feat_donchian_break:0:LONG:h24,PERP,feat_donchian_break,0,LONG,10404,0.0062446506143523425,-0.010718793332676871,0.3948481353325644,12.256634356169625,0.0,True,24,3620,0.005803410148260072,0.39226519337016574,3713,0.006886521696108608,0.3735523835173714,3071,0.005988715466417795,0.42364050797785735
feat_ret_sign_streak:2:LONG:h24,PERP,feat_ret_sign_streak,2,LONG,7031,0.008151965545237262,-0.011849098309550908,0.3824491537476888,12.243320634027153,0.0,True,24,2351,0.010640052390364535,0.4227988090174394,2367,0.006285988374042087,0.336290663286861,2313,0.00753254305986103,0.38867271941201903
feat_close_pos_ma:2:LONG:h24,PERP,feat_close_pos_ma,2,LONG,8870,0.009734975625049906,-0.010887109597306658,0.4059751972942503,16.440304790074514,0.0,True,24,2393,0.012020763115874496,0.4617634768073548,3173,0.007827476270437601,0.3810274188465175,3304,0.009911309156115763,0.3895278450363196
feat_vol_sma_ratio:2:LONG:h24,PERP,feat_vol_sma_ratio,2,LONG,9766,0.007507220257496447,-0.012685523375967574,0.37773909481875895,13.379110173236155,0.0,True,24,2090,0.010071455757366798,0.40047846889952154,4330,0.006991637073775299,0.37551963048498843,3346,0.006572738186600912,0.36640765092647937
feat_rsi_21:1:LONG:h24,PERP,feat_rsi_21,1,LONG,10050,0.004049733422683457,-0.012667388067170549,0.33741293532338307,7.470665744278498,7.993605777301127e-14,True,24,3555,0.0037049455639957597,0.3459915611814346,3180,0.0027057056106648118,0.3078616352201258,3315,0.005708776946018008,0.3565610859728507
feat_adx_14:1:LONG:h24,PERP,feat_adx_14,1,LONG,9369,0.009070714952304871,-0.010685667385798727,0.3967339097022094,15.620302740736497,0.0,True,24,3003,0.01129149836658759,0.4442224442224442,3155,0.009476974071965558,0.3692551505546751,3211,0.006594614013151809,0.37932108377452506
feat_ret_10:1:LONG:h24,PERP,feat_ret_10,1,LONG,10261,0.004738518748237426,-0.011633858008158552,0.34314394308546925,9.391470529939125,0.0,True,24,3695,0.003611660869573636,0.33667117726657647,3481,0.0043701733662360655,0.33381212295317436,3085,0.0065038186303798705,0.36142625607779577
feat_ext_vs_ma_20:1:LONG:h24,PERP,feat_ext_vs_ma_20,1,LONG,10168,0.003618021574452415,-0.011930110614999146,0.3280881195908733,7.277733712229637,3.3950620093037287e-13,True,24,3520,0.001449279336064091,0.3144886363636364,3378,0.0037216959229455417,0.32297217288336294,3270,0.0058454713389530615,0.3480122324159021
feat_williams_r_14:2:LONG:h24,PERP,feat_williams_r_14,2,LONG,10694,0.006758251541048839,-0.01057300884908535,0.39910230035533945,13.211681074430826,0.0,True,24,3673,0.006278751044790832,0.39586169343860605,3631,0.006806797553884328,0.37400165243734507,3390,0.007225783915724355,0.4294985250737463
feat_ext_vs_ma_10:1:LONG:h24,PERP,feat_ext_vs_ma_10,1,LONG,10173,0.006023774385467161,-0.011410051096900515,0.3601690750024575,11.523967237748979,0.0,True,24,3685,0.003103774584588545,0.34274084124830395,3362,0.005797416042400037,0.3468173706127305,3126,0.009709384115354996,0.3950735764555342
feat_vol_breakout_strength:2:LONG:h24,PERP,feat_vol_breakout_strength,2,LONG,10085,0.0073859092348842895,-0.013226543495169727,0.3819533961328706,12.82850645564361,0.0,True,24,2513,0.009155037118027913,0.40151213688818144,4110,0.006848321433829258,0.375669099756691,3462,0.006739943750192281,0.3752166377816291
feat_price_accel:2:LONG:h24,PERP,feat_price_accel,2,LONG,9841,0.007245935906130854,-0.012697369518250384,0.3811604511736612,12.727639070388456,0.0,True,24,3056,0.007090403888814551,0.3900523560209424,3412,0.00782479871049465,0.37250879249706914,3373,0.006801294920785271,0.38185591461606877
feat_adx_14:0:LONG:h24,PERP,feat_adx_14,0,LONG,9825,0.002799273852020222,-0.012982905390880687,0.3336386768447837,5.595621965094237,2.1983224129940027e-08,True,24,3142,0.004011228441525579,0.3526416295353278,3267,-0.0006537158288479632,0.28068564432200793,3416,0.004986907331871079,0.3668032786885246
feat_trend_neutral:1:LONG:h24,PERP,feat_trend_neutral,1,LONG,1986,0.006034881784814371,-0.007771662383875241,0.3821752265861027,8.630358952953646,0.0,True,24,618,0.0062445562599314506,0.40938511326860844,729,0.0059109332930814525,0.37585733882030176,639,0.005973504045926956,0.36306729264475746
feat_time_since_high_20:1:LONG:h24,PERP,feat_time_since_high_20,1,LONG,14332,0.0063648822743802526,-0.012086390399840902,0.36987161596427576,13.709259439790143,0.0,True,24,5061,0.005507161402933889,0.37265362576565897,4644,0.0054803938992119584,0.33118001722652884,4627,0.008190793090172689,0.4056624162524314
feat_vol_trend:1:LONG:h24,PERP,feat_vol_trend,1,LONG,8227,0.00400167151600215,-0.011405331219931154,0.31943600340342776,7.134521555824154,9.71223101942087e-13,True,24,2595,0.0028540223524290225,0.30597302504816953,2902,0.0037079907233531417,0.31013094417643006,2730,0.005404752556199839,0.34212454212454213
feat_ext_strength:1:LONG:h24,PERP,feat_ext_strength,1,LONG,9362,0.003893531748464584,-0.011668326365357598,0.33774834437086093,7.49715319033791,6.52811138479592e-14,True,24,3148,0.002351934916095829,0.3303684879288437,3186,0.00335188019503535,0.31607030759573135,3028,0.006066136992032081,0.3682298546895641
feat_ret_1:2:LONG:h24,PERP,feat_ret_1,2,LONG,9660,0.007680944123153666,-0.012896793341024565,0.3807453416149068,13.152141707497353,0.0,True,24,3120,0.008078282009591412,0.39647435897435895,3297,0.007201980599411169,0.3551713679102214,3243,0.007785615270885163,0.3916127042861548
feat_vol_roc_20:0:LONG:h24,PERP,feat_vol_roc_20,0,LONG,9945,0.007855784521264167,-0.010715398886827404,0.3892408245349422,14.705833276905715,0.0,True,24,3299,0.005654848448612516,0.3767808426795999,3733,0.008699367864165664,0.38253415483525316,2913,0.009267316098547555,0.411946446961895
feat_squeeze:0:LONG:h24,PERP,feat_squeeze,0,LONG,9582,0.004042641039807982,-0.011885662700905719,0.315278647463995,8.323254091309893,0.0,True,24,2859,0.0008313582078012649,0.26372857642532355,3911,0.00444565006212806,0.32651495781130147,2812,0.00674708248021103,0.35206258890469416
feat_atr_percent:0:LONG:h24,PERP,feat_atr_percent,0,LONG,11392,0.002219470465962237,-0.011734373478881129,0.3123244382022472,5.548419523456934,2.882635152801072e-08,True,24,3591,0.0010186921064996178,0.30687830687830686,4567,0.0015923334084384383,0.3069848916137508,3234,0.004438434606513088,0.3259121830550402
feat_kc_width:0:LONG:h24,PERP,feat_kc_width,0,LONG,11500,0.00225000212947243,-0.011753652036934499,0.3134782608695652,5.637077427362934,1.7296035936809062e-08,True,24,3620,0.0007447109669509576,0.305524861878453,4614,0.0018082831376612556,0.31014304291287387,3266,0.004542483892039634,0.32700551132884265
feat_ret_3:1:LONG:h24,PERP,feat_ret_3,1,LONG,10231,0.007474310054394219,-0.010783376161296708,0.380705698367706,14.054334974603039,0.0,True,24,3647,0.006962589259290795,0.3805867836578009,3191,0.004884627851058452,0.345346286430586,3393,0.010459845465707692,0.41408782788093135
feat_gap:2:LONG:h24,PERP,feat_gap,2,LONG,9875,0.007433566719912143,-0.011996714870851823,0.38126582278481014,13.871785621552748,0.0,True,24,3033,0.007776425112090097,0.3897131552917903,3398,0.007998355001624189,0.37139493819894054,3444,0.006574379703439069,0.38356562137049943
feat_overnight_ret:2:LONG:h24,PERP,feat_overnight_ret,2,LONG,9906,0.007440882607184396,-0.011993902818601984,0.3869372097718554,13.726574129624407,0.0,True,24,3076,0.007640779571902985,0.3953185955786736,3317,0.00808020656715076,0.37714802532408803,3513,0.00666219754066495,0.3888414460575007
feat_ret_5:1:LONG:h24,PERP,feat_ret_5,1,LONG,10327,0.006606415767386602,-0.011132977217145025,0.36719279558439044,12.698702355759476,0.0,True,24,3766,0.005160856393899094,0.36006372809346787,3430,0.005946233276101926,0.3510204081632653,3131,0.00906837761525003,0.39348450974129673
feat_price_roc_5:1:LONG:h24,PERP,feat_price_roc_5,1,LONG,10327,0.006606415767386602,-0.011132977217145025,0.36719279558439044,12.698702355759476,0.0,True,24,3766,0.005160856393899094,0.36006372809346787,3430,0.005946233276101926,0.3510204081632653,3131,0.00906837761525003,0.39348450974129673
feat_trend_slope_20:1:LONG:h24,PERP,feat_trend_slope_20,1,LONG,10288,0.003988505220915483,-0.011627993120792941,0.3353421461897356,8.029431311328006,8.881784197001252e-16,True,24,3340,0.003555767640463334,0.33592814371257484,3609,0.00356232214582233,0.3175394846217789,3339,0.004882017720682288,0.35399820305480684
feat_ret_vol:1:LONG:h24,PERP,feat_ret_vol,1,LONG,8004,0.002284685818426615,-0.01197956297786973,0.30247376311844076,4.086544218691158,4.37846067979919e-05,True,24,2569,0.0020372777151471924,0.30167380303620084,2597,0.0007181416491346108,0.27531767423950715,2838,0.003942158202139149,0.32804792107117686
feat_trend_neutral:2:LONG:h24,PERP,feat_trend_neutral,2,LONG,9404,0.004562843556670812,-0.011040788572941489,0.33772862611654614,9.642900042003937,0.0,True,24,2971,0.002869157312586956,0.32648939750925615,3442,0.004452551591129995,0.32277745496804183,2991,0.00637212699918657,0.36609829488465395
feat_realized_vol_20:0:LONG:h24,PERP,feat_realized_vol_20,0,LONG,11784,0.004527960463060125,-0.011479541621731553,0.335030549898167,10.756588508227177,0.0,True,24,3463,0.0019704398634810476,0.3029165463470979,4233,0.004179909220974518,0.3387668320340184,4088,0.0070548672008513965,0.35836594911937375
feat_bb_width_20:0:LONG:h24,PERP,feat_bb_width_20,0,LONG,11182,0.00395318494798124,-0.012120077890278712,0.3231979967805402,8.748164231761681,0.0,True,24,3274,0.002129148605672337,0.29413561392791693,4207,0.003454224094406495,0.3237461373900642,3701,0.006133953198645463,0.3482842475006755
feat_ret_20:1:LONG:h24,PERP,feat_ret_20,1,LONG,10057,0.003056716745219477,-0.012062658684227085,0.32196480063637267,6.123536649142234,9.152079094576493e-10,True,24,3287,0.003111138624796883,0.32887131122604196,3260,0.00104539345631358,0.2861963190184049,3510,0.0048738190824452006,0.3487179487179487
feat_vol_of_vol:0:LONG:h24,PERP,feat_vol_of_vol,0,LONG,10361,0.005736123315143038,-0.01282854238692074,0.3516069877424959,11.461992132836881,0.0,True,24,3062,0.00629235811979945,0.35924232527759636,3985,0.005755790855315032,0.3558343789209536,3314,0.005198535469807092,0.33946891973445986
feat_session_mom:1:LONG:h24,PERP,feat_session_mom,1,LONG,7191,0.007861151702602199,-0.01139475119421053,0.37254901960784315,12.350539535449764,0.0,True,24,2237,0.008399154447338467,0.3831023692445239,2468,0.007171866083625615,0.3553484602917342,2486,0.008061330611556013,0.3801287208366854
feat_hl_range:2:LONG:h24,PERP,feat_hl_range,2,LONG,8900,0.008973463371541205,-0.014048937814247086,0.40685393258426966,13.542850696420908,0.0,True,24,2392,0.012562804523944765,0.4439799331103679,3506,0.008329249205070142,0.3907586993725043,3002,0.006865838731667198,0.3960692871419054
feat_gap_fill_ratio:0:LONG:h24,PERP,feat_gap_fill_ratio,0,LONG,10938,0.007704971935248337,-0.012820767366505375,0.3833424757725361,14.296460656422664,0.0,True,24,3626,0.007957088793057721,0.39051296194153334,3648,0.007251823380219292,0.3744517543859649,3664,0.007906639566888383,0.38509825327510916
feat_intraday_mom:1:LONG:h24,PERP,feat_intraday_mom,1,LONG,10125,0.007567097854393495,-0.011936888861815558,0.3858765432098765,14.0027756007744,0.0,True,24,3325,0.008463022024843607,0.40541353383458645,3360,0.006660982538371734,0.3586309523809524,3440,0.0075861675041279395,0.3936046511627907
feat_gap_fill_ratio:1:LONG:h24,PERP,feat_gap_fill_ratio,1,LONG,13658,0.008144441221976167,-0.011876020656471593,0.3874652218480012,16.922472316527184,0.0,True,24,4483,0.008152263164758162,0.39415569930849875,4572,0.007697518960659859,0.3678915135608049,4603,0.008580735553769885,0.4003910493156637
feat_price_accel:1:LONG:h24,PERP,feat_price_accel,1,LONG,10409,0.006417352001097046,-0.010928812056737673,0.37313863003170333,12.717221271256962,0.0,True,24,3649,0.006113074302741175,0.3748972321183886,3290,0.005729110650217416,0.3516717325227964,3470,0.007389865939337549,0.39164265129682996
feat_intraday_mom:2:LONG:h24,PERP,feat_intraday_mom,2,LONG,9685,0.0070363859756699095,-0.012193878441331818,0.37439339184305626,12.406334620907646,0.0,True,24,3235,0.006916271694196682,0.38454404945904175,3232,0.006575915476584832,0.35179455445544555,3218,0.0076196085840008155,0.38688626476072097
feat_range_expansion:2:LONG:h24,PERP,feat_range_expansion,2,LONG,9800,0.005690074439378372,-0.013213220983046097,0.35887755102040814,10.46984482379901,0.0,True,24,2504,0.008078993440723268,0.3769968051118211,4444,0.0045854001548395855,0.3526102610261026,2852,0.005313959201342869,0.35273492286115005
feat_buy_vol_ratio:2:LONG:h24,PERP,feat_buy_vol_ratio,2,LONG,9716,0.007295995868065384,-0.012137654567635391,0.3787566899958831,12.900398967090243,0.0,True,24,3173,0.006973070397204997,0.3945792625275764,3378,0.007057175025469011,0.3576080521018354,3165,0.00787463072598973,0.3854660347551343
feat_close_position:2:LONG:h24,PERP,feat_close_position,2,LONG,9716,0.007295995868065384,-0.012137654567635391,0.3787566899958831,12.900398967090243,0.0,True,24,3173,0.006973070397204997,0.3945792625275764,3378,0.007057175025469011,0.3576080521018354,3165,0.00787463072598973,0.3854660347551343
feat_vol_roc_20:2:LONG:h24,PERP,feat_vol_roc_20,2,LONG,9655,0.0077553507545135986,-0.011734623253655463,0.3951320559295702,13.806888240719449,0.0,True,24,3032,0.01061421228353865,0.42974934036939316,2960,0.006167540923877023,0.375,3663,0.006672044432559,0.38274638274638273
feat_session_mom:2:LONG:h24,PERP,feat_session_mom,2,LONG,11215,0.007076913863688091,-0.01222299332828943,0.38323673651359785,13.489669288155612,0.0,True,24,3821,0.007406417477227953,0.39911018058099973,3686,0.0065238926512310585,0.35431361909929465,3708,0.007287108815624661,0.39563106796116504
feat_buy_vol_ratio:1:LONG:h24,PERP,feat_buy_vol_ratio,1,LONG,10074,0.0070024634104626695,-0.012249928798538305,0.3798888227119317,13.004024932356048,0.0,True,24,3171,0.00787116459744336,0.3935666982024598,3363,0.00513929162108006,0.34998513232233125,3540,0.007994326479326498,0.396045197740113
feat_close_position:1:LONG:h24,PERP,feat_close_position,1,LONG,10074,0.0070024634104626695,-0.012249928798538305,0.3798888227119317,13.004024932356048,0.0,True,24,3171,0.00787116459744336,0.3935666982024598,3363,0.00513929162108006,0.34998513232233125,3540,0.007994326479326498,0.396045197740113
feat_ext_vs_ma_50:1:LONG:h24,PERP,feat_ext_vs_ma_50,1,LONG,9912,0.004079461958708134,-0.012785141390121251,0.31577885391444716,7.579866754604465,3.4638958368304884e-14,True,24,3333,0.00551599117819913,0.32733273327332735,3198,0.0020878627818818325,0.2886178861788618,3381,0.004547129003643664,0.3300798580301686
feat_vol_sma_ratio:1:LONG:h24,PERP,feat_vol_sma_ratio,1,LONG,9753,0.007489988916209226,-0.01181345890598485,0.37814005946888135,13.316590836979499,0.0,True,24,3082,0.0070711642011058624,0.38092147955872807,3170,0.008310961854909392,0.3665615141955836,3501,0.007115334119370903,0.3861753784632962
feat_buy_vol_ratio:0:LONG:h24,PERP,feat_buy_vol_ratio,0,LONG,10385,0.007250274861725078,-0.011173544407551968,0.3921039961482908,13.576160135678702,0.0,True,24,3608,0.006830745020078209,0.3874722838137472,3217,0.008437466188060516,0.393534348772148,3560,0.006602653842579233,0.3955056179775281
feat_close_position:0:LONG:h24,PERP,feat_close_position,0,LONG,10385,0.007250274861725078,-0.011173544407551968,0.3921039961482908,13.576160135678702,0.0,True,24,3608,0.006830745020078209,0.3874722838137472,3217,0.008437466188060516,0.393534348772148,3560,0.006602653842579233,0.3955056179775281
feat_vol_roc_20:1:LONG:h24,PERP,feat_vol_roc_20,1,LONG,9775,0.007744594543034388,-0.011602622002426117,0.3840409207161125,13.621057059416792,0.0,True,24,3303,0.007690340102307396,0.3941871026339691,3099,0.0067752246628651315,0.3543078412391094,3373,0.008688347782395724,0.4014230655203083
feat_range_expansion:1:LONG:h24,PERP,feat_range_expansion,1,LONG,9892,0.00724666539760395,-0.011818580949502423,0.3765669227658714,13.091769229881224,0.0,True,24,3339,0.005231325131130609,0.36537885594489367,3239,0.008901000531734683,0.3775856745909231,3314,0.007660313451407525,0.3868436934218467
feat_macd_12_26:1:LONG:h24,PERP,feat_macd_12_26,1,LONG,8774,0.0037896660709235285,-0.012254205413290566,0.31889674036927285,6.772789668057681,1.2632117574185031e-11,True,24,2809,0.005039804464465316,0.33855464578141686,3045,0.001169150886963594,0.2798029556650246,2920,0.005319744833834184,0.3407534246575342
feat_close_pos_ma:1:LONG:h24,PERP,feat_close_pos_ma,1,LONG,10357,0.006224695604001176,-0.01230573756729839,0.3840880563869846,11.939556460767644,0.0,True,24,3456,0.006557960971772582,0.3897569444444444,3336,0.005830895886786558,0.36630695443645084,3565,0.006270123583134415,0.3952314165497896
feat_gap:1:LONG:h24,PERP,feat_gap,1,LONG,8522,0.009210437856220872,-0.013311490740062246,0.39310021121802396,13.733890595389315,0.0,True,24,2897,0.009533621898879177,0.40421125302036587,2755,0.007724422707644739,0.3586206896551724,2870,0.010310684393763082,0.41498257839721253
feat_asia_range:2:LONG:h24,PERP,feat_asia_range,2,LONG,9947,0.00721551768504464,-0.010955452865064795,0.39177641499949734,12.929995811070944,0.0,True,24,9947,0.00721551768504464,0.39177641499949734,0,0.0,0.0,0,0.0,0.0
feat_ret_sign_streak:1:LONG:h24,PERP,feat_ret_sign_streak,1,LONG,7899,0.007568760591672428,-0.011363302129968767,0.38726421065957717,12.334890143461473,0.0,True,24,2566,0.006314500919550335,0.38659392049883085,2623,0.0074394339724970894,0.37056805184902786,2710,0.008881548060588369,0.4040590405904059
feat_ema_cross_10_20:1:LONG:h24,PERP,feat_ema_cross_10_20,1,LONG,9650,0.0020291454315043036,-0.012604019232274359,0.31088082901554404,3.885141583201677,0.00010227026999753974,True,24,3219,0.003686754613417254,0.3311587449518484,3203,-0.00044366151112801316,0.27286918513893227,3228,0.0028298135481937465,0.32837670384138784
feat_vol_breakout_strength:1:LONG:h24,PERP,feat_vol_breakout_strength,1,LONG,10419,0.006772117427043553,-0.011792480674631225,0.38305019675592666,12.848895575590044,0.0,True,24,3504,0.005474810567113407,0.3801369863013699,3275,0.008216063073945398,0.37587786259541983,3640,0.006721799087370937,0.3923076923076923
feat_hl_range:1:LONG:h24,PERP,feat_hl_range,1,LONG,10771,0.007660794798687387,-0.012433562138435234,0.38677931482684985,14.703197958644237,0.0,True,24,3599,0.008044089266674421,0.39788830230619615,3461,0.0070385127048150625,0.3649234325339497,3711,0.007869429004186383,0.3963891134465104
feat_intraday_mom:0:LONG:h24,PERP,feat_intraday_mom,0,LONG,10365,0.006942648600100524,-0.011273992335139423,0.39035214664737095,13.079627082740059,0.0,True,24,3392,0.0062549104298158225,0.38502358490566035,3366,0.007317778828124193,0.3888888888888889,3607,0.0072393271490547905,0.3967285833102301
feat_ext_vs_ma_50:1:SHORT:h24,SPOT,feat_ext_vs_ma_50,1,SHORT,10002,-9.695927950611845e-05,-0.00421688527618691,0.3119376124775045,-0.37871413735383697,0.7049001539444639,False,24,3490,0.0007057031584104148,0.31146131805157595,3104,-0.00044310226455604137,0.3012242268041237,3408,-0.0006036682239702446,0.3221830985915493
feat_ret_1:1:LONG:h24,PERP,feat_ret_1,1,LONG,10188,0.006358339972283476,-0.011165039090149584,0.37220259128386335,12.53677155620635,0.0,True,24,3574,0.0063955241674374785,0.3864017907106883,3213,0.005094328589206488,0.34298163709928414,3401,0.007513403853596606,0.38488679800058806
feat_vol_of_vol:0:SHORT:h24,SPOT,feat_vol_of_vol,0,SHORT,10225,-0.000287165546018334,-0.004772547907048719,0.29535452322738387,-1.2363019658782683,0.2163463406568369,False,24,3454,0.00010923819916950302,0.3066010422698321,3645,-0.0010418618725901824,0.26666666666666666,3126,0.00015483367806215078,0.3163787587971849
feat_vol_breakout:1:LONG:h24,PERP,feat_vol_breakout,1,LONG,9470,0.004300707446349189,-0.011546674131639408,0.3416050686378036,8.27521744891997,0.0,True,24,3835,0.002825957591840421,0.3405475880052151,2697,0.0033777033064508006,0.3147942157953281,2938,0.007073004198339348,0.36759700476514634
feat_rsi_divergence:0:SHORT:h24,SPOT,feat_rsi_divergence,0,SHORT,9349,-0.00047716426125889486,-0.005157716987504229,0.28527115199486575,-2.252668584047808,0.024280053201742646,False,24,2864,-0.001605740787862977,0.27339385474860334,3244,0.0004420615157352319,0.2777435265104809,3241,-0.0003999428013313581,0.3033014501697007
feat_overnight_ret:1:LONG:h24,PERP,feat_overnight_ret,1,LONG,8767,0.007839746286738104,-0.013868031621076388,0.37093646629405724,12.270281619827923,0.0,True,24,2963,0.007880583612948754,0.3773202834964563,2901,0.006984038595467197,0.34574284729403654,2903,0.008653183081369432,0.38959696865311744
feat_gap:0:SHORT:h24,SPOT,feat_gap,0,SHORT,17840,-0.000535315011605345,-0.004923294706477515,0.2609304932735426,-3.8402251473355866,0.00012292152499115971,False,24,5936,-0.0004132648942933685,0.26465633423180596,5763,-0.0007847240796065132,0.24449071664063857,6141,-0.0004192337605832248,0.2727568799869728
feat_range_expansion:0:SHORT:h24,SPOT,feat_range_expansion,0,SHORT,17791,-0.0005430772002234709,-0.004738055382849508,0.25445449946602217,-3.9528626430265694,7.722176943292247e-05,False,24,6519,-0.0010593581973609187,0.2500383494400982,4749,0.00044570059131912907,0.24847336281322382,6523,-0.0007469818317882094,0.2632224436608922
feat_time_since_low_20:2:SHORT:h24,PERP,feat_time_since_low_20,2,SHORT,172,0.0026702462009997817,-0.017006252689697618,0.38953488372093026,1.0434623975902941,0.29673418743040125,False,24,58,0.006311381726251335,0.39655172413793105,55,-0.007363584467764117,0.2909090909090909,59,0.008444395799600192,0.4745762711864407
feat_macd_12_26:1:SHORT:h24,SPOT,feat_macd_12_26,1,SHORT,8851,-0.0007174454386774608,-0.004310398282852441,0.2946559710767145,-2.6749885347829956,0.007473180585635175,False,24,3000,-0.0003728944443504793,0.28833333333333333,2952,-0.00040577751106233813,0.29437669376693765,2899,-0.0013913663442658665,0.3014832700931356
feat_range_pos_50:2:SHORT:h24,SPOT,feat_range_pos_50,2,SHORT,8266,-0.0007195817727785079,-0.006052675012126099,0.3230099201548512,-2.7826967882277955,0.00539091613784759,False,24,2695,-0.0009815326416703356,0.3146567717996289,2669,-0.00269050935824594,0.26489321843387037,2902,0.001336366992650869,0.38421778084079944
feat_atr_ratio:1:SHORT:h24,SPOT,feat_atr_ratio,1,SHORT,9301,-0.0008598200846693354,-0.005645091319805424,0.268573271691216,-4.399179794523928,1.086607763367553e-05,False,24,3077,-0.0015669286302869556,0.25706857328566785,2996,0.0008075633412599324,0.29272363150867825,3228,-0.001733335496447114,0.25712515489467164
feat_squeeze:1:SHORT:h24,SPOT,feat_squeeze,1,SHORT,11058,-0.0008737093037779852,-0.005094171702156458,0.266503888587448,-4.986768667992622,6.139750619027495e-07,False,24,3520,-0.0015862258570715302,0.24176136363636364,3600,-0.000978783792086351,0.25416666666666665,3938,-0.0001407670931372046,0.2998984255967496
feat_kc_width:1:SHORT:h24,SPOT,feat_kc_width,1,SHORT,10351,-0.0010081647659614054,-0.005301137058319996,0.2642256786783886,-5.535683311235972,3.1001729405844e-08,False,24,3292,-0.0009884511115953519,0.267314702308627,3340,-0.001471679229312502,0.25,3719,-0.0006093368666821323,0.2742672761495026
feat_atr_percent:1:SHORT:h24,SPOT,feat_atr_percent,1,SHORT,10392,-0.0010818268894326978,-0.005372961558014945,0.26212471131639725,-5.950549618613412,2.6724353840990034e-09,False,24,3278,-0.0010731572650825153,0.26601586333129956,3394,-0.0015570319628036454,0.24896876841484974,3720,-0.0006559056554539078,0.2706989247311828
feat_vol_sma_ratio:0:SHORT:h24,SPOT,feat_vol_sma_ratio,0,SHORT,15866,-0.0010938201976607828,-0.004515626403809377,0.2599268876843565,-6.271471474539677,3.5765168604484643e-10,False,24,6209,-0.0012785611608969367,0.2605894669028829,4077,-0.000991466714564721,0.2536178562668629,5580,-0.0009630385686015286,0.2637992831541219
feat_donchian_break:1:SHORT:h24,SPOT,feat_donchian_break,1,SHORT,8400,-0.001109638165983505,-0.006198080995615331,0.26761904761904765,-5.100130146325709,3.394200129847036e-07,False,24,2587,-0.0004543255075528048,0.28333977580208736,2521,-0.0012105809192978101,0.25545418484728283,3292,-0.0015473104522091604,0.26458080194410694
feat_vol_trend:2:SHORT:h24,SPOT,feat_vol_trend,2,SHORT,10165,-0.0011181415600247933,-0.006507523348322336,0.2865715691096901,-4.824349573541761,1.4046087848385014e-06,False,24,3566,-0.0010177739850658783,0.2750981491867639,3037,-0.0036172019169071565,0.2156733618702667,3562,0.000912104237714748,0.35850645704660306
feat_range_pos_20:1:SHORT:h24,SPOT,feat_range_pos_20,1,SHORT,9049,-0.0011579725065258332,-0.005823535988193917,0.26345452536191843,-5.4973397578366665,3.855633989857665e-08,False,24,3132,-0.00037862724890423563,0.2793742017879949,2758,-0.0012505942180656051,0.2534445250181291,3159,-0.0018497922806455405,0.2564102564102564
feat_donchian_width_20:2:SHORT:h24,SPOT,feat_donchian_width_20,2,SHORT,9455,-0.0011714890029953706,-0.005255471210530589,0.2546800634584876,-6.229039242285431,4.693041510961393e-10,False,24,3806,-0.001529011057204319,0.24461376773515503,3438,-0.0029080211818092966,0.20826061663758,2211,0.0021441720413653423,0.3441881501582994
feat_keltner_pos:2:SHORT:h24,SPOT,feat_keltner_pos,2,SHORT,8609,-0.0012042660729227387,-0.006217090718566702,0.27610640027877803,-5.711664542576247,1.1187645476695707e-08,False,24,2658,-0.001421823320665604,0.2584650112866817,3028,-0.0035193433610892885,0.21763540290620872,2923,0.001391806863467562,0.35271980841601097
feat_trend_strength_20:2:SHORT:h24,SPOT,feat_trend_strength_20,2,SHORT,9983,-0.0012082220030898664,-0.005857232170767726,0.27176199539216667,-6.158605780018145,7.338816221391653e-10,False,24,3088,-0.0010916975634464718,0.26878238341968913,2960,-0.0030364264081811864,0.21993243243243243,3935,7.555374518243372e-05,0.3130876747141042
feat_atr_ratio:2:SHORT:h24,SPOT,feat_atr_ratio,2,SHORT,9528,-0.0012592554549951355,-0.006577467827192112,0.2926112510495382,-5.8532399798567685,4.820877030908832e-09,False,24,2678,-0.0013750707315283038,0.2826736370425691,2341,-0.0025438514011848277,0.26527125160187953,4509,-0.0005235285930333044,0.31270791749833665
feat_ext_strength:2:SHORT:h24,SPOT,feat_ext_strength,2,SHORT,9603,-0.001274774867461887,-0.006500954812344879,0.2799125273352078,-5.487073087994224,4.086480842602214e-08,False,24,3124,-0.0009513105290310567,0.26952624839948786,2982,-0.004061255862917119,0.20925553319919518,3497,0.0008123809046826907,0.34944237918215615
feat_ema_cross_10_20:2:SHORT:h24,SPOT,feat_ema_cross_10_20,2,SHORT,9522,-0.0012914549250685311,-0.006511082294205901,0.2942659105229994,-5.275282606817144,1.3255165920433853e-07,False,24,3128,-0.0015718444434147257,0.2835677749360614,3114,-0.002965992499542824,0.24213230571612074,3280,0.0005657305689253245,0.3539634146341463
feat_close_pos_ma:0:LONG:h24,PERP,feat_close_pos_ma,0,LONG,10588,0.006507790113408162,-0.011755545246564676,0.36890819795995466,12.082744251971368,0.0,True,24,4057,0.0049217900129595,0.35223071234902636,3443,0.0069187236618950725,0.3531803659599187,3088,0.00813329471187959,0.40835492227979275
feat_macd_12_26:2:SHORT:h24,SPOT,feat_macd_12_26,2,SHORT,9665,-0.0013474664993725607,-0.006441278634186279,0.29705121572684945,-5.326503853313472,1.0012115714275183e-07,False,24,3201,-0.0017814992788422665,0.2942830365510778,3173,-0.002800005485599493,0.24613930034667508,3291,0.0004751543242009979,0.3488301428137344
feat_gap_fill_ratio:2:LONG:h24,PERP,feat_gap_fill_ratio,2,LONG,100,0.009115449532396548,-0.002732596705953397,0.5,2.3631548160108875,0.018120098196723333,False,24,36,0.004596938026677356,0.5,26,0.014411161269206208,0.5,38,0.009772762928418645,0.5
feat_ret_1:0:SHORT:h24,SPOT,feat_ret_1,0,SHORT,20436,-0.0013657053544382926,-0.004507963885320043,0.2699647680563711,-7.869428690530973,3.552713678800501e-15,False,24,6805,-0.0010250243879273717,0.2772961058045555,6654,-0.0018800000923639062,0.25082657048391943,6977,-0.0012075022285890431,0.28106636090010034
feat_stoch_k_14:1:SHORT:h24,SPOT,feat_stoch_k_14,1,SHORT,8823,-0.0013661612620149124,-0.006112045917774495,0.2614756885413125,-6.739326430424242,1.5912160478137594e-11,False,24,2892,-0.0009346702489113976,0.274896265560166,2730,-0.001953180445611421,0.23736263736263735,3201,-0.0012553551510111317,0.26991565135895035
feat_trend_slope_20:2:SHORT:h24,SPOT,feat_trend_slope_20,2,SHORT,9103,-0.0013671745666799017,-0.0066392450785623496,0.28693837196528615,-5.512355815077505,3.540622173225927e-08,False,24,3106,-0.0009652864640672794,0.28203477141017386,2702,-0.003899480040623738,0.21502590673575128,3295,0.0003305568275178043,0.3505311077389985
feat_vol_breakout_strength:0:SHORT:h24,SPOT,feat_vol_breakout_strength,0,SHORT,17922,-0.0013678506666021874,-0.004316629405631487,0.26805044079901796,-7.277434088200158,3.4017233474514796e-13,False,24,6810,-0.0016113220772631714,0.2657856093979442,4901,-0.001039239390862826,0.26484390940624364,6211,-0.001360200297224842,0.2730639188536468
feat_atr_norm_ext:1:SHORT:h24,SPOT,feat_atr_norm_ext,1,SHORT,8509,-0.001376986646021876,-0.0061483458730296646,0.26795158067928077,-6.620629797601876,3.576716700592897e-11,False,24,2988,-0.0007945035115769375,0.2740963855421687,2400,-0.0008568843890239419,0.2733333333333333,3121,-0.00233459799575482,0.25793015059275876
feat_ret_10:2:SHORT:h24,SPOT,feat_ret_10,2,SHORT,8881,-0.0013782269457326306,-0.006632887637813734,0.2661862402882558,-6.216999831529581,5.067501973599065e-10,False,24,2533,-0.0015572783042290645,0.23766285037504936,2887,-0.003160544778516534,0.2164877034984413,3461,0.00023953921269516387,0.32851776943080035
feat_vol_breakout:0:SHORT:h24,SPOT,feat_vol_breakout,0,SHORT,21172,-0.0014269361862611094,-0.00449982283378257,0.2718685055733988,-8.562998289202932,0.0,False,24,6939,-0.0013548631813188993,0.2752558005476293,7136,-0.0014658670564689266,0.2630325112107623,7097,-0.0014582598288553064,0.2774411723263351
feat_overnight_ret:0:SHORT:h24,SPOT,feat_overnight_ret,0,SHORT,21178,-0.0014586960966854793,-0.0046805399395483515,0.27032769855510436,-8.651595472252705,0.0,False,24,7106,-0.0013109671966649303,0.2734309034618632,6865,-0.0018130300381932467,0.25331391114348145,7207,-0.0012668352745813021,0.2834743998889968
feat_hl_range:0:SHORT:h24,SPOT,feat_hl_range,0,SHORT,21796,-0.0014677321726459592,-0.004687880632575187,0.2615158744723802,-9.074039814017517,0.0,False,24,7919,-0.0016899074690816718,0.26051269099633795,6331,-0.0011494607916958037,0.25572579371347337,7546,-0.0015016004393198295,0.26742645109992047
feat_bb_squeeze_20:0:SHORT:h24,SPOT,feat_bb_squeeze_20,0,SHORT,8106,-0.0015053922498308244,-0.006812086555215349,0.2825067850974587,-6.924839345465042,4.3647307990113404e-12,False,24,2044,-0.000758439595824116,0.30039138943248533,2716,-0.0005284540620721359,0.29823269513991163,3346,-0.0027546855381578744,0.25881649731022116
feat_ret_vol:2:SHORT:h24,SPOT,feat_ret_vol,2,SHORT,10280,-0.001515671491361806,-0.0066357572356652295,0.2857976653696498,-6.6708312761028745,2.543587562797711e-11,False,24,3586,-0.0014073550297032552,0.2777467930842164,3245,-0.0041710954649421305,0.2194144838212635,3449,0.000870071611787104,0.3566251087271673
feat_bb_squeeze_20:2:SHORT:h24,SPOT,feat_bb_squeeze_20,2,SHORT,10226,-0.0015214840490427796,-0.0049770844955585175,0.24809309602972815,-8.717374294023097,0.0,False,24,4002,-0.0020873643852052496,0.23788105947026486,3310,-0.002614289702080803,0.20876132930513594,2914,0.0004969922093230613,0.30679478380233355
feat_vwap_lower_dist:2:SHORT:h24,SPOT,feat_vwap_lower_dist,2,SHORT,8713,-0.0015311368614912824,-0.0067018973160201155,0.27877883622173766,-6.591957622348621,4.340661163837467e-11,False,24,3066,-0.001677138088357029,0.2573385518590998,2393,-0.0036378923454970743,0.23067279565399082,3254,0.00015574255915906822,0.3343577135832821
feat_ema_cross_10_20:1:SHORT:h24,SPOT,feat_ema_cross_10_20,1,SHORT,9429,-0.0015589407530242454,-0.004712796045350582,0.2822144447979637,-5.8188031866162735,5.927047297404897e-09,False,24,3307,-0.0012236403067989385,0.2836407620199577,3058,-0.001244600229921126,0.2828646173969915,3064,-0.0022345582123311732,0.2800261096605744
feat_williams_r_14:1:SHORT:h24,SPOT,feat_williams_r_14,1,SHORT,8826,-0.001593970406174011,-0.005952597018290459,0.25424881033310676,-8.040648996150875,8.881784197001252e-16,False,24,2930,-0.0011659078039406123,0.26552901023890785,2709,-0.0021870619796304606,0.23181985972683647,3187,-0.0014833768548876416,0.26294320677753374
feat_bb_width_20:1:SHORT:h24,SPOT,feat_bb_width_20,1,SHORT,9980,-0.0016117105445739477,-0.005506225087348006,0.26012024048096194,-7.591427304571931,3.1530333899354446e-14,False,24,3267,-0.001955492404073976,0.24150596877869604,3380,-0.0019042832145762922,0.2467455621301775,3333,-0.0009780378894300777,0.2919291929192919
feat_time_since_low_20:1:SHORT:h24,SPOT,feat_time_since_low_20,1,SHORT,13578,-0.0016252173151013862,-0.006719107730907915,0.2700692296361762,-9.740305594481443,0.0,False,24,4915,-0.0020432402663027567,0.25269582909460836,4232,-0.002527882781728753,0.2396030245746692,4431,-0.0002994075520858695,0.3184382757842473
feat_session_mom:0:SHORT:h24,SPOT,feat_session_mom,0,SHORT,23828,-0.0016328784806826238,-0.004916767423964031,0.2633036763471546,-10.62321530337599,0.0,False,24,8084,-0.0017099866019896432,0.2624938149430975,7559,-0.0019445050290081763,0.24540283106230984,8185,-0.0012689289227792886,0.2806353084911423
feat_rsi_7:2:SHORT:h24,SPOT,feat_rsi_7,2,SHORT,9774,-0.0016513497830963038,-0.005940518369519043,0.2695927972171066,-7.26298718039071,3.785860513971784e-13,False,24,3191,-0.0016918779003098246,0.26010654967094954,3311,-0.0031427151599799728,0.23406825732407127,3272,-0.0001026835285455175,0.3147921760391198
feat_ext_vs_ma_10:2:SHORT:h24,SPOT,feat_ext_vs_ma_10,2,SHORT,8951,-0.0016596526002878424,-0.006800019998000222,0.26019439168807956,-7.728404922697766,1.0880185641326534e-14,False,24,2534,-0.0021966901309881776,0.23362273086029992,3036,-0.003183417755450535,0.22266139657444006,3381,0.00011112649284099031,0.3138124815143449
feat_keltner_pos:1:SHORT:h24,SPOT,feat_keltner_pos,1,SHORT,8258,-0.0016889910877391325,-0.006235245658370891,0.258900460159845,-8.013891458904755,1.1102230246251565e-15,False,24,2990,-0.0014028614926312871,0.2555183946488294,2151,-0.0008376442109471527,0.2719665271966527,3117,-0.00255096562137789,0.2531280076997113
feat_ret_3:0:SHORT:h24,SPOT,feat_ret_3,0,SHORT,16165,-0.0016902758041753261,-0.0042559074185792006,0.2762759047324466,-8.29546798792299,0.0,False,24,5233,-0.001393853183631018,0.285878081406459,5502,-0.001862489399621165,0.25808796801163214,5430,-0.0018014471432481363,0.285451197053407
feat_vwap_upper_dist:2:SHORT:h24,SPOT,feat_vwap_upper_dist,2,SHORT,8324,-0.0016931609301846125,-0.006889741131351881,0.28099471407976934,-7.02829502493948,2.0907719999740948e-12,False,24,2769,-0.001840473378288968,0.25532683279162155,2522,-0.00378564864546846,0.232355273592387,3033,0.0001812743440477731,0.3448730629739532
feat_ret_sign_streak:0:SHORT:h24,SPOT,feat_ret_sign_streak,0,SHORT,21364,-0.0017012684497790522,-0.004821255590532975,0.2657741995880921,-10.189298120872781,0.0,False,24,7125,-0.0014070001658932005,0.27003508771929824,7009,-0.0019460568671163855,0.2531031530888857,7230,-0.0017539571780735652,0.27385892116182575
feat_rsi_21:1:SHORT:h24,SPOT,feat_rsi_21,1,SHORT,9448,-0.0017085242527784237,-0.0056676963926516714,0.2686282811176969,-6.638086202276967,3.177813567845078e-11,False,24,3287,-0.0018578313693720988,0.2519014298752662,2874,-0.0013222685309303016,0.2762700069589422,3287,-0.001896941183824391,0.2786735625190143
feat_vwap_dist:2:SHORT:h24,SPOT,feat_vwap_dist,2,SHORT,8542,-0.0017089907558934352,-0.006848523260235758,0.27838913603371573,-7.291494981188193,3.064215547965432e-13,False,24,2905,-0.001751554266866686,0.257487091222031,2505,-0.0037306263031008677,0.23273453093812374,3132,-5.259099691134311e-05,0.3342911877394636
feat_ret_20:2:SHORT:h24,SPOT,feat_ret_20,2,SHORT,9106,-0.0017493674580938826,-0.006708520179372177,0.2793762354491544,-7.16886826666714,7.562839243746566e-13,False,24,3174,-0.0014920907368547321,0.2741020793950851,2903,-0.004104980244357873,0.2218394764037203,3029,0.00023866410523107605,0.34004621987454603
feat_trend_neutral:0:SHORT:h24,SPOT,feat_trend_neutral,0,SHORT,13296,-0.0017499488034017074,-0.007,0.2660198555956679,-8.910920210222466,0.0,False,24,4390,-0.002120552086309853,0.25876993166287016,3833,-0.003235684415660794,0.22515001304461257,5073,-0.00030666612771555843,0.30317366449832445
feat_ext_vs_ma_20:2:SHORT:h24,SPOT,feat_ext_vs_ma_20,2,SHORT,8955,-0.001753837874411805,-0.006800019998000222,0.27158012283640426,-7.449299781233687,9.370282327836321e-14,False,24,2776,-0.001568252372463854,0.25,2847,-0.00399536442068578,0.2160168598524763,3332,6.798597327239628e-06,0.3370348139255702
feat_stoch_d_14:1:SHORT:h24,SPOT,feat_stoch_d_14,1,SHORT,8239,-0.0017873441357549886,-0.006555203975450704,0.24942347372253915,-8.589143972139667,0.0,False,24,2769,-0.0007065077243934176,0.2726616106897797,2637,-0.0022948157708251008,0.23246113007205157,2833,-0.002371401079411997,0.24249911754324038
feat_atr_norm_ext:2:SHORT:h24,SPOT,feat_atr_norm_ext,2,SHORT,8585,-0.001819556548949288,-0.006454517036573944,0.25614443797320907,-8.83429983760165,0.0,False,24,2694,-0.0022799512925031234,0.23162583518930957,2888,-0.004154416458109229,0.19425207756232687,3003,0.0008389112688289128,0.33766233766233766
feat_range_pos_50:1:SHORT:h24,SPOT,feat_range_pos_50,1,SHORT,9750,-0.0018241688694386428,-0.005262835017952616,0.26615384615384613,-7.304296127060373,2.788880237858393e-13,False,24,3285,-0.0015806638149094417,0.2617960426179604,3259,-0.0016932575612614265,0.2672598956735195,3206,-0.0022067496733930944,0.2694946974422957
feat_squeeze:2:SHORT:h24,SPOT,feat_squeeze,2,SHORT,10146,-0.0018296811383129213,-0.0068754543041694835,0.2740981667652277,-8.673897715809533,0.0,False,24,3269,-0.00207499247536728,0.27041908840624046,2703,-0.002668696459358312,0.24824269330373658,4174,-0.0010942280540732487,0.29372304743651173
feat_rsi_14:2:SHORT:h24,SPOT,feat_rsi_14,2,SHORT,9504,-0.0018322552540332574,-0.0062728544266995884,0.27598905723905726,-7.547167739234853,4.440892098500626e-14,False,24,3037,-0.0020483683657589367,0.2634178465591044,3165,-0.003743126415030471,0.2259083728278041,3302,0.0001981029364170968,0.33555420956995763
feat_ret_20:1:SHORT:h24,SPOT,feat_ret_20,1,SHORT,9508,-0.0018340068419181533,-0.0045814696129422225,0.2855490113588557,-7.289971780416156,3.099742684753437e-13,False,24,3086,-0.0011157614776528722,0.2952041477640959,3140,-0.0008395292651968634,0.28853503184713375,3282,-0.0034608090311404284,0.2736136502132846
feat_price_accel:0:SHORT:h24,SPOT,feat_price_accel,0,SHORT,16916,-0.0018402489692494978,-0.004358490566037767,0.2695081579569638,-9.378530065521288,0.0,False,24,5582,-0.001724397848275634,0.27051236116087424,5602,-0.002255039240482183,0.2572295608711175,5732,-0.0015476854413064769,0.28053035589672015
feat_mean_rev_strength:0:SHORT:h24,SPOT,feat_mean_rev_strength,0,SHORT,8637,-0.0018579650630876248,-0.006800019998000222,0.2636332059742966,-8.73728071989712,0.0,False,24,2576,-0.0020496378465832683,0.24572981366459629,2821,-0.004317063724776424,0.1999291031549096,3240,0.00043551222546449857,0.3333333333333333
feat_ret_autocorr:0:SHORT:h24,SPOT,feat_ret_autocorr,0,SHORT,8819,-0.0018589714658146478,-0.006606586889759533,0.2654495974600295,-9.014744793464407,0.0,False,24,2743,-0.0019477795782101995,0.2570178636529347,3005,-0.0013276557506661597,0.26722129783693843,3071,-0.002299545569272873,0.27124715076522304
feat_ret_5:0:SHORT:h24,SPOT,feat_ret_5,0,SHORT,15169,-0.0018640021451429827,-0.004453138759592383,0.27648493638341354,-8.803497986207685,0.0,False,24,4955,-0.001598830789610187,0.2869828456104945,5218,-0.0015030053243241899,0.26791874281333844,4996,-0.0025040352671801044,0.27502001601281023
feat_price_roc_5:0:SHORT:h24,SPOT,feat_price_roc_5,0,SHORT,15169,-0.0018640021451429827,-0.004453138759592383,0.27648493638341354,-8.803497986207685,0.0,False,24,4955,-0.001598830789610187,0.2869828456104945,5218,-0.0015030053243241899,0.26791874281333844,4996,-0.0025040352671801044,0.27502001601281023
feat_hour_utc:2:SHORT:h24,SPOT,feat_hour_utc,2,SHORT,10560,-0.0018766713443073707,-0.00563499126013031,0.2831439393939394,-8.434837070680029,0.0,False,24,0,0.0,0.0,0,0.0,0.0,10560,-0.0018766713443073707,0.2831439393939394
feat_cci_20:2:SHORT:h24,SPOT,feat_cci_20,2,SHORT,8776,-0.0018910532174110505,-0.006800019998000222,0.2612807657247037,-8.43748146112488,0.0,False,24,2597,-0.001756335109722717,0.23565652676164806,2868,-0.004487211169870126,0.20292887029288703,3311,0.00025208120783390013,0.33192389006342493
feat_asia_range:0:SHORT:h24,SPOT,feat_asia_range,0,SHORT,27480,-0.001900876188470146,-0.005376434448072476,0.2663027656477438,-13.586950046128564,0.0,False,24,6645,-0.0009483015747911195,0.2677200902934537,10275,-0.0025417970120473767,0.2480778588807786,10560,-0.0018766713443073707,0.2831439393939394
feat_rsi_21:2:SHORT:h24,SPOT,feat_rsi_21,2,SHORT,9168,-0.0019103046952115104,-0.006390128144280953,0.281413612565445,-7.787753354875524,6.661338147750939e-15,False,24,2962,-0.0018786306633525854,0.27683997299122215,3056,-0.004008501686550634,0.22349476439790575,3150,9.54957883333229e-05,0.3419047619047619
feat_stoch_k_14:0:SHORT:h24,SPOT,feat_stoch_k_14,0,SHORT,10366,-0.001961250617623645,-0.005495921045363932,0.2516882114605441,-11.597322472861812,0.0,False,24,3403,-0.002726715287763235,0.2424331472230385,3691,-0.0004924633065717381,0.26903278244378215,3272,-0.0028220139711100647,0.2417481662591687
feat_vol_regime:1:SHORT:h24,SPOT,feat_vol_regime,1,SHORT,9289,-0.002006318292881846,-0.00601243493348764,0.252879750242222,-9.646423106989113,0.0,False,24,3181,-0.0028029981992616923,0.22634391700723044,2996,-0.0012956805086914074,0.2636849132176235,3112,-0.001876122926313807,0.26960154241645246
feat_vol_contraction:1:SHORT:h24,SPOT,feat_vol_contraction,1,SHORT,9289,-0.002006318292881846,-0.00601243493348764,0.252879750242222,-9.646423106989113,0.0,False,24,3181,-0.0028029981992616923,0.22634391700723044,2996,-0.0012956805086914074,0.2636849132176235,3112,-0.001876122926313807,0.26960154241645246
feat_vol_regime:2:SHORT:h24,SPOT,feat_vol_regime,2,SHORT,9557,-0.0020068359689892398,-0.0064702175316047345,0.28209689233022917,-9.14512480662114,0.0,False,24,3470,-0.0017726327694743199,0.2717579250720461,2849,-0.003325732116461669,0.2628992628992629,3238,-0.0010973702426667635,0.31006794317479924
feat_vol_contraction:2:SHORT:h24,SPOT,feat_vol_contraction,2,SHORT,9557,-0.0020068359689892398,-0.0064702175316047345,0.28209689233022917,-9.14512480662114,0.0,False,24,3470,-0.0017726327694743199,0.2717579250720461,2849,-0.003325732116461669,0.2628992628992629,3238,-0.0010973702426667635,0.31006794317479924
feat_williams_r_14:0:SHORT:h24,SPOT,feat_williams_r_14,0,SHORT,8951,-0.002034894410722719,-0.006473372898382103,0.25069824600603285,-10.385685178538655,0.0,False,24,2881,-0.0021769819193391076,0.2273516140229087,2864,-0.003785295870873369,0.2098463687150838,3206,-0.00034353324597060394,0.30817217716781037
feat_stoch_d_14:2:SHORT:h24,SPOT,feat_stoch_d_14,2,SHORT,8193,-0.002055726559297073,-0.006898649313008739,0.25985597461247406,-9.68275784713542,0.0,False,24,2660,-0.00252313991653089,0.23345864661654137,2501,-0.003995301664630646,0.20391843262694923,3032,-4.576716989033603e-05,0.329155672823219
feat_stoch_d_14:0:SHORT:h24,SPOT,feat_stoch_d_14,0,SHORT,10108,-0.0020810317164397176,-0.005645091319805424,0.25366046695686584,-12.122587054788589,0.0,False,24,3256,-0.0030866482545196046,0.23587223587223588,3606,-0.0006736403946024939,0.2756516916250693,3246,-0.002635796244645791,0.24707332101047444
feat_bb_pos_20:2:SHORT:h24,SPOT,feat_bb_pos_20,2,SHORT,8663,-0.002092010893538218,-0.006848616043910967,0.255800530993882,-10.076031813154376,0.0,False,24,2438,-0.0026453162490197254,0.22641509433962265,2983,-0.0039493934662211206,0.2078444518940664,3242,3.3075679866166034e-05,0.3220234423195558
feat_zscore_20:2:SHORT:h24,SPOT,feat_zscore_20,2,SHORT,8663,-0.002092010893538218,-0.006848616043910967,0.255800530993882,-10.076031813154376,0.0,False,24,2438,-0.0026453162490197254,0.22641509433962265,2983,-0.0039493934662211206,0.2078444518940664,3242,3.3075679866166034e-05,0.3220234423195558
feat_rsi_14:1:SHORT:h24,SPOT,feat_rsi_14,1,SHORT,9253,-0.002107319065121771,-0.005812945145570403,0.26402247919593647,-8.275833976254427,0.0,False,24,3264,-0.0018436250137996485,0.2622549019607843,2806,-0.001945764367472704,0.26300784034212404,3183,-0.002520143402262422,0.26672950047125354
feat_bb_pos_20:1:SHORT:h24,SPOT,feat_bb_pos_20,1,SHORT,9346,-0.002116748228672129,-0.0052763673488773945,0.2695270704044511,-8.642742545525042,0.0,False,24,3837,-0.0012562853256982824,0.2759968725566849,2645,-0.0031381460593109234,0.2574669187145558,2864,-0.0023262450501354798,0.2719972067039106
feat_zscore_20:1:SHORT:h24,SPOT,feat_zscore_20,1,SHORT,9346,-0.002116748228672129,-0.0052763673488773945,0.2695270704044511,-8.642742545525042,0.0,False,24,3837,-0.0012562853256982824,0.2759968725566849,2645,-0.0031381460593109234,0.2574669187145558,2864,-0.0023262450501354798,0.2719972067039106
feat_williams_r_14:2:SHORT:h24,SPOT,feat_williams_r_14,2,SHORT,9363,-0.0021301913267314254,-0.006146249528835313,0.2556872797180391,-11.587367681036081,0.0,False,24,3054,-0.0030443179713622974,0.2455795677799607,3404,-0.0004604513968317992,0.27497062279670975,2905,-0.0031257341662066897,0.24371772805507746
feat_cci_20:0:SHORT:h24,SPOT,feat_cci_20,0,SHORT,10533,-0.0021425461923214755,-0.0055787403478793985,0.24836228994588436,-11.546199826981487,0.0,False,24,3183,-0.0030680941071539905,0.23028589381087025,3703,-0.0010816920948579344,0.26951120712935456,3647,-0.0024118973604036263,0.24266520427748833
feat_donchian_width_20:1:SHORT:h24,SPOT,feat_donchian_width_20,1,SHORT,9354,-0.002142812566076387,-0.005987915407854948,0.24834295488561042,-11.662824321661423,0.0,False,24,2989,-0.0028523524422963973,0.23519571763131483,2981,-0.0019354859889702646,0.23851056692385106,3384,-0.0016987303664108262,0.26861702127659576
feat_asia_vol:2:SHORT:h24,SPOT,feat_asia_vol,2,SHORT,9422,-0.002189028964676284,-0.006103423379810313,0.2516450859690087,-10.586736425088233,0.0,False,24,9422,-0.002189028964676284,0.2516450859690087,0,0.0,0.0,0,0.0,0.0
feat_donchian_break:0:SHORT:h24,SPOT,feat_donchian_break,0,SHORT,10648,-0.0022091485947189405,-0.00532104105539603,0.2403268219383922,-14.04680438179348,0.0,False,24,3791,-0.002921663745165305,0.22606172513848588,3855,-0.0012234207106242118,0.2511024643320363,3002,-0.002575183257558052,0.24450366422385075
feat_adx_14:0:SHORT:h24,SPOT,feat_adx_14,0,SHORT,7477,-0.0022118764542581417,-0.00720798220184722,0.2513039989300522,-10.18465819160747,0.0,False,24,2532,-0.002121276757078558,0.22274881516587677,2321,-0.0006191190244046789,0.2951314088754847,2624,-0.003708137288080014,0.24009146341463414
feat_ret_vol:1:SHORT:h24,SPOT,feat_ret_vol,1,SHORT,7556,-0.0022127541417159805,-0.004630331753554445,0.2767337215457914,-7.427743421205065,1.1057821325266559e-13,False,24,2357,-0.0016747406148583674,0.28850233347475607,2542,-0.00043396536534668294,0.2950432730133753,2657,-0.004391820363896692,0.2487768159578472
feat_donchian_break:2:SHORT:h24,SPOT,feat_donchian_break,2,SHORT,8038,-0.0022216474937673237,-0.007177907594264435,0.25715352077631254,-10.380479771581443,0.0,False,24,2454,-0.002447538959037121,0.2371638141809291,2552,-0.0038819368421901933,0.21316614420062696,3032,-0.0006413717441145396,0.31035620052770446
feat_ret_autocorr:2:SHORT:h24,SPOT,feat_ret_autocorr,2,SHORT,9954,-0.002228514803116256,-0.005852986431668765,0.24522804902551737,-11.47304058013837,0.0,False,24,3385,-0.002084878899138698,0.24608567208271787,3131,-0.0029101382232434025,0.21877994251038008,3438,-0.0017491793192727233,0.2684700407213496
feat_adx_14:1:SHORT:h24,SPOT,feat_adx_14,1,SHORT,7787,-0.0022437840517016898,-0.006803468699520971,0.2621035058430718,-10.795897510551365,0.0,False,24,2446,-0.0029098345549662,0.24529844644317253,2695,-0.0018871924318032986,0.2515769944341373,2646,-0.001991272670235767,0.28835978835978837
feat_time_since_high_20:1:SHORT:h24,SPOT,feat_time_since_high_20,1,SHORT,10919,-0.0022470096114704493,-0.007324144896378313,0.2557010715266966,-12.566087015427467,0.0,False,24,3739,-0.0031620219669331387,0.23829901043059643,3560,-2.784439647144278e-07,0.29044943820224717,3620,-0.0035114106499360346,0.23950276243093924
feat_bb_pos_20:0:SHORT:h24,SPOT,feat_bb_pos_20,0,SHORT,10045,-0.002252655160205131,-0.005892379131384838,0.24629168740666998,-13.321264147998454,0.0,False,24,2941,-0.003126755084425964,0.23801428085685142,3690,-0.0008618808053104795,0.26558265582655827,3414,-0.003002868836956096,0.2325717633274751
feat_zscore_20:0:SHORT:h24,SPOT,feat_zscore_20,0,SHORT,10045,-0.002252655160205131,-0.005892379131384838,0.24629168740666998,-13.321264147998454,0.0,False,24,2941,-0.003126755084425964,0.23801428085685142,3690,-0.0008618808053104795,0.26558265582655827,3414,-0.003002868836956096,0.2325717633274751
feat_rsi_7:1:SHORT:h24,SPOT,feat_rsi_7,1,SHORT,9265,-0.0022568039029608263,-0.006222600681226148,0.26465191581219644,-8.746221218783186,0.0,False,24,3117,-0.0016975758010382208,0.26371511068334935,2823,-0.0026779095005357864,0.25292242295430395,3325,-0.002423520562130344,0.2754887218045113
feat_realized_vol_20:0:SHORT:h24,SPOT,feat_realized_vol_20,0,SHORT,12262,-0.002272127148580311,-0.004994913673276429,0.26839014842603165,-10.333770376613922,0.0,False,24,3816,-0.00206770518990567,0.28170859538784065,4538,-0.0021148818354742097,0.25319524019391804,3908,-0.0026543311980117127,0.27302968270214945
feat_mean_rev_strength:2:SHORT:h24,SPOT,feat_mean_rev_strength,2,SHORT,10225,-0.002279794370297963,-0.005783958602845996,0.24567237163814182,-13.557258577913492,0.0,False,24,3069,-0.0031902555893111367,0.23558162267839688,3678,-0.0008822257894287853,0.2661772702555737,3478,-0.0029543348416278675,0.23289246693502014
feat_realized_vol_20:1:SHORT:h24,SPOT,feat_realized_vol_20,1,SHORT,10060,-0.0022836569616761456,-0.005761334153582772,0.2478131212723658,-11.08434502139266,0.0,False,24,3384,-0.002992538332649816,0.22872340425531915,3175,-0.003119554170513457,0.23086614173228345,3501,-0.0008404041203641314,0.28163381890888317
feat_vwap_dist:1:SHORT:h24,SPOT,feat_vwap_dist,1,SHORT,9843,-0.002345058119628152,-0.0055697287006187535,0.24900944833892105,-10.772131263290824,0.0,False,24,3184,-0.0016519775107020124,0.26821608040201006,3427,-0.0033175136150184028,0.23023052232273125,3232,-0.0019967176728826206,0.25
feat_atr_norm_ext:0:SHORT:h24,SPOT,feat_atr_norm_ext,0,SHORT,10029,-0.002351386870329133,-0.005823346848215125,0.2394057234021338,-13.96126457284279,0.0,False,24,3154,-0.003094980562238725,0.23113506658211794,3669,-0.0010454846892011137,0.25729081493594985,3206,-0.00311435025095167,0.22707423580786026
feat_vwap_upper_dist:1:SHORT:h24,SPOT,feat_vwap_upper_dist,1,SHORT,9643,-0.002356449468064278,-0.00569191979829514,0.2502333298765944,-10.60730761832978,0.0,False,24,3082,-0.0015652543135812073,0.2780661907852044,3417,-0.003332337796066414,0.22856306701785192,3144,-0.0020714154506767234,0.24650127226463103
feat_ret_5:2:SHORT:h24,SPOT,feat_ret_5,2,SHORT,8368,-0.00238004937924917,-0.007049401810385098,0.2546606118546845,-11.046205230273838,0.0,False,24,2333,-0.00342060642341133,0.21474496356622375,2877,-0.0035968106323218856,0.23149113660062565,3158,-0.000502835411826585,0.305256491450285
feat_price_roc_5:2:SHORT:h24,SPOT,feat_price_roc_5,2,SHORT,8368,-0.00238004937924917,-0.007049401810385098,0.2546606118546845,-11.046205230273838,0.0,False,24,2333,-0.00342060642341133,0.21474496356622375,2877,-0.0035968106323218856,0.23149113660062565,3158,-0.000502835411826585,0.305256491450285
feat_donchian_width_20:0:SHORT:h24,SPOT,feat_donchian_width_20,0,SHORT,8314,-0.0023814570603633515,-0.007021430714500067,0.2584796728409911,-11.44467155598688,0.0,False,24,2041,-0.0019268184390752935,0.26359627633512983,2538,-0.0008364460335599193,0.289204097714736,3735,-0.003679758375510885,0.23480589022757697
feat_ext_vs_ma_50:2:SHORT:h24,SPOT,feat_ext_vs_ma_50,2,SHORT,8389,-0.0023843012096456885,-0.0068787958344272955,0.27929431398259624,-9.40118969239503,0.0,False,24,2697,-0.0034110617567335187,0.26473859844271413,2823,-0.003254034919390086,0.24229543039319873,2869,-0.0005633073239348802,0.329383060299756
feat_ret_autocorr:1:SHORT:h24,SPOT,feat_ret_autocorr,1,SHORT,9097,-0.00240924781882793,-0.005816568047337409,0.26195449049137076,-10.623521924161048,0.0,False,24,3046,-0.0027137684430449133,0.2495075508864084,3102,-0.0031721700957773728,0.2504835589941973,2949,-0.0012922065423063636,0.28687690742624616
feat_mean_rev_strength:1:SHORT:h24,SPOT,feat_mean_rev_strength,1,SHORT,9301,-0.0024231256940138997,-0.005457403485909711,0.26384259757015377,-9.739498823244352,0.0,False,24,3616,-0.0016344856288878472,0.26742256637168144,2850,-0.0029467462019727706,0.26421052631578945,2835,-0.0029026332875987403,0.2589065255731922
feat_vwap_lower_dist:0:SHORT:h24,SPOT,feat_vwap_lower_dist,0,SHORT,9860,-0.002440711555959767,-0.006027926960257766,0.2449290060851927,-13.128711272693529,0.0,False,24,3088,-0.003452663895149534,0.22053108808290156,3625,-0.0009715454525548532,0.27006896551724136,3147,-0.0031400500692819193,0.23991102637432477
feat_ext_vs_ma_10:0:SHORT:h24,SPOT,feat_ext_vs_ma_10,0,SHORT,12927,-0.0024569480474567577,-0.0053127109111360165,0.26139088729016785,-11.385256417138317,0.0,False,24,4134,-0.00288475476720264,0.2648766328011611,4625,-0.001631093504908754,0.26313513513513515,4168,-0.002949036406347122,0.2559980806142035
feat_time_since_high_20:0:SHORT:h24,SPOT,feat_time_since_high_20,0,SHORT,11418,-0.0024782619464034385,-0.006209183673469349,0.2836748992818357,-9.468103082149334,0.0,False,24,3515,-0.0022079340414711823,0.2822190611664296,3943,-0.004160917097117471,0.23433933553132133,3960,-0.0010427804632144129,0.3340909090909091
feat_hour_utc:0:SHORT:h24,SPOT,feat_hour_utc,0,SHORT,10240,-0.0024897542681934547,-0.006045353744903009,0.25517578125,-11.53168285966805,0.0,False,24,10240,-0.0024897542681934547,0.25517578125,0,0.0,0.0,0,0.0,0.0
feat_stoch_k_14:2:SHORT:h24,SPOT,feat_stoch_k_14,2,SHORT,7951,-0.0024957539115096137,-0.007363361246994421,0.24726449503207143,-11.808442376149285,0.0,False,24,2570,-0.0027250052045106497,0.21906614785992218,2556,-0.00437533260983577,0.20500782472613457,2825,-0.0005865932120638369,0.3111504424778761
feat_ext_vs_ma_20:0:SHORT:h24,SPOT,feat_ext_vs_ma_20,0,SHORT,11305,-0.002516636609441453,-0.006005340453938529,0.23653250773993809,-13.395495288515205,0.0,False,24,3453,-0.003437115650675409,0.2235737040254851,4103,-0.0014832854003410671,0.2529856202778455,3749,-0.0027997590104972114,0.23046145638837023
feat_hour_utc:1:SHORT:h24,SPOT,feat_hour_utc,1,SHORT,10275,-0.0025417970120473767,-0.005999192504211452,0.2480778588807786,-11.172953139838924,0.0,False,24,0,0.0,0.0,10275,-0.0025417970120473767,0.2480778588807786,0,0.0,0.0
feat_vwap_upper_dist:0:SHORT:h24,SPOT,feat_vwap_upper_dist,0,SHORT,10570,-0.0025647806481724164,-0.0059068202314549855,0.23878902554399242,-14.982040477317469,0.0,False,24,3533,-0.003340741191323388,0.21766204358901783,3557,-0.0009939458237125751,0.26539218442507734,3480,-0.003382594117037724,0.23304597701149427
feat_trend_neutral:2:SHORT:h24,SPOT,feat_trend_neutral,2,SHORT,10710,-0.0025689803975109354,-0.004611729749778698,0.2710550887021475,-10.36469394873458,0.0,False,24,3534,-0.002541778104931363,0.2761743067345784,3946,-0.0015178783428460702,0.2818043588443994,3230,-0.0038828446729548263,0.25232198142414863
feat_vwap_dist:0:SHORT:h24,SPOT,feat_vwap_dist,0,SHORT,10152,-0.002585326945059236,-0.006037847548471328,0.24103624901497242,-14.481680715519477,0.0,False,24,3295,-0.00345221901929045,0.22185128983308042,3564,-0.0010536283333446345,0.26346801346801346,3293,-0.0033756593069052686,0.23595505617977527
feat_trend_slope_20:1:SHORT:h24,SPOT,feat_trend_slope_20,1,SHORT,10277,-0.0025898677012787877,-0.00513664596273292,0.2685608640653887,-10.131318961381247,0.0,False,24,3527,-0.0025053195629010537,0.27615537283810604,3616,-0.0016444672552542536,0.2704646017699115,3134,-0.003775818338446301,0.25781748564135293
feat_keltner_pos:0:SHORT:h24,SPOT,feat_keltner_pos,0,SHORT,10478,-0.002605258342785888,-0.005957976320299141,0.230960106890628,-16.23092258473507,0.0,False,24,3309,-0.003224029681342288,0.22907222725899062,3853,-0.0014675163766842076,0.2424085128471321,3316,-0.0033097835044585797,0.2195416164053076
feat_ext_strength:0:SHORT:h24,SPOT,feat_ext_strength,0,SHORT,12666,-0.0026268096710042204,-0.00572180451127822,0.24617085109742617,-14.627153152680064,0.0,False,24,3995,-0.004003669921424313,0.2292866082603254,4361,-0.0019040569457484042,0.2506305893143774,4310,-0.0020818834376892183,0.2573085846867749
feat_ret_10:0:SHORT:h24,SPOT,feat_ret_10,0,SHORT,12527,-0.0026328307870153852,-0.005445485630758791,0.2530534046459647,-13.156077465776661,0.0,False,24,4075,-0.0028814012142731713,0.2603680981595092,4431,-0.0019134076343227048,0.25524712254570076,4021,-0.00317370109253784,0.2432230788361104
feat_bb_squeeze_20:1:SHORT:h24,SPOT,feat_bb_squeeze_20,1,SHORT,8791,-0.0026343221253123114,-0.006800019998000222,0.23353429643954043,-13.795798956819931,0.0,False,24,2790,-0.00300138034567754,0.2172043010752688,2931,-0.0026618152312795694,0.22517911975435004,3070,-0.0022744932235504146,0.2563517915309446
feat_time_since_high_20:2:SHORT:h24,SPOT,feat_time_since_high_20,2,SHORT,7978,-0.0026343863247846495,-0.00460617343410397,0.2286287290047631,-12.66398469643572,0.0,False,24,2666,-0.0019268109014885547,0.23893473368342086,2652,-0.003666209042919658,0.2096530920060332,2660,-0.00231483829095508,0.23721804511278197
feat_range_pos_20:0:SHORT:h24,SPOT,feat_range_pos_20,0,SHORT,10796,-0.0026432692943823945,-0.005609511820187535,0.24777695442756575,-14.671728908130511,0.0,False,24,3414,-0.003565910454258992,0.23140011716461628,3935,-0.0016174353185368347,0.26581956797966966,3447,-0.0029005248137132836,0.24340005802146794
feat_asia_vol:0:SHORT:h24,SPOT,feat_asia_vol,0,SHORT,20919,-0.0026501812357455877,-0.005937728937728915,0.2614847746068168,-16.296710004837358,0.0,False,24,458,-0.010885206678172821,0.30131004366812225,10228,-0.0026782280668454198,0.2461869378177552,10233,-0.002253571772135624,0.2749926707710349
feat_vwap_lower_dist:1:SHORT:h24,SPOT,feat_vwap_lower_dist,1,SHORT,9964,-0.0026616453069697047,-0.005755675523096473,0.24407868325973506,-12.606043450060175,0.0,False,24,3230,-0.0018325980559630187,0.2671826625386997,3478,-0.00351987946512081,0.22426682001150086,3256,-0.002567322278315544,0.24232186732186733
feat_bb_width_20:0:SHORT:h24,SPOT,feat_bb_width_20,0,SHORT,11574,-0.0026688501088829,-0.005101713539323543,0.2642992915154657,-11.56969020396578,0.0,False,24,3624,-0.002723767647530877,0.27124724061810157,4320,-0.002022758003487279,0.2625,3630,-0.0033829263444886326,0.25950413223140495
feat_range_pos_20:2:SHORT:h24,SPOT,feat_range_pos_20,2,SHORT,8317,-0.002677013238953801,-0.006957767168563986,0.2598292653601058,-11.10652615182508,0.0,False,24,2702,-0.002747074391789819,0.2394522575869726,2670,-0.005114786352043681,0.20411985018726592,2945,-0.0004025957697134254,0.32903225806451614
feat_kc_width:2:SHORT:h24,SPOT,feat_kc_width,2,SHORT,7439,-0.0027614051365294884,-0.007206067598494402,0.26508939373571716,-10.78352413321325,0.0,False,24,2078,-0.002917305249323208,0.24254090471607315,2018,-0.0021237541605466665,0.2641228939544103,3343,-0.003049415676507947,0.2796889021836674
feat_atr_percent:2:SHORT:h24,SPOT,feat_atr_percent,2,SHORT,7351,-0.0028344241782500214,-0.007363361246994421,0.2656781390287036,-11.03520844729309,0.0,False,24,2051,-0.0029816366014521105,0.24280838615309605,1979,-0.0021449631191362154,0.2637695805962607,3321,-0.0031543611719262433,0.2809394760614273
feat_vol_trend:0:SHORT:h24,SPOT,feat_vol_trend,0,SHORT,13229,-0.0028525867158376117,-0.005854059609455314,0.24189281124801573,-16.53264440222976,0.0,False,24,4146,-0.004036743394018905,0.21828268210323204,4511,-0.0023225250235404085,0.2560407891819996,4572,-0.002301754411859712,0.24934383202099739
feat_rsi_divergence:2:SHORT:h24,SPOT,feat_rsi_divergence,2,SHORT,10411,-0.0028539613113867197,-0.00677616196179079,0.22341753914129286,-16.355344331712907,0.0,False,24,3253,-0.0025312394765125037,0.2127267138026437,3459,-0.0039625452890780415,0.20439433362243423,3699,-0.0021011151772995455,0.25060827250608275
feat_vol_of_vol:1:SHORT:h24,SPOT,feat_vol_of_vol,1,SHORT,10574,-0.0028573438638276574,-0.006474521577570051,0.25269529033478344,-13.012878141626464,0.0,False,24,3443,-0.0027481268143276015,0.24252105721754283,3685,-0.0031945065332706093,0.24748982360922658,3446,-0.0026059189841211605,0.2684271619268717
feat_price_accel:2:SHORT:h24,SPOT,feat_price_accel,2,SHORT,7455,-0.0028749985102444328,-0.007726572613379555,0.25539906103286386,-13.221648832668098,0.0,False,24,2075,-0.0036700741163559997,0.2419277108433735,2841,-0.003131184512936458,0.229848644843365,2539,-0.001938564356510858,0.2949980307207562
feat_realized_vol_20:2:SHORT:h24,SPOT,feat_realized_vol_20,2,SHORT,7953,-0.0028756428079040365,-0.007058970218506621,0.2593989689425374,-11.553590485276889,0.0,False,24,2720,-0.002464504937917532,0.24669117647058825,2402,-0.0026993038827275934,0.2597835137385512,2831,-0.0034202776029012482,0.27128223242670435
feat_adx_14:2:SHORT:h24,SPOT,feat_adx_14,2,SHORT,8500,-0.0028891579385394417,-0.006941029065771742,0.2451764705882353,-14.884979031011492,0.0,False,24,2962,-0.0028123978493653024,0.24949358541525996,2746,-0.004287666433449562,0.19410050983248361,2792,-0.0015951246495389442,0.29083094555873923
feat_vol_trend:1:SHORT:h24,SPOT,feat_vol_trend,1,SHORT,7681,-0.0029067723967589913,-0.005101466828381299,0.2654602265330035,-9.89296402419819,0.0,False,24,2528,-0.002029020397133574,0.2875791139240506,2727,-0.0017068616413454276,0.27099376604327097,2426,-0.0051702157953846485,0.23619126133553173
feat_trend_neutral:1:SHORT:h24,SPOT,feat_trend_neutral,1,SHORT,7069,-0.0029210069392562425,-0.005218148738909296,0.24218418446739284,-14.590656329762963,0.0,False,24,2316,-0.003110196988157721,0.21632124352331605,2496,-0.0030949671445065626,0.2299679487179487,2257,-0.0025344899585027537,0.282233052724856
feat_ext_strength:1:SHORT:h24,SPOT,feat_ext_strength,1,SHORT,8806,-0.0029430914212806776,-0.0053630479349502345,0.26640926640926643,-10.847139039072607,0.0,False,24,3121,-0.002091806561204044,0.27395065684075615,2932,-0.0019449887364117176,0.2837653478854025,2753,-0.0049711688351328255,0.23937522702506356
feat_ext_vs_ma_20:1:SHORT:h24,SPOT,feat_ext_vs_ma_20,1,SHORT,10055,-0.002953041463522515,-0.00486815672756182,0.2733963202386872,-11.61406900858616,0.0,False,24,3691,-0.0023025568208509487,0.2855594689785966,3205,-0.002705008191257314,0.2686427457098284,3159,-0.003964717770490139,0.26400759734093066
feat_ret_vol:0:SHORT:h24,SPOT,feat_ret_vol,0,SHORT,13239,-0.0029555875953597914,-0.005999192504211452,0.23589394969408567,-16.931832719690256,0.0,False,24,4297,-0.0038401082012017515,0.21805911100767977,4488,-0.0025576246783285015,0.24220142602495542,4454,-0.0025032464477023003,0.24674449932644812
feat_vol_breakout_strength:2:SHORT:h24,SPOT,feat_vol_breakout_strength,2,SHORT,7831,-0.002967091622594439,-0.00792203648007822,0.25513982888519987,-13.631819768944897,0.0,False,24,1813,-0.003331161392377565,0.23772752344180917,3595,-0.003676466461038911,0.2336578581363004,2423,-0.001642179927660604,0.3000412711514651
feat_trend_strength_20:1:SHORT:h24,SPOT,feat_trend_strength_20,1,SHORT,9661,-0.003020423493240595,-0.005816568047337409,0.2550460614843184,-14.102397865664285,0.0,False,24,3267,-0.0031978260904484334,0.24242424242424243,3324,-0.003174426538164004,0.24879663056558363,3070,-0.0026648924162362224,0.2752442996742671
feat_ret_3:2:SHORT:h24,SPOT,feat_ret_3,2,SHORT,7835,-0.0030306879682453157,-0.007761409850881157,0.2488832163369496,-14.181065071608462,0.0,False,24,2225,-0.003986127229218852,0.21662921348314607,2916,-0.003714737970498767,0.23079561042524005,2694,-0.0015011622955514849,0.2951002227171492
feat_bb_width_20:2:SHORT:h24,SPOT,feat_bb_width_20,2,SHORT,8761,-0.0030675590178921982,-0.007008710801393721,0.25111288665677434,-13.659777416582202,0.0,False,24,3029,-0.002793343847719089,0.24694618686034994,2455,-0.004462518092032012,0.2224032586558045,3277,-0.002275973184337457,0.2764723832773879
feat_price_accel:1:SHORT:h24,SPOT,feat_price_accel,1,SHORT,6624,-0.0030767373840798018,-0.008386741475895652,0.2463768115942029,-14.021390271707308,0.0,False,24,2583,-0.003195544376998717,0.2326751838946961,1797,-0.00284687317239987,0.24040066777963273,2244,-0.003124058028321904,0.266934046345811
feat_vol_sma_ratio:2:SHORT:h24,SPOT,feat_vol_sma_ratio,2,SHORT,7666,-0.0031731831626951603,-0.007953893225547301,0.24732585442212365,-15.072981951680685,0.0,False,24,1703,-0.0036602874107346255,0.21667645331767468,3667,-0.0035772368302456957,0.23725115898554677,2296,-0.002166561501841926,0.28614982578397213
feat_trend_slope_20:0:SHORT:h24,SPOT,feat_trend_slope_20,0,SHORT,10935,-0.00318130466431486,-0.006146249528835313,0.22706904435299496,-18.638670688008954,0.0,False,24,3287,-0.003920329874584033,0.20383328262853667,3837,-0.002514330229738541,0.24889236382590565,3811,-0.003215417768307135,0.22513775911834163
feat_ret_10:1:SHORT:h24,SPOT,feat_ret_10,1,SHORT,9267,-0.0032096224465378207,-0.006005340453938529,0.26049422682637313,-12.802891542794145,0.0,False,24,3587,-0.0026864613702284774,0.2614998606077502,2922,-0.0030942690328456864,0.26351813826146475,2758,-0.004012248064931596,0.25598259608411894
feat_rsi_14:0:SHORT:h24,SPOT,feat_rsi_14,0,SHORT,11983,-0.0032111255033407463,-0.005766741071428524,0.24234331970291245,-17.797555821666478,0.0,False,24,3863,-0.003541454037675692,0.23893347139528864,4203,-0.0024330880031661044,0.2491077801570307,3917,-0.003720196855165644,0.23844779167730407
feat_cci_20:1:SHORT:h24,SPOT,feat_cci_20,1,SHORT,9527,-0.0032220666150802988,-0.005248576241276969,0.27311850530072423,-12.153420980027601,0.0,False,24,3686,-0.002718595766024189,0.28377645143787306,3077,-0.002719350512163439,0.26649333766655836,2764,-0.004453127034145423,0.2662807525325615
feat_ext_vs_ma_10:1:SHORT:h24,SPOT,feat_ext_vs_ma_10,1,SHORT,8837,-0.003224703889891388,-0.00602033079198435,0.2547244540002263,-14.08358975172338,0.0,False,24,3567,-0.0022368359831248003,0.2593215587328287,2579,-0.0036586244092615045,0.24544397053121364,2691,-0.00411829133098425,0.25752508361204013
feat_ret_3:1:SHORT:h24,SPOT,feat_ret_3,1,SHORT,6955,-0.0032472286900090846,-0.007988734419942512,0.23767074047447878,-15.761066801721988,0.0,False,24,2782,-0.003354391413137279,0.2282530553558591,1822,-0.0030541512176433467,0.23765093304061471,2351,-0.003270053215278219,0.24883028498511273
feat_rsi_7:0:SHORT:h24,SPOT,feat_rsi_7,0,SHORT,11701,-0.003276823622726319,-0.005761334153582772,0.2463891975044868,-17.333866219509808,0.0,False,24,3856,-0.003949428829789511,0.2404045643153527,4040,-0.0023682698963615766,0.25024752475247525,3805,-0.003559869976491863,0.2483574244415243
feat_atr_percent:0:SHORT:h24,PERP,feat_atr_percent,0,SHORT,11392,-0.002860913895067429,-0.01282923749740738,0.28221558988764045,-8.767394055320747,0.0,False,24,3591,-0.0028314940010916397,0.28961292119186854,4567,-0.0024694990057930167,0.27173199036566675,3234,-0.00344633091380067,0.2888064316635745
feat_ret_sign_streak:2:SHORT:h24,SPOT,feat_ret_sign_streak,2,SHORT,4702,-0.0033348032329401003,-0.008296333917399121,0.24904296044236496,-12.365341961052026,0.0,False,24,1280,-0.0042664113353274935,0.215625,1844,-0.003403960744248696,0.24023861171366595,1578,-0.0024983109503615734,0.2864385297845374
feat_overnight_ret:2:SHORT:h24,SPOT,feat_overnight_ret,2,SHORT,6387,-0.0034116223153734175,-0.008472421585914023,0.24909973383435102,-14.838979609327179,0.0,False,24,1886,-0.004650467461850982,0.21474019088016968,2346,-0.0034667690454569374,0.24083546462063085,2155,-0.0022673827909963306,0.2881670533642691
feat_kc_width:0:SHORT:h24,PERP,feat_kc_width,0,SHORT,11500,-0.0028304997756129716,-0.012820865369009005,0.28356521739130436,-8.695756328070997,0.0,False,24,3620,-0.00259907475715195,0.29392265193370165,4614,-0.002526903869741404,0.270914607715648,3266,-0.0035159100868561786,0.2899571341090018
feat_rsi_21:0:SHORT:h24,SPOT,feat_rsi_21,0,SHORT,12124,-0.0034424186377834307,-0.005821033494089411,0.23523589574397888,-19.522027605548637,0.0,False,24,3915,-0.003639317492571313,0.23780332056194126,4244,-0.0027056781065067288,0.24104618284637136,3965,-0.004036584538979839,0.22648171500630518
feat_ret_20:0:SHORT:h24,SPOT,feat_ret_20,0,SHORT,11661,-0.0034591306281840247,-0.006423598661204309,0.22193636909355974,-18.400061586065885,0.0,False,24,3660,-0.004519516457565305,0.20191256830601093,4072,-0.0028076538912045223,0.23477406679764243,3929,-0.003146532292079429,0.22728429625858998
feat_ret_1:2:SHORT:h24,SPOT,feat_ret_1,2,SHORT,6247,-0.0034830425586303195,-0.008632111163241005,0.25612293901072514,-14.61876221317254,0.0,False,24,1756,-0.004421272431959644,0.22835990888382687,2397,-0.0040910562141917885,0.23195661243220692,2094,-0.0020002630027816416,0.30706781279847184
feat_trend_strength_20:0:SHORT:h24,SPOT,feat_trend_strength_20,0,SHORT,9617,-0.003499103573194122,-0.005852986431668765,0.2539253405427888,-13.443771239988127,0.0,False,24,3230,-0.0036595898524376547,0.25263157894736843,3488,-0.0020533678169450055,0.2717889908256881,2899,-0.005059764365136277,0.23387374956881685
feat_vol_regime:0:SHORT:h24,PERP,feat_vol_regime,0,SHORT,9086,-0.002825219191716201,-0.013234381708378293,0.2889060092449923,-7.376874659497482,1.6209256159527285e-13,False,24,2612,-0.0004981004566143569,0.31202143950995403,3377,-0.0011876385120739234,0.3002665087355641,3097,-0.006573538239581228,0.25702292541168875
feat_vol_contraction:0:SHORT:h24,PERP,feat_vol_contraction,0,SHORT,9086,-0.002825219191716201,-0.013234381708378293,0.2889060092449923,-7.376874659497482,1.6209256159527285e-13,False,24,2612,-0.0004981004566143569,0.31202143950995403,3377,-0.0011876385120739234,0.3002665087355641,3097,-0.006573538239581228,0.25702292541168875
feat_ret_5:1:SHORT:h24,SPOT,feat_ret_5,1,SHORT,7338,-0.003630511916045284,-0.007648249734561255,0.23126192423003544,-18.56911209231668,0.0,False,24,2952,-0.0032495265440256986,0.23373983739837398,2145,-0.0039410490189848695,0.2153846153846154,2241,-0.0038351378564274365,0.24319500223114682
feat_price_roc_5:1:SHORT:h24,SPOT,feat_price_roc_5,1,SHORT,7338,-0.003630511916045284,-0.007648249734561255,0.23126192423003544,-18.56911209231668,0.0,False,24,2952,-0.0032495265440256986,0.23373983739837398,2145,-0.0039410490189848695,0.2153846153846154,2241,-0.0038351378564274365,0.24319500223114682
feat_vol_breakout:2:SHORT:h24,SPOT,feat_vol_breakout,2,SHORT,6157,-0.0036338296469712915,-0.00937178516538838,0.25028422933246713,-14.11551670628659,0.0,False,24,1606,-0.0043241906480308324,0.20610211706102116,2392,-0.005359370599418242,0.20819397993311037,2159,-0.0012085338035462204,0.32978230662343677
feat_ema_cross_10_20:0:SHORT:h24,SPOT,feat_ema_cross_10_20,0,SHORT,12124,-0.0036648970013366416,-0.006256411983631178,0.2217914879577697,-22.155762559936974,0.0,False,24,3805,-0.0043447505368503616,0.20709592641261498,4103,-0.0031866624791887983,0.22666341701194248,4216,-0.0035167360767026042,0.23031309297912714
feat_gap:2:SHORT:h24,SPOT,feat_gap,2,SHORT,6377,-0.003724701898496884,-0.008720509470282621,0.24290418692175003,-16.849574250237353,0.0,False,24,1895,-0.004785882288530705,0.21213720316622692,2386,-0.0035338600142198247,0.23763621123218776,2096,-0.0029825320019181488,0.2767175572519084
feat_close_pos_ma:0:SHORT:h24,SPOT,feat_close_pos_ma,0,SHORT,2453,-0.003730522837708407,-0.010567652224915023,0.308194048104362,-10.41081723676442,0.0,False,24,940,-0.004109889298093613,0.298936170212766,844,-0.003076741514060936,0.31398104265402843,669,-0.004022282126791175,0.31390134529147984
feat_vol_of_vol:2:SHORT:h24,SPOT,feat_vol_of_vol,2,SHORT,8716,-0.0037497113281681695,-0.0063216163191882856,0.23852684717760442,-16.255872865689767,0.0,False,24,2778,-0.004698508536713258,0.21706263498920086,2590,-0.0035634823187860746,0.22972972972972974,3348,-0.003106513744225926,0.263142174432497
feat_time_since_low_20:0:SHORT:h24,SPOT,feat_time_since_low_20,0,SHORT,12924,-0.0038170262823145245,-0.006105377481556444,0.24334571340142372,-17.918422737190234,0.0,False,24,3672,-0.0046058145064409245,0.2369281045751634,4674,-0.003042558672672043,0.24668378262729995,4578,-0.003975049709242621,0.24508519003931847
feat_rsi_divergence:1:SHORT:h24,SPOT,feat_rsi_divergence,1,SHORT,10460,-0.003881318300387086,-0.005729796933278096,0.2681644359464627,-14.238743262972655,0.0,False,24,3791,-0.0031687473709134987,0.2722236876813506,3441,-0.00435385852045615,0.25893635571054924,3228,-0.0042144488754728105,0.2732342007434944
feat_ext_vs_ma_50:0:SHORT:h24,SPOT,feat_ext_vs_ma_50,0,SHORT,10724,-0.003929597205042255,-0.00630941607412198,0.21055576277508392,-21.469399161931516,0.0,False,24,3413,-0.004368073460031156,0.2018751831233519,3673,-0.003235657712110034,0.22352300571739722,3638,-0.004218855121277255,0.205607476635514
feat_range_expansion:2:SHORT:h24,SPOT,feat_range_expansion,2,SHORT,5878,-0.003975359051619239,-0.009666119248584102,0.2502551888397414,-16.44524879856288,0.0,False,24,1311,-0.003912433262111097,0.2425629290617849,3024,-0.004643995341509378,0.23015873015873015,1543,-0.002718417748584499,0.2961762799740765
feat_hl_range:2:SHORT:h24,SPOT,feat_hl_range,2,SHORT,5225,-0.004028427809861933,-0.010103448275862034,0.26047846889952153,-13.934573150838128,0.0,False,24,1099,-0.0050018196206756465,0.22929936305732485,2510,-0.0044735608016725804,0.23824701195219122,1616,-0.0026750606009949794,0.3162128712871287
feat_range_pos_50:0:SHORT:h24,SPOT,feat_range_pos_50,0,SHORT,10704,-0.004089918175345901,-0.0063136669991565135,0.21449925261584454,-21.847357919851145,0.0,False,24,3495,-0.0043301071462025515,0.20858369098712445,3561,-0.0031115445527087945,0.2302723953945521,3648,-0.004814843618620776,0.20476973684210525
feat_macd_12_26:0:SHORT:h24,SPOT,feat_macd_12_26,0,SHORT,12559,-0.004144941803233027,-0.0064702175316047345,0.21283541683255036,-25.437199863410438,0.0,False,24,4039,-0.004623377366099391,0.1995543451349344,4150,-0.0038637811277888153,0.2166265060240964,4370,-0.003969750856934684,0.22151029748283751
feat_gap_fill_ratio:0:SHORT:h24,SPOT,feat_gap_fill_ratio,0,SHORT,5347,-0.0041515577276011245,-0.009451335600635767,0.24144380026182907,-16.262374438342853,0.0,False,24,1535,-0.005502653529923491,0.20390879478827362,2117,-0.0036065761825346525,0.23618327822390175,1695,-0.0036086632581857196,0.2820058997050148
feat_vol_roc_20:0:SHORT:h24,SPOT,feat_vol_roc_20,0,SHORT,5097,-0.0042857921770444035,-0.009094972067039107,0.22503433392191485,-17.949223446928766,0.0,False,24,2383,-0.0045514712972877045,0.22282836760386068,1545,-0.0032908331434635314,0.22524271844660193,1169,-0.005059186842008182,0.2292557741659538
feat_vol_roc_20:1:SHORT:h24,SPOT,feat_vol_roc_20,1,SHORT,4054,-0.004286926088322634,-0.01045164374105311,0.25949679329057723,-15.076039923112743,0.0,False,24,1306,-0.005186192718767732,0.24196018376722817,1626,-0.00363378980872756,0.2521525215252153,1122,-0.004186709841674049,0.2905525846702317
feat_session_mom:2:SHORT:h24,SPOT,feat_session_mom,2,SHORT,5193,-0.004314113780808968,-0.010184270645992267,0.25900250336992103,-16.647758572829737,0.0,False,24,1487,-0.005023088544006267,0.23066577000672495,2051,-0.0045550074794864885,0.24085811799122378,1655,-0.0033785739325539964,0.30694864048338366
feat_squeeze:0:SHORT:h24,PERP,feat_squeeze,0,SHORT,9582,-0.0032029391700498797,-0.013299368725789086,0.2798998121477771,-8.89688117102821,0.0,False,24,2859,-0.0010486357579719977,0.3196922000699545,3911,-0.0027265480203483065,0.2682178470979289,2812,-0.006055826524819977,0.25568990042674256
feat_vol_sma_ratio:1:SHORT:h24,SPOT,feat_vol_sma_ratio,1,SHORT,5005,-0.004444889485170011,-0.010111553169299703,0.25094905094905096,-17.730483992196714,0.0,False,24,1472,-0.0051298692251323455,0.23505434782608695,1752,-0.004172107406498106,0.23230593607305935,1781,-0.004147092755584735,0.2824256035934868
feat_vol_breakout_strength:1:SHORT:h24,SPOT,feat_vol_breakout_strength,1,SHORT,5322,-0.004449414366326972,-0.01004769933147246,0.25366403607666294,-18.847799431890287,0.0,False,24,1617,-0.005245878018403371,0.2300556586270872,1779,-0.004388282808731422,0.23102866779089376,1926,-0.003837198019263081,0.29439252336448596
feat_hl_range:1:SHORT:h24,SPOT,feat_hl_range,1,SHORT,4054,-0.004536376827689609,-0.010571244041706594,0.2691169215589541,-17.433834847249077,0.0,False,24,1222,-0.005413835266383532,0.24386252045826515,1434,-0.005307594431215123,0.2315202231520223,1398,-0.0029783079753723275,0.32975679542203146
feat_atr_ratio:0:SHORT:h24,PERP,feat_atr_ratio,0,SHORT,9298,-0.0037026597106135637,-0.013279689235695138,0.2726392772639277,-10.132300441744317,0.0,False,24,2903,-0.002522977692986356,0.2959007922838443,4110,-0.0027197921284193138,0.2761557177615572,2285,-0.006969269189821512,0.23676148796498905
feat_session_mom:1:SHORT:h24,SPOT,feat_session_mom,1,SHORT,2054,-0.0049261324729927315,-0.01056991344409795,0.25949367088607594,-13.025313849895285,0.0,False,24,669,-0.006281344321194882,0.22122571001494767,665,-0.003122000667800308,0.3007518796992481,720,-0.005333230978556237,0.2569444444444444
feat_vol_roc_20:2:SHORT:h24,SPOT,feat_vol_roc_20,2,SHORT,4416,-0.004986250357780525,-0.010464910573147683,0.2502264492753623,-18.458561288072367,0.0,False,24,1051,-0.005567806847758632,0.20837297811607994,1743,-0.005283707199711641,0.23350545037292025,1622,-0.0042897749284014075,0.29531442663378543
feat_vol_breakout:1:SHORT:h24,SPOT,feat_vol_breakout,1,SHORT,3746,-0.0050307301999602625,-0.009873286224820386,0.22824345969033635,-20.32313786228233,0.0,False,24,1695,-0.00539766248400685,0.21946902654867256,747,-0.003797754364144712,0.23293172690763053,1304,-0.005260088120125332,0.23696319018404907
feat_range_expansion:1:SHORT:h24,SPOT,feat_range_expansion,1,SHORT,3676,-0.005055512776240067,-0.010728546951552122,0.25489662676822633,-17.93190082966849,0.0,False,24,1127,-0.005862396068886316,0.2315882874889086,1259,-0.004913324217585487,0.2398729150119142,1290,-0.004489356128591843,0.289922480620155
feat_gap_fill_ratio:2:SHORT:h24,SPOT,feat_gap_fill_ratio,2,SHORT,2716,-0.005104663932481665,-0.01059009497295477,0.23932253313696614,-15.473470898633257,0.0,False,24,663,-0.004240225611760888,0.25339366515837103,1172,-0.0057089674032790695,0.21331058020477817,881,-0.0049512915588872455,0.2633371169125993
feat_intraday_mom:2:SHORT:h24,SPOT,feat_intraday_mom,2,SHORT,3447,-0.005133953745739766,-0.010900545587796252,0.24978241949521324,-16.810834666500934,0.0,False,24,1061,-0.004997834849373581,0.236569274269557,1262,-0.005542633502952009,0.22820919175911253,1124,-0.004803587460546413,0.28647686832740216
feat_ret_sign_streak:1:SHORT:h24,SPOT,feat_ret_sign_streak,1,SHORT,4209,-0.005150452701176188,-0.010164826816335381,0.23711095272036112,-20.609342214410606,0.0,False,24,1515,-0.006095500635177858,0.21122112211221122,1262,-0.004808898568193763,0.22900158478605387,1432,-0.0044516354496477615,0.27164804469273746
feat_ret_1:1:SHORT:h24,PERP,feat_ret_1,1,SHORT,10188,-0.004779021583791823,-0.014593512275426698,0.29642716921868867,-13.529947708604826,0.0,False,24,3574,-0.00566452086641573,0.28987129266927814,3213,-0.0032034700317553786,0.30127606598194834,3401,-0.00533693769687481,0.2987356659805939
feat_buy_vol_ratio:0:SHORT:h24,SPOT,feat_buy_vol_ratio,0,SHORT,3710,-0.005171298481196811,-0.010905466472585284,0.24716981132075472,-17.920767271960997,0.0,False,24,1216,-0.005681027733935539,0.23355263157894737,1231,-0.005233146416696052,0.22908204711616573,1263,-0.004620256850215135,0.27790973871733965
feat_close_position:0:SHORT:h24,SPOT,feat_close_position,0,SHORT,3710,-0.005171298481196811,-0.010905466472585284,0.24716981132075472,-17.920767271960997,0.0,False,24,1216,-0.005681027733935539,0.23355263157894737,1231,-0.005233146416696052,0.22908204711616573,1263,-0.004620256850215135,0.27790973871733965
feat_buy_vol_ratio:1:SHORT:h24,SPOT,feat_buy_vol_ratio,1,SHORT,3723,-0.005190887268298591,-0.01089097232134739,0.24979854955680902,-17.551798263186395,0.0,False,24,1001,-0.005501540177452866,0.24275724275724275,1482,-0.00481890704807782,0.242914979757085,1240,-0.0053846865620919395,0.26370967741935486
feat_close_position:1:SHORT:h24,SPOT,feat_close_position,1,SHORT,3723,-0.005190887268298591,-0.01089097232134739,0.24979854955680902,-17.551798263186395,0.0,False,24,1001,-0.005501540177452866,0.24275724275724275,1482,-0.00481890704807782,0.242914979757085,1240,-0.0053846865620919395,0.26370967741935486
feat_intraday_mom:0:SHORT:h24,SPOT,feat_intraday_mom,0,SHORT,3711,-0.005202123942461099,-0.010818137048191245,0.24575586095392077,-18.563556822534338,0.0,False,24,1137,-0.005728226251921731,0.23922603342128407,1292,-0.0055781833102047755,0.21981424148606812,1282,-0.004356533436235228,0.27769110764430577
feat_buy_vol_ratio:2:SHORT:h24,SPOT,feat_buy_vol_ratio,2,SHORT,3065,-0.0052733544627266175,-0.0110348354106744,0.25513866231647636,-17.251270887352398,0.0,False,24,957,-0.006269005637913825,0.21212121212121213,1118,-0.005428535232690889,0.2522361359570662,990,-0.004135647113762766,0.3
feat_close_position:2:SHORT:h24,SPOT,feat_close_position,2,SHORT,3065,-0.0052733544627266175,-0.0110348354106744,0.25513866231647636,-17.251270887352398,0.0,False,24,957,-0.006269005637913825,0.21212121212121213,1118,-0.005428535232690889,0.2522361359570662,990,-0.004135647113762766,0.3
feat_intraday_mom:1:SHORT:h24,SPOT,feat_intraday_mom,1,SHORT,3340,-0.005291078317764908,-0.01105481605886801,0.2562874251497006,-17.274367852787236,0.0,False,24,976,-0.006761182186433492,0.21209016393442623,1277,-0.00426852745250006,0.27564604541895066,1087,-0.005172381058448138,0.2732290708371665
feat_asia_range:2:SHORT:h24,SPOT,feat_asia_range,2,SHORT,3595,-0.005338976284231984,-0.010511324813361986,0.23198887343532684,-18.678631271143317,0.0,False,24,3595,-0.005338976284231984,0.23198887343532684,0,0.0,0.0,0,0.0,0.0
feat_close_pos_ma:1:SHORT:h24,SPOT,feat_close_pos_ma,1,SHORT,2246,-0.005429636132461353,-0.01145360780089928,0.25022261798753337,-14.163216573401577,0.0,False,24,671,-0.006702775663753304,0.21311475409836064,725,-0.004291211206673766,0.27034482758620687,850,-0.005395614303872059,0.26235294117647057
feat_gap_fill_ratio:1:SHORT:h24,SPOT,feat_gap_fill_ratio,1,SHORT,3623,-0.00558477358465018,-0.010601211222029661,0.23654430030361578,-20.47430953782499,0.0,False,24,1322,-0.006974304090526607,0.20121028744326777,1034,-0.004480613038575796,0.24564796905222436,1267,-0.005036030629537533,0.265982636148382
feat_overnight_ret:1:SHORT:h24,SPOT,feat_overnight_ret,1,SHORT,3470,-0.005594654834243505,-0.01030185904424107,0.23285302593659943,-20.892945250855114,0.0,False,24,1248,-0.00593635350460659,0.21233974358974358,1029,-0.005893843269579807,0.21574344023323616,1193,-0.004979143651867825,0.26906957250628666
feat_gap:1:SHORT:h24,SPOT,feat_gap,1,SHORT,3128,-0.0058537941580237085,-0.01059961733180399,0.23369565217391305,-19.439182565406238,0.0,False,24,1126,-0.006322992109739991,0.20959147424511546,883,-0.005842049977111104,0.2287655719139298,1119,-0.00539092840119913,0.26184092940125114
feat_close_pos_ma:2:SHORT:h24,SPOT,feat_close_pos_ma,2,SHORT,2166,-0.0062363128291280405,-0.012408649515081537,0.24653739612188366,-15.761207279451874,0.0,False,24,452,-0.007883599049101684,0.19247787610619468,747,-0.006991708208633677,0.21954484605087016,967,-0.004882792953307154,0.29265770423991727
feat_time_since_low_20:2:LONG:h15,SPOT,feat_time_since_low_20,2,LONG,3848,0.00600139526924649,-0.0021605385237099223,0.32224532224532226,12.173172079594003,0.0,True,15,1364,0.005814570567633267,0.2932551319648094,1253,0.00676928588771706,0.35514764565043894,1231,0.0054267908403730645,0.32087733549959385
feat_ext_vs_ma_20:2:LONG:h15,PERP,feat_ext_vs_ma_20,2,LONG,9277,0.007918358777954932,-0.005636326102266041,0.4617872156947289,15.609390286118012,0.0,True,15,2906,0.010740031360790839,0.5027529249827942,3058,0.006285641580621786,0.43917593198168736,3313,0.0069503746740381235,0.4467250226380924
feat_ret_20:2:LONG:h15,PERP,feat_ret_20,2,LONG,9168,0.007966341071081677,-0.005223341351026107,0.46116928446771377,15.367520328991558,0.0,True,15,3059,0.009707093311032136,0.4776070611310886,2966,0.006740794741756855,0.4514497639919083,3143,0.0074286412017749515,0.45434298440979953
feat_trend_slope_20:2:LONG:h15,PERP,feat_trend_slope_20,2,LONG,9213,0.008409906003358078,-0.003834975817452838,0.470639314012808,16.29242521300886,0.0,True,15,3044,0.01062607007138303,0.49014454664914586,2822,0.008003849923764433,0.47909284195605956,3347,0.006736732066562531,0.445772333432925
feat_ret_10:2:LONG:h15,PERP,feat_ret_10,2,LONG,9456,0.0071321076714477944,-0.006513989326573339,0.4537859560067682,14.366159069267118,0.0,True,15,2869,0.009715658018414494,0.49355176019519,3174,0.0057645510136509455,0.4313169502205419,3413,0.00623214250484942,0.4412540287137416
feat_ext_strength:2:LONG:h15,PERP,feat_ext_strength,2,LONG,9824,0.00762243329969394,-0.005913998147974912,0.4566368078175896,15.499542401737916,0.0,True,15,3171,0.010162480203675833,0.48943550930305896,3129,0.006615260253787877,0.4522211569191435,3524,0.006231104051144988,0.431044267877412
feat_mean_rev_strength:0:LONG:h15,PERP,feat_mean_rev_strength,0,LONG,9388,0.007658421487144583,-0.00627022588732388,0.45622070728589686,15.627530915028828,0.0,True,15,2878,0.010338384572738451,0.5027797081306463,3101,0.006150165467523426,0.43502096098032894,3409,0.006767887065468445,0.43619829862129655
feat_bb_pos_20:2:LONG:h15,PERP,feat_bb_pos_20,2,LONG,9550,0.006891047259972628,-0.007381714108650021,0.4461780104712042,14.280463999304327,0.0,True,15,2906,0.009758401169518278,0.4889883000688231,3207,0.004884488684122062,0.41908325537885877,3437,0.006338967798702073,0.4352633110270585
feat_zscore_20:2:LONG:h15,PERP,feat_zscore_20,2,LONG,9550,0.006891047259972628,-0.007381714108650021,0.4461780104712042,14.280463999304327,0.0,True,15,2906,0.009758401169518278,0.4889883000688231,3207,0.004884488684122062,0.41908325537885877,3437,0.006338967798702073,0.4352633110270585
feat_cci_20:2:LONG:h15,PERP,feat_cci_20,2,LONG,9217,0.006805761021693716,-0.007354936662828012,0.4436367581642617,13.895192125702613,0.0,True,15,2861,0.009288407838669918,0.48060118839566585,3031,0.005501471836535266,0.42725173210161665,3325,0.005858527330519682,0.4267669172932331
feat_vol_trend:2:LONG:h15,PERP,feat_vol_trend,2,LONG,10421,0.00703782848651888,-0.0051444821731748466,0.460608386911045,14.799819379500844,0.0,True,15,3508,0.00930529646029967,0.4854618015963512,3210,0.006587115673396893,0.46261682242990654,3703,0.005280472417952467,0.4353227113151499
feat_ema_cross_10_20:2:LONG:h15,PERP,feat_ema_cross_10_20,2,LONG,9409,0.007162081242974637,-0.006481169619024552,0.4520140291210543,14.319943180971313,0.0,True,15,3073,0.008720920374550982,0.4728278555157826,3045,0.006442273760811701,0.4492610837438424,3291,0.006372503950921164,0.4351261014889091
feat_atr_norm_ext:2:LONG:h15,PERP,feat_atr_norm_ext,2,LONG,9379,0.007245908838974071,-0.006765542503473623,0.45068770657852647,14.905948599090937,0.0,True,15,2905,0.01029097208423189,0.4998278829604131,3167,0.005264253161633412,0.42500789390590465,3307,0.0064687678660874355,0.4321136982159057
feat_ret_vol:2:LONG:h15,PERP,feat_ret_vol,2,LONG,10467,0.006610821944297731,-0.00686706926193273,0.45094105283271235,13.88832010848954,0.0,True,15,3531,0.00831809650254024,0.46870574907958085,3398,0.005413962519025228,0.4393761035903473,3538,0.006056424505609676,0.44431882419446017
feat_ext_vs_ma_10:2:LONG:h15,PERP,feat_ext_vs_ma_10,2,LONG,9539,0.0059992768158058695,-0.008929226384037904,0.4337980920431911,12.318267081442755,0.0,True,15,3084,0.0085101548184688,0.4672503242542153,3185,0.003943565393320365,0.4021978021978022,3270,0.005633494895440077,0.43302752293577984
feat_ext_vs_ma_50:2:LONG:h15,PERP,feat_ext_vs_ma_50,2,LONG,8290,0.007003442722472871,-0.0075948688587106,0.44523522316043423,13.12537286489006,0.0,True,15,2702,0.008491530398584007,0.4655810510732791,2759,0.006263142313586194,0.4429140993113447,2829,0.006304141176791024,0.42806645457758924
feat_vwap_upper_dist:2:LONG:h15,PERP,feat_vwap_upper_dist,2,LONG,9231,0.007684220361431068,-0.005636326102266041,0.4613801321633626,15.180450079725432,0.0,True,15,2941,0.010905346569987453,0.5011900714042843,3097,0.005927686586756536,0.4436551501453019,3193,0.006421036183793327,0.4419041653617288
feat_vwap_dist:2:LONG:h15,PERP,feat_vwap_dist,2,LONG,9392,0.00735384921162715,-0.006511539871387273,0.4559199318568995,14.873027421517712,0.0,True,15,3015,0.010344661240417285,0.4961857379767827,3115,0.005744519072797205,0.4353130016051364,3262,0.006126309394230778,0.43838136112814224
feat_vwap_lower_dist:2:LONG:h15,PERP,feat_vwap_lower_dist,2,LONG,9548,0.007179308277647829,-0.0061504284546450684,0.45506912442396313,15.11653139645537,0.0,True,15,3196,0.00970619421213478,0.48936170212765956,2954,0.005483716808438951,0.4380501015572106,3398,0.006276674302786951,0.43761035903472634
feat_macd_12_26:2:LONG:h15,PERP,feat_macd_12_26,2,LONG,9926,0.005831311909114676,-0.008617492514915613,0.43582510578279265,11.884955922509056,0.0,True,15,3345,0.006745995024260466,0.44334828101644247,3157,0.00525108696457827,0.4374406081723155,3424,0.00547271235588418,0.4269859813084112
feat_williams_r_14:0:LONG:h15,PERP,feat_williams_r_14,0,LONG,9635,0.0056160889776004,-0.008206429875663038,0.4353918007265179,12.250868442595205,0.0,True,15,3095,0.007995347078243427,0.47302100161550886,3241,0.003592379430552247,0.4060475161987041,3299,0.005372087407577032,0.4289178538951197
feat_rsi_21:2:LONG:h15,PERP,feat_rsi_21,2,LONG,8754,0.006926608352790833,-0.007389604537744556,0.4493945624857208,13.65638468058629,0.0,True,15,2712,0.009536578226917463,0.4889380530973451,2975,0.005127223621734035,0.42789915966386555,3067,0.006364147079971316,0.43527877404629933
feat_stoch_d_14:2:LONG:h15,PERP,feat_stoch_d_14,2,LONG,9575,0.006455683235845147,-0.007164197700833005,0.44511749347258484,13.9385945459015,0.0,True,15,3050,0.009548357800364584,0.4901639344262295,3164,0.004503459911297732,0.4175094816687737,3361,0.00548697665360288,0.43022909848259444
feat_keltner_pos:2:LONG:h15,PERP,feat_keltner_pos,2,LONG,9392,0.006440007903147811,-0.008311306515004937,0.43899063032367974,13.340416722882107,0.0,True,15,2893,0.00906482170937598,0.4797787763567231,3258,0.004139964107332835,0.40699815837937386,3241,0.006409139759163574,0.4347423634680654
feat_vol_sma_ratio:0:LONG:h15,PERP,feat_vol_sma_ratio,0,LONG,9995,0.00412222198166055,-0.005262119104817377,0.4416208104052026,10.13979291777804,0.0,True,15,4556,0.004189000608370933,0.4457857769973661,2336,0.002699871106978346,0.4053938356164384,3103,0.005094947801823335,0.46277795681598455
feat_trend_neutral:0:LONG:h15,PERP,feat_trend_neutral,0,LONG,18950,0.004195845210370118,-0.009137234774007554,0.43308707124010554,12.105855432771634,0.0,True,15,6515,0.0051510722523120025,0.44481964696853415,5800,0.0038593476831221968,0.42810344827586205,6635,0.003552044378386178,0.42592313489073097
feat_asia_vol:2:LONG:h15,PERP,feat_asia_vol,2,LONG,9953,0.005432845321064071,-0.007110396197363966,0.44207776549783984,12.273823674985948,0.0,True,15,9953,0.005432845321064071,0.44207776549783984,0,0.0,0.0,0,0.0,0.0
feat_rsi_14:2:LONG:h15,PERP,feat_rsi_14,2,LONG,9122,0.006473888065645308,-0.007999931063035827,0.4437623328217496,13.234014324286004,0.0,True,15,2813,0.009279509851659765,0.48666903661571276,3124,0.0043261343844769465,0.41357234314980795,3185,0.006102575166402384,0.43547880690737834
feat_donchian_break:2:LONG:h15,PERP,feat_donchian_break,2,LONG,9689,0.006257173438502506,-0.007705157593123254,0.44400866962534835,13.330381944615258,0.0,True,15,3066,0.009388872416537183,0.482061317677756,3143,0.004480891520241654,0.41552656697422846,3480,0.005102307059893182,0.4362068965517241
feat_range_pos_20:2:LONG:h15,PERP,feat_range_pos_20,2,LONG,9406,0.006767198394331469,-0.0069106352296366465,0.4501382096534127,14.243597683161319,0.0,True,15,2969,0.00931318796639046,0.4883799259009768,3127,0.004994287513816357,0.42564758554525106,3310,0.006158391531469719,0.4389728096676737
feat_bb_width_20:2:LONG:h15,PERP,feat_bb_width_20,2,LONG,8331,0.0069698211512326065,-0.002520192717660111,0.47233225303084864,12.869234391478697,0.0,True,15,3116,0.006053824397132272,0.46662387676508343,2367,0.009785087885300383,0.4955640050697085,2848,0.005632219159040968,0.4592696629213483
feat_rsi_divergence:2:LONG:h15,PERP,feat_rsi_divergence,2,LONG,10309,0.005332277209484275,-0.00753949690966503,0.44145891939082355,12.27158987849733,0.0,True,15,3319,0.00646638194441219,0.4712262729737873,3563,0.004257754764590909,0.41818692113387596,3427,0.005351077867765371,0.4368252115552962
feat_range_expansion:0:LONG:h15,PERP,feat_range_expansion,0,LONG,10058,0.005131151181749116,-0.003760930432442248,0.457347385166037,12.202438225961709,0.0,True,15,4000,0.00555618877723639,0.4625,2271,0.004532318113177821,0.42580361074416556,3787,0.005041317412743655,0.4708212305254819
feat_vol_breakout_strength:0:LONG:h15,PERP,feat_vol_breakout_strength,0,LONG,9770,0.0033797628476305566,-0.00690394859946535,0.42589559877175026,8.43578701754246,0.0,True,15,4024,0.004490164921578372,0.44160039761431413,2583,0.0014408579073610446,0.38366240805265195,3163,0.003550465824282513,0.4404046791021182
feat_ret_5:2:LONG:h15,PERP,feat_ret_5,2,LONG,9495,0.005294067912759086,-0.00909162633752168,0.42938388625592416,11.077590364319748,0.0,True,15,3093,0.006971578924237923,0.45069511800840606,3156,0.0033267925340777736,0.3982889733840304,3246,0.0056083561249014695,0.43930991990141716
feat_price_roc_5:2:LONG:h15,PERP,feat_price_roc_5,2,LONG,9495,0.005294067912759086,-0.00909162633752168,0.42938388625592416,11.077590364319748,0.0,True,15,3093,0.006971578924237923,0.45069511800840606,3156,0.0033267925340777736,0.3982889733840304,3246,0.0056083561249014695,0.43930991990141716
feat_price_accel:0:LONG:h15,PERP,feat_price_accel,0,LONG,9977,0.004313294863093234,-0.008120216606498231,0.4311917410043099,9.69569064401003,0.0,True,15,3346,0.005453836934198458,0.4399282725642558,3286,0.002693249072135513,0.40931223371880704,3345,0.004763882815012212,0.4439461883408072
feat_vol_of_vol:2:LONG:h15,PERP,feat_vol_of_vol,2,LONG,8496,0.004691554477374176,-0.006029987098537547,0.4305555555555556,8.963268868203269,0.0,True,15,3062,0.004467710328849055,0.4232527759634226,2301,0.004019042173844431,0.4115601912212082,3133,0.00540424569767608,0.45164379189275455
feat_stoch_k_14:2:LONG:h15,PERP,feat_stoch_k_14,2,LONG,9648,0.005604654286900108,-0.008208885579314661,0.43532338308457713,12.238313542575744,0.0,True,15,3096,0.007975180022875856,0.4728682170542636,3248,0.0036108683876977963,0.4064039408866995,3304,0.005343355534487335,0.42857142857142855
feat_gap:0:LONG:h15,PERP,feat_gap,0,LONG,11428,0.0031788251061905816,-0.007436868041874659,0.42220861043052155,8.585678898181659,0.0,True,15,3981,0.003960132613479121,0.43607133885958305,3808,0.002376022830417063,0.4023109243697479,3639,0.0031641743448907428,0.42786479802143446
feat_realized_vol_20:1:LONG:h15,PERP,feat_realized_vol_20,1,LONG,9844,0.0043267365217527455,-0.0064941034022864925,0.44981714750101587,9.835669080834466,0.0,True,15,3507,0.006324106506717167,0.4893071000855432,3198,0.003752085762595939,0.42464040025015637,3139,0.002680657066675727,0.4313475629181268
feat_hour_utc:0:LONG:h15,PERP,feat_hour_utc,0,LONG,10272,0.004602639525855434,-0.008146213961638475,0.4312694704049844,10.62089847125598,0.0,True,15,10272,0.004602639525855434,0.4312694704049844,0,0.0,0.0,0,0.0,0.0
feat_realized_vol_20:2:LONG:h15,PERP,feat_realized_vol_20,2,LONG,7946,0.007672725640179308,-0.0024293499924453146,0.4692927258998238,13.237224305127809,0.0,True,15,2838,0.00845310438140721,0.46264975334742775,2386,0.006693518313649293,0.4430008382229673,2722,0.007717425792088136,0.49926524614254225
feat_time_since_high_20:2:LONG:h15,SPOT,feat_time_since_high_20,2,LONG,8089,0.00289691745985213,-0.002676851672790634,0.3379898627766102,10.961258405249561,0.0,True,15,2767,0.0034962294727963247,0.3216479942175641,2662,0.0033118106844573724,0.3643876784372652,2660,0.001858292608831173,0.32857142857142857
feat_vol_regime:1:LONG:h15,PERP,feat_vol_regime,1,LONG,9913,0.005968479793084471,-0.007808185396417336,0.44577827095732875,13.835270433119188,0.0,True,15,3363,0.007759612835624074,0.45792447219744276,3244,0.004905829665071384,0.42909987669543775,3306,0.0051891865665913564,0.4497882637628554
feat_vol_contraction:1:LONG:h15,PERP,feat_vol_contraction,1,LONG,9913,0.005968479793084471,-0.007808185396417336,0.44577827095732875,13.835270433119188,0.0,True,15,3363,0.007759612835624074,0.45792447219744276,3244,0.004905829665071384,0.42909987669543775,3306,0.0051891865665913564,0.4497882637628554
feat_ret_1:0:LONG:h15,PERP,feat_ret_1,0,LONG,10409,0.004396668578477815,-0.0074478467592087,0.4340474589297723,10.121822554152304,0.0,True,15,3354,0.0053092151143748195,0.4347048300536673,3473,0.0036779247305144427,0.4267204146271235,3582,0.004239079606556611,0.440536013400335
feat_trend_strength_20:2:LONG:h15,PERP,feat_trend_strength_20,2,LONG,10133,0.004874769500193518,-0.007435930860938167,0.43570512187900917,11.235861924422556,0.0,True,15,3339,0.004974316616643619,0.441749026654687,3160,0.00681645446674508,0.460126582278481,3634,0.0030948816861787075,0.4089157952669235
feat_overnight_ret:0:LONG:h15,PERP,feat_overnight_ret,0,LONG,11630,0.0032836897412222244,-0.007198207127487142,0.4252794496990542,8.770578224159177,0.0,True,15,4068,0.0040435094354013225,0.4365781710914454,3752,0.0027239844317142074,0.40751599147121537,3810,0.0030236025510262956,0.43070866141732284
feat_rsi_7:2:LONG:h15,PERP,feat_rsi_7,2,LONG,9493,0.004976879717552382,-0.009131214443498435,0.4239966290951227,10.602328329747062,0.0,True,15,3071,0.0068114936672515345,0.45229566916313907,3293,0.003439897844332862,0.39659884603704826,3129,0.004793812241996545,0.4250559284116331
feat_kc_width:1:LONG:h15,PERP,feat_kc_width,1,LONG,10461,0.003986615978385058,-0.008022240977206252,0.4384858044164038,9.738079747863885,0.0,True,15,3560,0.003942302950322981,0.44073033707865167,3273,0.0042963123327534455,0.43660250534677664,3628,0.003750705893504479,0.43798235942668134
feat_ret_sign_streak:0:LONG:h15,PERP,feat_ret_sign_streak,0,LONG,14630,0.004501922833385067,-0.007048026020639019,0.4343814080656186,12.541063695369784,0.0,True,15,4873,0.005792669271399338,0.44469525959367945,4831,0.003640175964190767,0.41875388118401985,4926,0.004070191557021713,0.43950466910272024
feat_time_since_high_20:0:LONG:h15,PERP,feat_time_since_high_20,0,LONG,10046,0.006964130205267772,-0.006513944098367018,0.45022894684451525,14.662135017231074,0.0,True,15,3045,0.009911975409796998,0.4912972085385878,3400,0.006187465451760012,0.43676470588235294,3601,0.005204749898168326,0.4282143848930853
feat_hl_range:0:LONG:h15,SPOT,feat_hl_range,0,LONG,22074,0.002668083755398921,-0.003214502942454369,0.30008154389779834,15.239514500969978,0.0,True,15,8165,0.0033696392050678323,0.30471524800979793,6363,0.002866462554344347,0.30143014301430143,7546,0.001741700963954923,0.2939305592366817
feat_range_pos_20:1:LONG:h15,PERP,feat_range_pos_20,1,LONG,9588,0.004319946151593265,-0.008158927940874933,0.4139549436795995,9.251245744471273,0.0,True,15,3342,0.0056026582214929975,0.4272890484739677,3014,0.0025040212147632505,0.3838752488387525,3232,0.004687017321766766,0.4282178217821782
feat_bb_width_20:1:LONG:h15,PERP,feat_bb_width_20,1,LONG,10071,0.004748352513209929,-0.005644958481613272,0.44881342468473834,11.083045990361176,0.0,True,15,3391,0.007708945457997047,0.4883515187260395,3279,0.0020411191315885878,0.40835620616041474,3401,0.004406584675092687,0.44839753013819467
feat_stoch_k_14:1:LONG:h15,PERP,feat_stoch_k_14,1,LONG,9603,0.004542746352794032,-0.008060658882341375,0.4199729251275643,9.932214584462143,0.0,True,15,3230,0.004735479050885485,0.41888544891640866,3108,0.0038305399030633663,0.3992921492921493,3265,0.005030039164716702,0.4407350689127106
feat_atr_percent:1:LONG:h15,PERP,feat_atr_percent,1,LONG,10537,0.00394188619422054,-0.008135372934345613,0.4380753535161811,9.706821654070847,0.0,True,15,3566,0.0036914218088124214,0.4371845204711161,3351,0.0038572887811880703,0.43479558340793795,3620,0.004266925401247379,0.4419889502762431
feat_range_pos_50:2:LONG:h15,PERP,feat_range_pos_50,2,LONG,8770,0.006235977891471939,-0.009362070214899904,0.42941847206385403,12.430015397920277,0.0,True,15,2846,0.007332786070420337,0.455024595924104,2864,0.006166403316387678,0.43191340782122906,3060,0.005280992762633432,0.40326797385620916
feat_squeeze:2:LONG:h15,PERP,feat_squeeze,2,LONG,9448,0.006117060436662335,-0.0026686743462140984,0.47068162574089756,12.23264187983362,0.0,True,15,3478,0.00633541614764616,0.48016101207590567,2499,0.009177649032805211,0.49379751900760305,3471,0.0036947463875229526,0.4445404782483434
feat_atr_percent:2:LONG:h15,PERP,feat_atr_percent,2,LONG,7880,0.008417941999817588,-0.0009,0.48654822335025383,13.663739202622446,0.0,True,15,2732,0.009945206463552816,0.49487554904831627,2049,0.009183559516874527,0.4719375305026842,3099,0.006565332510506746,0.4888673765730881
feat_donchian_break:1:LONG:h15,PERP,feat_donchian_break,1,LONG,9541,0.005089318068119759,-0.007492539724277764,0.4253222932606645,11.057006135245441,0.0,True,15,3171,0.005261670765457725,0.4380321665089877,2972,0.003723888190522417,0.39602960969044415,3398,0.006122728071933945,0.4390818128310771
feat_session_mom:0:LONG:h15,PERP,feat_session_mom,0,LONG,11918,0.0040339590394368316,-0.007736276550915557,0.4311126027857023,10.090383845439447,0.0,True,15,4017,0.005106082777199885,0.4403783918347025,3830,0.0031175881579793836,0.41592689295039165,4071,0.0038381789906497617,0.43625644804716285
feat_bb_squeeze_20:2:LONG:h15,PERP,feat_bb_squeeze_20,2,LONG,9820,0.005269410476217331,-0.005783183546266928,0.4481670061099796,11.54698915485515,0.0,True,15,3592,0.004593429703093,0.4557349665924276,3160,0.007758775159961529,0.4670886075949367,3068,0.0034968324242065493,0.4198174706649283
feat_kc_width:2:LONG:h15,PERP,feat_kc_width,2,LONG,7850,0.008461078516820791,-0.0009191443406453637,0.4859872611464968,13.734326365200205,0.0,True,15,2708,0.010085260575967883,0.49224519940915806,2083,0.008224150323523501,0.4642342774843975,3059,0.007184594832763229,0.4952598888525662
feat_time_since_low_20:1:LONG:h15,PERP,feat_time_since_low_20,1,LONG,18227,0.006080494732522768,-0.007184129323047555,0.4349042629066769,17.509210326651353,0.0,True,15,6260,0.008062479364718057,0.46246006389776356,6133,0.004052105655173416,0.4007826512310452,5834,0.006086131759235323,0.44120671923208776
feat_vol_of_vol:1:LONG:h15,PERP,feat_vol_of_vol,1,LONG,9937,0.005138631152744201,-0.006134124136957632,0.4401730904699607,12.140208740123885,0.0,True,15,3394,0.006813131691275831,0.4625810253388332,3358,0.004398746456177191,0.41631923764145323,3185,0.004134322827248337,0.4414442700156986
feat_range_pos_50:1:LONG:h15,PERP,feat_range_pos_50,1,LONG,9118,0.0036431112051353697,-0.008352336740893395,0.4106163632375521,7.919851944422956,2.220446049250313e-15,True,15,3217,0.0048315025447803256,0.41964563257693505,2959,0.001849138978236314,0.38323758026360255,2942,0.004147974862428533,0.4282800815771584
feat_donchian_width_20:1:LONG:h15,PERP,feat_donchian_width_20,1,LONG,9916,0.003665459797148746,-0.007826208814691395,0.4237595804759984,8.481221706214173,0.0,True,15,3568,0.005875230481327867,0.4646860986547085,3052,0.0007914444031912811,0.3777850589777195,3296,0.003934583941932447,0.4220266990291262
feat_vol_breakout:2:LONG:h15,PERP,feat_vol_breakout,2,LONG,9762,0.006856041825697731,-0.007820947279427625,0.44509321860274537,13.847116819438925,0.0,True,15,2809,0.010028341866830062,0.48878604485582056,3430,0.005893387717007569,0.4317784256559767,3523,0.005263908069599673,0.42321884757309114
feat_ret_3:0:LONG:h15,PERP,feat_ret_3,0,LONG,10452,0.0028798150701534017,-0.008243174906389823,0.41704936854190583,6.972148197940124,3.12150305603609e-12,True,15,3229,0.004167032999654253,0.4286156704862186,3516,0.003036910596347464,0.41552901023890787,3707,0.0016095764501219555,0.408416509306717
feat_adx_14:2:LONG:h15,PERP,feat_adx_14,2,LONG,10000,0.005870142099435867,-0.005760200526676397,0.4526,12.969645376561079,0.0,True,15,3539,0.005530888487679163,0.4362814354337383,3220,0.0066742992647062065,0.48074534161490684,3241,0.005441642395590285,0.4424560320888615
feat_bb_squeeze_20:1:LONG:h15,PERP,feat_bb_squeeze_20,1,LONG,9712,0.003165100387738929,-0.00835299342507816,0.4182454695222405,7.6542623352629136,1.9539925233402755e-14,True,15,3262,0.006814515162994351,0.46443899448191295,3171,-0.0010866935830822174,0.3632923368022706,3279,0.0036463592119507825,0.4254345837145471
feat_rsi_7:1:LONG:h15,PERP,feat_rsi_7,1,LONG,10133,0.003919438823642597,-0.008120216606498231,0.41863219184841605,9.028884726703415,0.0,True,15,3649,0.0031606165602341644,0.4080570019183338,3119,0.0030674547679324514,0.3953190125040077,3365,0.005532003670280729,0.45170876671619614
feat_ret_autocorr:2:LONG:h15,SPOT,feat_ret_autocorr,2,LONG,10062,0.00208347077259993,-0.003873340964665661,0.3108725899423574,8.31726927735931,0.0,True,15,3481,0.0037156355681520793,0.31657569663889684,3143,0.0020041637904336844,0.32198536430162267,3438,0.0005033940395084474,0.2949389179755672
feat_atr_ratio:2:LONG:h15,PERP,feat_atr_ratio,2,LONG,8799,0.0047715204526215665,-0.004637511679723907,0.45459711330833047,9.577779403612164,0.0,True,15,3089,0.008264121343631041,0.49886694723211394,2081,0.005380284904535096,0.4646804420951466,3629,0.0014495356147157163,0.4111325434003858
feat_keltner_pos:1:LONG:h15,PERP,feat_keltner_pos,1,LONG,9965,0.003497238102056651,-0.008440061495838988,0.40692423482187656,7.752577472064203,8.881784197001252e-15,True,15,3664,0.00384350566259962,0.40747816593886466,3045,0.0027508550820979022,0.38587848932676516,3256,0.0038055955817694713,0.425982800982801
feat_vwap_upper_dist:1:LONG:h15,PERP,feat_vwap_upper_dist,1,LONG,10238,0.0031952634191095876,-0.00888432547619629,0.3994920882984958,7.649489164675647,2.020605904817785e-14,True,15,3386,0.003559998062965677,0.4084465445953928,3439,0.0013714164101644316,0.36522244838615875,3413,0.004671155115466363,0.42513917374743626
feat_ret_3:2:LONG:h15,PERP,feat_ret_3,2,LONG,9594,0.004796202548738633,-0.009228136764149585,0.42401500938086306,10.198703213287839,0.0,True,15,3268,0.005488264815731962,0.4415544675642595,3276,0.003296797010672156,0.39285714285714285,3050,0.005665183877975217,0.43868852459016394
feat_williams_r_14:1:LONG:h15,PERP,feat_williams_r_14,1,LONG,9594,0.004539559367037097,-0.008087195666542698,0.41974150510735875,9.917229428203155,0.0,True,15,3218,0.004745605129900681,0.4185829707893101,3112,0.0038811223322560463,0.4000642673521851,3264,0.004964191961198743,0.43964460784313725
feat_ret_autocorr:1:LONG:h15,PERP,feat_ret_autocorr,1,LONG,9556,0.005345153113335335,-0.007204414973748515,0.43825868564252823,12.00896527692803,0.0,True,15,3249,0.0057797379284728395,0.4530624807633118,3100,0.004926525734249355,0.4232258064516129,3207,0.00530953690216751,0.43779232927970063
feat_stoch_d_14:1:LONG:h15,PERP,feat_stoch_d_14,1,LONG,9703,0.004408707987328896,-0.008214177155069988,0.41956096052767183,9.638297807196635,0.0,True,15,3275,0.004560062717520555,0.412824427480916,3171,0.0029815041735947886,0.3979817092399874,3257,0.005646035758889587,0.447344181762358
feat_vol_breakout:0:LONG:h15,SPOT,feat_vol_breakout,0,LONG,21394,0.0018952695624669229,-0.003371207165501022,0.2937739553145742,10.839578471147409,0.0,True,15,7145,0.0028508297013436173,0.29209237228831353,7152,0.0015311855118433245,0.3022930648769575,7097,0.0013001521801625695,0.28688178103423984
feat_trend_strength_20:0:LONG:h15,PERP,feat_trend_strength_20,0,LONG,10148,0.00361745167625949,-0.00821225465636917,0.4165352778872684,8.584537187337386,0.0,True,15,3391,0.005638451200427449,0.44323208493069893,3583,0.00109125902012198,0.36338264024560424,3174,0.004309997013527023,0.44801512287334594
feat_trend_strength_20:1:LONG:h15,PERP,feat_trend_strength_20,1,LONG,9494,0.004019539175402108,-0.007832246717634866,0.4237413103012429,8.775689637703552,0.0,True,15,3225,0.005647169982633164,0.4409302325581395,3127,0.0017493534859880726,0.3901503038055644,3142,0.004608260148501255,0.439528962444303
feat_bb_pos_20:1:LONG:h15,PERP,feat_bb_pos_20,1,LONG,9749,0.0039368472417641905,-0.008213168029772058,0.4136834547133039,8.732236371218184,0.0,True,15,3685,0.004092493910158867,0.4141112618724559,3087,0.0032295123856351774,0.39261418853255586,2977,0.004477655010603921,0.43500167954316427
feat_zscore_20:1:LONG:h15,PERP,feat_zscore_20,1,LONG,9749,0.0039368472417641905,-0.008213168029772058,0.4136834547133039,8.732236371218184,0.0,True,15,3685,0.004092493910158867,0.4141112618724559,3087,0.0032295123856351774,0.39261418853255586,2977,0.004477655010603921,0.43500167954316427
feat_squeeze:1:LONG:h15,PERP,feat_squeeze,1,LONG,11280,0.0031823685719033264,-0.008758014030820972,0.42429078014184396,7.953943527199685,1.7763568394002505e-15,True,15,3731,0.005652507522264322,0.4540337711069418,3567,0.0007749130515814977,0.39753294084664986,3982,0.0030244844476419223,0.4203917629331994
feat_vwap_dist:1:LONG:h15,PERP,feat_vwap_dist,1,LONG,10181,0.003041987626211155,-0.00871893004115223,0.3971122679501031,7.3397683170195736,2.1405099914773018e-13,True,15,3440,0.0033619179868308465,0.4037790697674419,3343,0.001600883292727865,0.37032605444211786,3398,0.004135881489160802,0.41671571512654504
feat_rsi_14:1:LONG:h15,PERP,feat_rsi_14,1,LONG,10093,0.003179129689726269,-0.008780244622265494,0.39918755573169523,7.174350509402143,7.265299473147024e-13,True,15,3729,0.00282595214119648,0.3925985518905873,3150,0.002730737629347294,0.38031746031746033,3214,0.004028362442887858,0.425326695706285
feat_atr_norm_ext:1:LONG:h15,PERP,feat_atr_norm_ext,1,LONG,9904,0.003572132839792701,-0.00843338262172012,0.4098344103392569,8.089194951524746,4.440892098500626e-16,True,15,3540,0.0036101819644403415,0.40508474576271186,3124,0.0028062783677972646,0.38412291933418696,3240,0.00426899563894736,0.4398148148148148
feat_asia_range:0:LONG:h15,PERP,feat_asia_range,0,LONG,20263,0.00315760094228808,-0.008527673951920105,0.41257464343878003,10.411353452200125,0.0,True,15,0,0.0,0.0,9998,0.0028599834632718852,0.39977995599119825,10265,0.0034474771775734104,0.42503653190452995
feat_ret_5:0:LONG:h15,PERP,feat_ret_5,0,LONG,10354,0.003066948354778277,-0.007984248303934193,0.42138304037087115,7.310267358079869,2.6645352591003757e-13,True,15,3260,0.004373280631054139,0.4352760736196319,3397,0.0026202130730417143,0.41036208419193404,3697,0.0023255138217514416,0.41925885853394645
feat_price_roc_5:0:LONG:h15,PERP,feat_price_roc_5,0,LONG,10354,0.003066948354778277,-0.007984248303934193,0.42138304037087115,7.310267358079869,2.6645352591003757e-13,True,15,3260,0.004373280631054139,0.4352760736196319,3397,0.0026202130730417143,0.41036208419193404,3697,0.0023255138217514416,0.41925885853394645
feat_atr_ratio:1:LONG:h15,PERP,feat_atr_ratio,1,LONG,10238,0.004225581434357469,-0.008812479323505158,0.42928306309826136,10.117068857898978,0.0,True,15,3424,0.005123773162382031,0.43457943925233644,3142,0.0026626590746754424,0.4108847867600255,3672,0.004725389053465537,0.4400871459694989
feat_mean_rev_strength:1:LONG:h15,PERP,feat_mean_rev_strength,1,LONG,9812,0.003430949916896097,-0.008488981318031268,0.4059315124337546,7.746572339352068,9.325873406851315e-15,True,15,3601,0.0038067924039213797,0.4062760344348792,3191,0.002529942986408091,0.3785647132560326,3020,0.0039348255193494665,0.43443708609271525
feat_vwap_lower_dist:1:LONG:h15,PERP,feat_vwap_lower_dist,1,LONG,10335,0.003190827334233519,-0.008597189057065042,0.4002902757619739,7.733769477362679,1.0436096431476471e-14,True,15,3498,0.0032036930609428693,0.40508862206975416,3470,0.0019927882978308937,0.3708933717579251,3367,0.004412149325408987,0.4256014256014256
feat_donchian_width_20:2:LONG:h15,PERP,feat_donchian_width_20,2,LONG,9394,0.004589458691101797,-0.0074693900739130695,0.4304875452416436,9.992128301099983,0.0,True,15,3221,0.004870558908812539,0.4312325364793542,3538,0.006134133206711028,0.4494064443188242,2635,0.0021718183732756997,0.40417457305502846
feat_vol_regime:2:LONG:h15,PERP,feat_vol_regime,2,LONG,8993,0.005842913469795171,-0.002978835851923032,0.4664739241632381,11.985609817498204,0.0,True,15,3365,0.007418711225569156,0.48677563150074293,2717,0.005133915209058829,0.4449760765550239,2911,0.004683102005089292,0.4630711095843353
feat_vol_contraction:2:LONG:h15,PERP,feat_vol_contraction,2,LONG,8993,0.005842913469795171,-0.002978835851923032,0.4664739241632381,11.985609817498204,0.0,True,15,3365,0.007418711225569156,0.48677563150074293,2717,0.005133915209058829,0.4449760765550239,2911,0.004683102005089292,0.4630711095843353
feat_ret_autocorr:0:LONG:h15,PERP,feat_ret_autocorr,0,LONG,9918,0.005868356466904524,-0.0070196012233966825,0.4380923573301069,12.998060920969934,0.0,True,15,3171,0.00830583129409931,0.4638915168716493,3524,0.004767313900949746,0.412883087400681,3223,0.004674078255731694,0.4402730375426621
feat_donchian_width_20:0:LONG:h15,PERP,feat_donchian_width_20,0,LONG,10465,0.004281640668387252,-0.008180705562879434,0.4222646918299092,10.135199740931894,0.0,True,15,3166,0.0054612955764218145,0.42735312697409983,3280,0.0020738274179307333,0.37591463414634146,4019,0.005154205988780373,0.45608360288629013
feat_cci_20:1:LONG:h15,PERP,feat_cci_20,1,LONG,9730,0.004174107535631315,-0.008351007103522028,0.413360739979445,9.16067955793521,0.0,True,15,3448,0.0035760598714421514,0.398491879350348,3325,0.004162865671098734,0.41082706766917293,2957,0.004884099942021259,0.433547514372675
feat_rsi_21:1:LONG:h15,PERP,feat_rsi_21,1,LONG,10207,0.002919556847377281,-0.009074983393385501,0.39414127559517975,6.559298414040997,5.406164405030722e-11,True,15,3695,0.0037798681443364885,0.4013531799729364,3197,0.0014620381413286885,0.36502971535814827,3315,0.003366264859737185,0.41417797888386126
feat_hour_utc:1:LONG:h15,PERP,feat_hour_utc,1,LONG,9998,0.0028599834632718852,-0.009622490193961334,0.39977995599119825,6.399880684131113,1.5549828091820928e-10,True,15,0,0.0,0.0,9998,0.0028599834632718852,0.39977995599119825,0,0.0,0.0
feat_atr_ratio:0:LONG:h15,PERP,feat_atr_ratio,0,LONG,9538,0.002882154644699542,-0.009252065849482386,0.3727196477248899,6.7154645872790795,1.8746781904610543e-11,True,15,3119,0.0013927612599942487,0.35588329592818213,4134,0.0029813060006237137,0.366715045960329,2285,0.004735776640981942,0.40656455142231945
feat_rsi_divergence:1:LONG:h15,PERP,feat_rsi_divergence,1,LONG,10266,0.004525646239975067,-0.007436150778644121,0.4206117280342879,10.696677338226928,0.0,True,15,3325,0.00597434316715694,0.42466165413533835,3517,0.0038036603174444942,0.40147853284048907,3424,0.003860432223228661,0.43633177570093457
feat_ext_vs_ma_20:1:LONG:h15,PERP,feat_ext_vs_ma_20,1,LONG,10321,0.00254850173698141,-0.00882281224429852,0.3907567096211607,6.29649750746896,3.0444624599113013e-10,True,15,3657,0.0027323545263679585,0.39540607054963084,3394,0.0016905449873506043,0.36977018267530937,3270,0.0032333811123515456,0.4073394495412844
feat_asia_vol:0:LONG:h15,PERP,feat_asia_vol,0,LONG,19933,0.00340408079045276,-0.008358620261076425,0.4151908894797572,11.123533831533086,0.0,True,15,0,0.0,0.0,9984,0.0028487800872589683,0.3993389423076923,9949,0.003961335009036217,0.4310986028746608
feat_ext_vs_ma_50:0:LONG:h15,PERP,feat_ext_vs_ma_50,0,LONG,10159,0.003445580767023316,-0.005465918043689569,0.4469928142533714,8.900787530815723,0.0,True,15,3410,0.0036885499937170043,0.4495601173020528,3373,0.004651577105128356,0.4405573673287874,3376,0.0019952399164742092,0.45082938388625593
feat_ret_10:1:LONG:h15,PERP,feat_ret_10,1,LONG,10395,0.003286427271671347,-0.008641693489999045,0.3997113997113997,8.034612995760728,8.881784197001252e-16,True,15,3815,0.0035458711024275624,0.40471821756225423,3495,0.0021065982494701324,0.37339055793991416,3085,0.004302221183586515,0.4233387358184765
feat_macd_12_26:0:LONG:h15,PERP,feat_macd_12_26,0,LONG,11666,0.002809107768762667,-0.0069430352719999965,0.4344248242756729,7.966829233629474,1.7763568394002505e-15,True,15,3967,0.002820143039834223,0.4340811696496093,3778,0.0034689108087293907,0.42535733192165165,3921,0.002162203202240059,0.44350930884978323
feat_vol_regime:0:LONG:h15,PERP,feat_vol_regime,0,LONG,9229,0.0012269377142507163,-0.009625399971683364,0.35832701267742983,2.833082370308304,0.004610150478780106,False,15,2744,0.0002843782143276215,0.34839650145772594,3388,0.00044799208639063204,0.3447461629279811,3097,0.0029141999212184072,0.38198256377139167
feat_vol_contraction:0:LONG:h15,PERP,feat_vol_contraction,0,LONG,9229,0.0012269377142507163,-0.009625399971683364,0.35832701267742983,2.833082370308304,0.004610150478780106,False,15,2744,0.0002843782143276215,0.34839650145772594,3388,0.00044799208639063204,0.3447461629279811,3097,0.0029141999212184072,0.38198256377139167
feat_ret_20:0:LONG:h15,PERP,feat_ret_20,0,LONG,10321,0.0033985712203442554,-0.006067739749237541,0.4433678907082647,8.739356470742228,0.0,True,15,3441,0.0036697090659331337,0.45074106364428945,3584,0.0042719061718368544,0.43722098214285715,3296,0.0021658595113573636,0.44235436893203883
feat_ema_cross_10_20:0:LONG:h15,PERP,feat_ema_cross_10_20,0,LONG,11269,0.002627309543513295,-0.007444320171281322,0.429763066820481,7.241762341672665,4.4275694222051243e-13,True,15,3794,0.0016899057067778283,0.4209277807063785,3729,0.003874330408707261,0.42531509788146954,3746,0.0023353632942516986,0.44313934863854776
feat_close_pos_ma:2:LONG:h15,PERP,feat_close_pos_ma,2,LONG,8917,0.006523099337706449,-0.006331503530950148,0.44959066950768195,13.843420153370518,0.0,True,15,2435,0.009611676406400094,0.49117043121149895,3178,0.005199025689085537,0.4329767149150409,3304,0.0055204422230116035,0.4349273607748184
feat_ext_strength:1:LONG:h15,PERP,feat_ext_strength,1,LONG,9525,0.002547573528807643,-0.008877332170880551,0.3963254593175853,5.999485690963151,1.9794348382617954e-09,True,15,3289,0.002772391333394932,0.4022499239890544,3208,0.0012243347663715807,0.3553615960099751,3028,0.003705276365864215,0.4332892998678996
feat_bb_squeeze_20:0:LONG:h15,PERP,feat_bb_squeeze_20,0,LONG,10243,0.004079115302668667,-0.008737051406401422,0.4102313775261154,9.273524848821802,0.0,True,15,3101,0.00490577440903478,0.40245082231538215,3539,0.002782814744609068,0.3808985589149477,3603,0.004640907638536449,0.44573966139328336
feat_rsi_divergence:0:LONG:h15,PERP,feat_rsi_divergence,0,LONG,9348,0.0020704130916409436,-0.00918545542641911,0.4076807873341891,4.594496668231129,4.337950584965e-06,True,15,3345,0.0034132620961286895,0.4257100149476831,2902,2.7282820757432058e-05,0.3749138525155066,3101,0.0025339197430735267,0.41889712995807804
feat_adx_14:1:LONG:h15,PERP,feat_adx_14,1,LONG,9481,0.0050009663954323725,-0.007388655055939862,0.42917413774918256,10.652210823831133,0.0,True,15,3100,0.006964112933578424,0.4703225806451613,3170,0.005011316668153816,0.4063091482649842,3211,0.0030954651083630047,0.41202117720336345
feat_vol_trend:1:LONG:h15,PERP,feat_vol_trend,1,LONG,8392,0.0028532437555177574,-0.009157931817693345,0.38012392755004765,6.095757719338288,1.0892027280107186e-09,True,15,2742,0.0038427041212563363,0.40007293946024797,2920,0.0009848781883931247,0.3356164383561644,2730,0.0038578324489788357,0.4076923076923077
feat_ext_vs_ma_10:0:LONG:h15,PERP,feat_ext_vs_ma_10,0,LONG,10311,0.0025678280683177623,-0.007819482386772143,0.42032780525652214,6.226417531961701,4.772213735293462e-10,True,15,3318,0.004448633445684954,0.43731163351416513,3432,0.0024229343479941607,0.4090909090909091,3561,0.0009550122879319865,0.4153327716933446
feat_atr_percent:0:LONG:h15,PERP,feat_atr_percent,0,LONG,11598,0.0009438708762956085,-0.009761831445353458,0.3652353854112778,2.8551096301291023,0.004302197540967612,False,15,3776,0.002786963856127667,0.3956567796610169,4588,-0.0006802446750985991,0.3415431560592851,3234,0.0010959806653960311,0.36332714904143476
feat_trend_slope_20:1:LONG:h15,PERP,feat_trend_slope_20,1,LONG,10464,0.0027979374513841956,-0.00894693282890701,0.3943042813455658,6.788206077865643,1.1353584739026701e-11,True,15,3496,0.004552102003389738,0.42162471395881007,3629,0.0007844177744776366,0.34720308624965557,3339,0.0031496905612022636,0.4168912848158131
feat_ext_vs_ma_10:1:LONG:h15,PERP,feat_ext_vs_ma_10,1,LONG,10325,0.0030646262047189137,-0.008240775767175945,0.4098789346246973,7.612914683332735,2.6645352591003757e-14,True,15,3824,0.001757093499767284,0.399581589958159,3375,0.0022365154135596727,0.38725925925925925,3126,0.0055581895392990376,0.4468969929622521
feat_ret_sign_streak:2:LONG:h15,PERP,feat_ret_sign_streak,2,LONG,7113,0.004434854674459332,-0.008833255269320786,0.41670181358076763,8.339586556086749,0.0,True,15,2423,0.0069230572486594436,0.460998761865456,2377,0.0022654016221027055,0.37315944467816575,2313,0.00405780109389938,0.4150453955901427
feat_kc_width:0:LONG:h15,PERP,feat_kc_width,0,LONG,11704,0.0009135847661834935,-0.009761831445353458,0.3660287081339713,2.7750930226478325,0.005518592069351014,False,15,3806,0.0024992132439618027,0.3949027850761955,4632,-0.000555010751838671,0.34434369602763387,3266,0.0011486222594640878,0.3631353337415799
feat_adx_14:0:LONG:h15,PERP,feat_adx_14,0,LONG,10014,0.001508416751425729,-0.009200938920944318,0.3908528060714999,3.8318775371461355,0.00012716903992426865,False,15,3312,0.003933469524400819,0.4221014492753623,3286,-0.002003082749690324,0.3210590383444918,3416,0.0025350597773548403,0.42769320843091335
feat_range_pos_50:0:LONG:h15,PERP,feat_range_pos_50,0,LONG,10687,0.0023232607946177567,-0.007711702925731416,0.4154580331243567,5.978029503649813,2.2585284753517954e-09,True,15,3569,0.003083115624942517,0.4186046511627907,3534,0.0024773586221875045,0.39700056593095645,3584,0.0014146381350026442,0.43052455357142855
feat_vol_sma_ratio:2:LONG:h15,PERP,feat_vol_sma_ratio,2,LONG,9893,0.004112157405803599,-0.009480702325712055,0.4105933488325078,8.977348785485475,0.0,True,15,2193,0.007293348629771253,0.4423164614683083,4354,0.002435269470321486,0.3957280661460726,3346,0.0042092338304682885,0.40914524805738195
feat_trend_slope_20:0:LONG:h15,PERP,feat_trend_slope_20,0,LONG,10098,0.0017339435915218499,-0.008331167662415206,0.41622103386809267,4.51054132733431,6.466240165536874e-06,True,15,3415,0.0016636745231256257,0.4199121522693997,3419,0.0016047642428352268,0.39894706054401874,3264,0.0019427772501409272,0.43045343137254904
feat_squeeze:0:LONG:h15,PERP,feat_squeeze,0,LONG,9807,0.0017915444689013073,-0.009789176534149803,0.36270011216478026,4.564808219404125,4.999511703296378e-06,True,15,3063,0.0013562619270341128,0.3480248122755468,3932,0.0007362804877469182,0.34206510681586977,2812,0.0037412487361979906,0.40753911806543386
feat_rsi_7:0:LONG:h15,PERP,feat_rsi_7,0,LONG,10817,0.0024150171282159567,-0.007996161367826974,0.4172136451881298,6.121002155251914,9.298863901108234e-10,True,15,3552,0.004174303583660779,0.4369369369369369,3583,0.0021242897142405522,0.40608428691041026,3682,0.001000756083819939,0.40901683867463334
feat_ret_vol:0:LONG:h15,PERP,feat_ret_vol,0,LONG,11896,0.002887099544412487,-0.007276377134488905,0.4344317417619368,7.992760671057146,1.3322676295501878e-15,True,15,4023,0.002899113537322991,0.43475018642803875,3984,0.0036146208990439446,0.4259538152610442,3889,0.0021293784412161174,0.4427873489328876
feat_vol_breakout_strength:2:LONG:h15,PERP,feat_vol_breakout_strength,2,LONG,10209,0.003971783199455467,-0.009809845626670682,0.41316485454011165,8.463459375293864,0.0,True,15,2617,0.005974666773217838,0.43102789453572793,4130,0.002516234220339311,0.3990314769975787,3462,0.004194160718581292,0.4165222414789139
feat_hour_utc:2:LONG:h15,PERP,feat_hour_utc,2,LONG,10265,0.0034474771775734104,-0.006801830121500105,0.42503653190452995,8.386798080171024,0.0,True,15,0,0.0,0.0,0,0.0,0.0,10265,0.0034474771775734104,0.42503653190452995
feat_rsi_21:0:LONG:h15,PERP,feat_rsi_21,0,LONG,11482,0.001972564603126315,-0.007786149599689159,0.42004877199094237,5.498379644743312,3.832970141282033e-08,True,15,3865,0.001927166950805571,0.41940491591203105,3823,0.0022439651729549443,0.4064870520533612,3794,0.0017453367559372862,0.43437005798629413
feat_asia_range:2:LONG:h15,PERP,feat_asia_range,2,LONG,10266,0.004604282160594164,-0.008135474909283676,0.43142411844924994,10.634781459519232,0.0,True,15,10266,0.004604282160594164,0.43142411844924994,0,0.0,0.0,0,0.0,0.0
feat_vwap_lower_dist:0:LONG:h15,PERP,feat_vwap_lower_dist,0,LONG,9892,0.002299050541156989,-0.007899765225330235,0.42286696320258793,5.4123578905797185,6.22002138683797e-08,True,15,3261,0.003592100388976868,0.43514259429622815,3446,0.002265331018309446,0.4048171793383633,3185,0.0010116288526144472,0.42982731554160125
feat_trend_neutral:1:LONG:h15,PERP,feat_trend_neutral,1,LONG,2009,0.0031602530107219555,-0.006378503832831881,0.4186162269785963,5.869239861043142,4.377976647873538e-09,True,15,638,0.004507512976856409,0.4169278996865204,732,0.0022666232983231762,0.41939890710382516,639,0.0028387899294733255,0.4194053208137715
feat_rsi_14:0:LONG:h15,PERP,feat_rsi_14,0,LONG,11228,0.0019542812737249273,-0.007984248303934193,0.41886355539722125,5.255589040623017,1.475514435078651e-07,True,15,3730,0.0028517631266344293,0.42815013404825736,3721,0.0017171829398396593,0.4041924213920989,3777,0.0013015504262360838,0.42414614773629866
feat_ret_vol:1:LONG:h15,PERP,feat_ret_vol,1,LONG,8172,0.0009447346588197611,-0.00962387132119756,0.35511502692119434,2.0522332606613936,0.040146998503361786,False,15,2718,0.002297270308486768,0.37748344370860926,2616,-0.0016067200442073742,0.3084862385321101,2838,0.0020012581286309177,0.3766737138830162
feat_trend_neutral:2:LONG:h15,PERP,feat_trend_neutral,2,LONG,9576,0.002652523607781562,-0.008672255292044746,0.3907685881370092,6.9722434805342255,3.11928260998684e-12,True,15,3119,0.0034765258757742633,0.40589932670727796,3466,0.0013129630263447776,0.3482400461627236,2991,0.00334555399942003,0.4242728184553661
feat_vwap_dist:0:LONG:h15,PERP,feat_vwap_dist,0,LONG,10202,0.0023749868721183935,-0.007308326527393024,0.4254067829837287,5.872803370388891,4.28486601755651e-09,True,15,3500,0.003196343680873786,0.4328571428571429,3412,0.0022492015754231156,0.40504103165298944,3290,0.0016316527084954187,0.43860182370820666
feat_range_pos_20:0:LONG:h15,PERP,feat_range_pos_20,0,LONG,10781,0.0017804964371442183,-0.008188786758105537,0.4138762637974214,4.741276273931483,2.123760922234652e-06,True,15,3644,0.002076403827983427,0.4176728869374314,3729,0.0020799003855446595,0.3990345937248592,3408,0.0011364929583286907,0.426056338028169
feat_price_accel:2:LONG:h15,PERP,feat_price_accel,2,LONG,9947,0.0033632405902523565,-0.009280812932617653,0.41288830803257265,7.499700798969194,6.394884621840902e-14,True,15,3161,0.003613559828330317,0.41853843720341666,3413,0.0036227122679435785,0.4069733372399648,3373,0.0028661057110574047,0.41357841683960866
feat_ret_10:0:LONG:h15,PERP,feat_ret_10,0,LONG,10284,0.0014272457982950149,-0.008607852337187666,0.41374951380785685,3.5936345413656126,0.0003260971426599646,False,15,3504,0.0020289660639182363,0.415810502283105,3322,0.0008541983108735295,0.3967489464178206,3458,0.001368031206759562,0.42799305957200695
feat_donchian_break:0:LONG:h15,PERP,feat_donchian_break,0,LONG,10505,0.0015285192854523127,-0.00827293235173209,0.409709662065683,3.9655151934059636,7.323758683241977e-05,True,15,3717,0.002297115179209077,0.4124293785310734,3717,0.0017940421104425358,0.40139897767016414,3071,0.0002768685926543479,0.41647671768153693
feat_realized_vol_20:0:LONG:h15,PERP,feat_realized_vol_20,0,LONG,11945,0.0018149987417546375,-0.009456604907038956,0.3773126831310172,5.360143078391447,8.315606558895183e-08,True,15,3609,0.0021725869199220875,0.3798836242726517,4248,0.0009061646209317369,0.3672316384180791,4088,0.002443714889075908,0.38551859099804303
feat_vwap_upper_dist:0:LONG:h15,PERP,feat_vwap_upper_dist,0,LONG,10306,0.002000902275004432,-0.0074369434816400765,0.4187851736852319,5.1174566844602465,3.0968315201107544e-07,True,15,3628,0.00270523062130088,0.425303197353914,3334,0.0023532870848697487,0.40371925614877024,3344,0.0008854255416149354,0.4267344497607656
feat_vol_roc_20:0:LONG:h15,PERP,feat_vol_roc_20,0,LONG,10057,0.00394340088766679,-0.007444320171281322,0.4231878293725763,9.481370230763368,0.0,True,15,3402,0.003868395617909495,0.4226925338036449,3742,0.004118635298955553,0.4136825227151256,2913,0.003805893424800937,0.4359766563680055
feat_macd_12_26:1:LONG:h15,PERP,feat_macd_12_26,1,LONG,8943,0.0023043864321718468,-0.009393659441023551,0.3797383428379738,5.014808893405447,5.308620352195703e-07,True,15,2960,0.004569409599463985,0.41385135135135137,3063,-0.0003555703286845974,0.3294156056154097,2920,0.002798557316869984,0.39794520547945206
feat_time_since_high_20:1:LONG:h15,PERP,feat_time_since_high_20,1,LONG,14537,0.002839234627464017,-0.00881746641074862,0.40434752700006876,7.854809509067673,3.9968028886505635e-15,True,15,5250,0.003043800765839269,0.41333333333333333,4660,0.0014150367205045674,0.3669527896995708,4627,0.00404148014723081,0.4318132699373244
feat_ret_20:1:LONG:h15,PERP,feat_ret_20,1,LONG,10246,0.001671673211244201,-0.009392082840493714,0.3767323833691197,4.083859681529814,4.4293783322713054e-05,True,15,3454,0.0033838884230360093,0.4018529241459178,3282,-0.001061674786425067,0.32571602681291895,3510,0.002542572580709053,0.3997150997150997
feat_keltner_pos:0:LONG:h15,PERP,feat_keltner_pos,0,LONG,10658,0.00220318261371572,-0.007572630215383175,0.4229686620379058,5.873305669492795,4.271897502405864e-09,True,15,3517,0.0029998168315040485,0.43332385555871483,3685,0.0018338042876000738,0.4043419267299864,3456,0.0017863413486042061,0.4322916666666667
feat_ret_3:1:LONG:h15,PERP,feat_ret_3,1,LONG,10369,0.0036156445544224688,-0.0076030420768171065,0.4194232809335519,8.751822944730462,0.0,True,15,3773,0.004158738998810984,0.42433077126954677,3203,0.0021942617561578706,0.3890103028410865,3393,0.004353514806165363,0.44267609784851164
feat_bb_width_20:0:LONG:h15,PERP,feat_bb_width_20,0,LONG,11373,0.0016162143423858076,-0.009809296508241073,0.37017497581992437,4.404735547794052,1.0591300268814052e-05,True,15,3448,0.002591822368933392,0.37412993039443154,4224,0.0002523846774884532,0.3465909090909091,3701,0.0022638555282789045,0.3934071872466901
feat_time_since_low_20:0:LONG:h15,PERP,feat_time_since_low_20,0,LONG,11376,0.0013581767721955044,-0.008559233633675573,0.4131504922644163,3.839290960949222,0.0001233901343251631,False,15,3637,0.0011796478039888237,0.41105306571350014,3682,0.0017395049596736285,0.4076588810429115,4057,0.001172142626539416,0.42001478925314273
feat_ext_vs_ma_20:0:LONG:h15,PERP,feat_ext_vs_ma_20,0,LONG,10177,0.002407953530208981,-0.007329652042360075,0.4272378893583571,5.988542204941115,2.1173018893705375e-09,True,15,3392,0.0037554843043127,0.44015330188679247,3418,0.0017440034798381634,0.40315974253949677,3367,0.0017244242419427608,0.4386694386694387
feat_vol_trend:0:LONG:h15,PERP,feat_vol_trend,0,LONG,11722,0.0011922153940327675,-0.009091133685543932,0.40948643576181537,3.3488148454003466,0.0008115801189392258,False,15,4022,0.0010190548300275737,0.4052710094480358,3868,0.001182427364033184,0.3960703205791106,3832,0.0013838416697288221,0.42745302713987476
feat_ret_1:2:LONG:h15,PERP,feat_ret_1,2,LONG,9787,0.003653097426654368,-0.00959504608897177,0.40962501277204455,7.860252520689363,3.9968028886505635e-15,True,15,3243,0.0040051016465103085,0.42090656799259946,3301,0.003439874807545047,0.3907906694940927,3243,0.0035181292430857764,0.4175146469318532
feat_mean_rev_strength:2:LONG:h15,PERP,feat_mean_rev_strength,2,LONG,10535,0.0018678966038310515,-0.007966364211859112,0.4174655908875178,4.879823743842045,1.0618069115064799e-06,True,15,3475,0.0030351907052165285,0.4287769784172662,3540,0.0013205031328951094,0.4005649717514124,3520,0.0012660289574670464,0.42329545454545453
feat_ext_vs_ma_50:1:LONG:h15,PERP,feat_ext_vs_ma_50,1,LONG,10126,0.0019429100342902622,-0.009818763108540428,0.36717361248271774,4.499038117684807,6.826161844664114e-06,True,15,3520,0.0033788698559220043,0.38295454545454544,3225,-0.000335693802553814,0.33054263565891473,3381,0.0026213835041744428,0.3856847086660751
feat_stoch_k_14:0:LONG:h15,PERP,feat_stoch_k_14,0,LONG,10764,0.0019619429974403165,-0.008175811525438528,0.41369379412857676,4.983852694877672,6.233053879700634e-07,True,15,3748,0.0029004095688915945,0.423692636072572,3632,0.0013734876223902466,0.3937224669603524,3384,0.0015541112044091293,0.4240543735224586
feat_ema_cross_10_20:1:LONG:h15,PERP,feat_ema_cross_10_20,1,LONG,9857,0.0014472565123435845,-0.00959504608897177,0.37475905447905045,3.311133549299465,0.0009291885170994441,False,15,3405,0.00413140165846601,0.4052863436123348,3224,-0.0016966461011007124,0.3235111662531017,3228,0.0017559392270887987,0.3937422552664188
feat_ext_strength:0:LONG:h15,PERP,feat_ext_strength,0,LONG,11186,0.0010828140984341411,-0.009060030825848876,0.4048811013767209,2.882474377425492,0.0039456522409682115,False,15,3812,0.0015568450651088708,0.40792235047219305,3661,0.0010836655015487601,0.3938814531548757,3713,0.0005953045288767245,0.41260436304874765
feat_stoch_d_14:0:LONG:h15,PERP,feat_stoch_d_14,0,LONG,10657,0.0014995022145313274,-0.008525656785962182,0.4079009101998686,3.8488700276522096,0.0001186639445140969,True,15,3672,0.002348151825369939,0.42320261437908496,3651,0.001307778605457886,0.38509997261024376,3334,0.0007747696187688049,0.41601679664067187
feat_atr_norm_ext:0:LONG:h15,PERP,feat_atr_norm_ext,0,LONG,10492,0.001994820934175097,-0.007854490023186077,0.417365611894777,5.156284248007874,2.518984187904749e-07,True,15,3510,0.0032096969626216622,0.43133903133903134,3579,0.001531573666053239,0.3995529477507684,3403,0.0012289517342810867,0.42168674698795183
feat_ret_5:1:LONG:h15,PERP,feat_ret_5,1,LONG,10486,0.0030180416356543082,-0.008135474909283676,0.4105473965287049,7.521616868599452,5.417888360170764e-14,True,15,3915,0.002856596485740127,0.41226053639846744,3440,0.0026007092845513197,0.38982558139534884,3131,0.0036784316227856722,0.4311721494730118
feat_price_roc_5:1:LONG:h15,PERP,feat_price_roc_5,1,LONG,10486,0.0030180416356543082,-0.008135474909283676,0.4105473965287049,7.521616868599452,5.417888360170764e-14,True,15,3915,0.002856596485740127,0.41226053639846744,3440,0.0026007092845513197,0.38982558139534884,3131,0.0036784316227856722,0.4311721494730118
feat_gap:2:LONG:h15,PERP,feat_gap,2,LONG,9965,0.0036059461283028866,-0.008910195143831194,0.4154540893125941,8.574614663924091,0.0,True,15,3109,0.005073566763777985,0.433579929237697,3412,0.0032419917807426056,0.40093786635404455,3444,0.002641654513373617,0.413472706155633
feat_session_mom:1:LONG:h15,PERP,feat_session_mom,1,LONG,7268,0.003563082121898219,-0.008138649849725845,0.4086406164006604,7.327372691136825,2.347011474057581e-13,True,15,2302,0.004926913694698349,0.41833188531711557,2480,0.0025373339296796507,0.3895161290322581,2486,0.003323466368123542,0.41874497184231696
feat_overnight_ret:2:LONG:h15,PERP,feat_overnight_ret,2,LONG,9989,0.0036676485218928943,-0.008728102200223102,0.41946140754830313,8.598724314997655,0.0,True,15,3146,0.004885553416604205,0.43483788938334395,3330,0.003367673156493946,0.4066066066066066,3513,0.0028613260533522492,0.4178764588670652
feat_bb_pos_20:0:LONG:h15,PERP,feat_bb_pos_20,0,LONG,10476,0.0019165348219465587,-0.007924774783038296,0.41723940435280643,5.042696366009472,4.590173112717366e-07,True,15,3364,0.003122057235451528,0.43192627824019025,3576,0.0014782286326233127,0.3970917225950783,3536,0.001212916477486492,0.4236425339366516
feat_zscore_20:0:LONG:h15,PERP,feat_zscore_20,0,LONG,10476,0.0019165348219465587,-0.007924774783038296,0.41723940435280643,5.042696366009472,4.590173112717366e-07,True,15,3364,0.003122057235451528,0.43192627824019025,3576,0.0014782286326233127,0.3970917225950783,3536,0.001212916477486492,0.4236425339366516
feat_hl_range:2:LONG:h15,PERP,feat_hl_range,2,LONG,8984,0.0048741153908209945,-0.008939702040467276,0.4348842386464826,9.16052007229657,0.0,True,15,2466,0.00784940293751175,0.46553122465531227,3516,0.0033683797279480954,0.4109783845278726,3002,0.004193604897990119,0.43770819453697535
feat_cci_20:0:LONG:h15,PERP,feat_cci_20,0,LONG,10068,0.0007827654516496559,-0.008793281666178102,0.399284862932062,2.0551271818418186,0.039866722115486475,False,15,3407,0.002798343609642741,0.4264749046081597,3311,2.9938031826314462e-05,0.3705829054666264,3350,-0.0005230444579764217,0.4
feat_vol_of_vol:0:LONG:h15,PERP,feat_vol_of_vol,0,LONG,10542,0.0018339198534496049,-0.010653623601328262,0.38560045532157083,4.647652086603353,3.3573454634172606e-06,True,15,3221,0.003355018149124713,0.4045327538031667,4007,0.0016112557135079509,0.38482655353132017,3314,0.000624733854166771,0.36813518406759205
feat_williams_r_14:2:LONG:h15,PERP,feat_williams_r_14,2,LONG,10786,0.0019611072078441613,-0.008171369645397487,0.413869831262748,4.989455265815263,6.054979353464773e-07,True,15,3761,0.0028823539575128045,0.42382345120978465,3635,0.0013482726696242386,0.39339752407152684,3390,0.0015961645886481883,0.4247787610619469
feat_price_accel:1:LONG:h15,PERP,feat_price_accel,1,LONG,10531,0.003435855173006136,-0.007759113083666445,0.41506029816731554,8.568487316531803,0.0,True,15,3764,0.004652719840083103,0.4341126461211477,3297,0.0022160971209917433,0.3824689111313315,3470,0.0032748360636729234,0.42536023054755046
feat_time_since_low_20:2:SHORT:h15,PERP,feat_time_since_low_20,2,SHORT,172,0.0018140708340684166,-0.015820515240988618,0.43023255813953487,0.746041170135167,0.4556425453822035,False,15,58,0.006036530526569045,0.5172413793103449,55,-0.003485039462846451,0.36363636363636365,59,0.0026030268368697923,0.4067796610169492
feat_range_expansion:2:LONG:h15,PERP,feat_range_expansion,2,LONG,9928,0.00289953214462688,-0.01034173199461646,0.3921232876712329,6.494891300671548,8.309353205504522e-11,True,15,2620,0.006466102966538686,0.42748091603053434,4456,0.0009225352022769869,0.3761220825852783,2852,0.0027119735267103983,0.3846423562412342
feat_gap_fill_ratio:1:LONG:h15,PERP,feat_gap_fill_ratio,1,LONG,13812,0.004247633809489861,-0.008351335290593053,0.42303793802490586,11.222932800962996,0.0,True,15,4620,0.005254643987886498,0.4316017316017316,4589,0.003402236008923383,0.40379167574634994,4603,0.004079731024916129,0.433630241147078
feat_gap_fill_ratio:0:LONG:h15,PERP,feat_gap_fill_ratio,0,LONG,11094,0.004073383196201772,-0.008615334422493372,0.4212186767622138,9.626739243771464,0.0,True,15,3765,0.004843676420467497,0.4353253652058433,3665,0.0032384729498693126,0.4038199181446112,3664,0.004116994567230156,0.42412663755458513
feat_vol_of_vol:0:SHORT:h15,SPOT,feat_vol_of_vol,0,SHORT,10446,-0.0008842480059580759,-0.0038969427539557286,0.2944667815431744,-4.761396631244401,1.9225776770603886e-06,False,15,3650,-0.0007728686198743608,0.30164383561643837,3670,-0.0016409787761540696,0.26457765667574934,3126,-0.00012587719104645065,0.32117722328854764
feat_range_expansion:0:SHORT:h15,SPOT,feat_range_expansion,0,SHORT,18033,-0.0008941912731589794,-0.0038100428182172436,0.2729440470248988,-7.704429739695036,1.3100631690576847e-14,False,15,6735,-0.001082814734360319,0.2696362286562732,4775,-0.0005403746754492487,0.2630366492146597,6523,-0.0009584401222886657,0.2836118350452246
feat_intraday_mom:1:LONG:h15,PERP,feat_intraday_mom,1,LONG,10217,0.003873101798664765,-0.008022240977206252,0.423803464813546,9.202038647965962,0.0,True,15,3405,0.005711210092403542,0.44375917767988254,3372,0.002395702006728944,0.39234875444839856,3440,0.0035018905655912346,0.43488372093023253
feat_gap:0:SHORT:h15,SPOT,feat_gap,0,SHORT,18075,-0.0009314593921018766,-0.0039850074487304855,0.2754080221300138,-7.8726747305290665,3.552713678800501e-15,False,15,6150,-0.00047786886996224265,0.2809756097560976,5784,-0.0016542370959468876,0.25293914246196403,6141,-0.0007049548280437757,0.29099495196222114
feat_rsi_divergence:0:SHORT:h15,SPOT,feat_rsi_divergence,0,SHORT,9659,-0.0010712781977388315,-0.004320783909231575,0.29599337405528525,-6.108695887701245,1.0044851617152517e-09,False,15,3066,-0.002076866278384266,0.28897586431833006,3310,-0.0008510165310221267,0.2755287009063444,3283,-0.0003542306989795843,0.3231800182759671
feat_vol_roc_20:1:LONG:h15,PERP,feat_vol_roc_20,1,LONG,9893,0.004302897651770167,-0.008204137460455296,0.4237339533003133,9.671327473223396,0.0,True,15,3404,0.005380923406648951,0.4380141010575793,3116,0.002727563984022083,0.3924903722721438,3373,0.004670267956868197,0.4381855914616069
feat_ext_vs_ma_50:1:SHORT:h15,SPOT,feat_ext_vs_ma_50,1,SHORT,10199,-0.0011396308818647741,-0.003581444385872439,0.2961074615158349,-5.587008334680611,2.3101464297070606e-08,False,15,3665,-0.00029078744237275646,0.31050477489768075,3126,-0.0015131523180333822,0.281829814459373,3408,-0.0017098724300675834,0.2937206572769953
feat_vol_roc_20:2:LONG:h15,PERP,feat_vol_roc_20,2,LONG,9785,0.0043957775197783116,-0.007997091168512944,0.4308635666836995,9.711062446845812,0.0,True,15,3148,0.007157710539748556,0.4672808132147395,2974,0.002659135713504559,0.40484196368527237,3663,0.003432143226846783,0.4206934206934207
feat_range_pos_50:2:SHORT:h15,SPOT,feat_range_pos_50,2,SHORT,8334,-0.0012244303518019434,-0.0049539862739079975,0.3324934005279578,-5.595077178489943,2.2052364823110793e-08,False,15,2746,-0.0008291182841175665,0.33029861616897305,2686,-0.003049725235139182,0.27513030528667165,2902,9.094356921202058e-05,0.38766368022053754
feat_vol_sma_ratio:0:SHORT:h15,SPOT,feat_vol_sma_ratio,0,SHORT,16075,-0.0012266958024528445,-0.0036288610038610032,0.2739035769828927,-8.564119323092875,0.0,False,15,6401,-0.0012288490307540997,0.2746445867833151,4094,-0.0014671941766301177,0.2618466047874939,5580,-0.0010477740895069498,0.28189964157706093
feat_vol_breakout:0:SHORT:h15,SPOT,feat_vol_breakout,0,SHORT,21394,-0.0012322925890493987,-0.0035627382222899236,0.2857343180330934,-9.097549866325862,0.0,False,15,7145,-0.0010086114618811407,0.2940517844646606,7152,-0.001941751103961885,0.2639821029082774,7097,-0.0007425299224245023,0.2992813865013386
feat_buy_vol_ratio:0:LONG:h15,PERP,feat_buy_vol_ratio,0,LONG,10551,0.004219491105249569,-0.0070075002579181225,0.4316178561273813,10.093388157096044,0.0,True,15,3747,0.004659764791040762,0.4358153189218041,3244,0.0037000078522812663,0.41800246609124536,3560,0.004229462501870236,0.4396067415730337
feat_close_position:0:LONG:h15,PERP,feat_close_position,0,LONG,10551,0.004219491105249569,-0.0070075002579181225,0.4316178561273813,10.093388157096044,0.0,True,15,3747,0.004659764791040762,0.4358153189218041,3244,0.0037000078522812663,0.41800246609124536,3560,0.004229462501870236,0.4396067415730337
feat_vol_breakout:1:LONG:h15,PERP,feat_vol_breakout,1,LONG,9597,0.0030404058899279624,-0.008204137460455296,0.40377201208711055,7.253835393666758,4.050093593832571e-13,True,15,3950,0.002791873172132348,0.40632911392405063,2709,0.0016159425841464016,0.3639719453672942,2938,0.0046879808833435255,0.43703199455411845
feat_atr_ratio:1:SHORT:h15,SPOT,feat_atr_ratio,1,SHORT,9407,-0.001278941457387167,-0.004512712419468162,0.28531944296800255,-7.726762323744496,1.1102230246251565e-14,False,15,3170,-0.0015741610731339574,0.2782334384858044,3009,-0.0006284382964798959,0.2874709205716185,3228,-0.0015953967948260312,0.290272614622057
feat_range_expansion:1:LONG:h15,PERP,feat_range_expansion,1,LONG,10029,0.0038309281575882566,-0.008654495957762716,0.41808754611626286,8.749188921198527,0.0,True,15,3454,0.0033849290295635626,0.41546033584250147,3261,0.0043600779791817465,0.4133701318613922,3314,0.0037750812716440553,0.42546771273385636
feat_buy_vol_ratio:1:LONG:h15,PERP,feat_buy_vol_ratio,1,LONG,10151,0.0035977666417168343,-0.008578840187977981,0.4180868879913309,8.349178585674492,0.0,True,15,3236,0.005217024101820714,0.4323238566131026,3375,0.0025244955187567883,0.39644444444444443,3540,0.0031408098335512966,0.42570621468926556
feat_close_position:1:LONG:h15,PERP,feat_close_position,1,LONG,10151,0.0035977666417168343,-0.008578840187977981,0.4180868879913309,8.349178585674492,0.0,True,15,3236,0.005217024101820714,0.4323238566131026,3375,0.0025244955187567883,0.39644444444444443,3540,0.0031408098335512966,0.42570621468926556
feat_squeeze:1:SHORT:h15,SPOT,feat_squeeze,1,SHORT,11150,-0.0013346168924961424,-0.004287418666594352,0.28053811659192823,-8.95259341793662,0.0,False,15,3594,-0.0012829648109885191,0.27406789092932665,3618,-0.0019656022332604607,0.2609176340519624,3938,-0.0008020451855517776,0.30446927374301674
feat_vol_breakout_strength:0:SHORT:h15,SPOT,feat_vol_breakout_strength,0,SHORT,18128,-0.0013486230915068678,-0.0034474107698484325,0.2739960282436011,-8.913089907345865,0.0,False,15,6997,-0.0013794260103794547,0.27983421466342717,4920,-0.0015112814293819525,0.26199186991869916,6211,-0.0011850734142090243,0.2769280309128965
feat_vol_sma_ratio:1:LONG:h15,PERP,feat_vol_sma_ratio,1,LONG,9887,0.004286867802680047,-0.00844716981132073,0.42368767067866897,9.601636194063719,0.0,True,15,3206,0.005883329407607033,0.43636930754834685,3180,0.004405705457551902,0.4106918238993711,3501,0.0027169850126519367,0.42387889174521565
feat_intraday_mom:2:LONG:h15,PERP,feat_intraday_mom,2,LONG,9813,0.002923577985420762,-0.009390506239963877,0.4020177315805564,6.5455261634388915,5.928635360419321e-11,True,15,3361,0.0031268451361740083,0.4138649211544183,3234,0.002840978858241877,0.38620902906617194,3218,0.0027942879554688823,0.4055313859540087
feat_trend_strength_20:2:SHORT:h15,SPOT,feat_trend_strength_20,2,SHORT,10048,-0.0014289482651741636,-0.00445063918552553,0.2984673566878981,-8.608646066369593,0.0,False,15,3147,-0.0005032910081185051,0.30664124563075945,2968,-0.003664479153649366,0.22473045822102425,3933,-0.00048259375486644953,0.3475718281210272
feat_session_mom:2:LONG:h15,PERP,feat_session_mom,2,LONG,11349,0.0032855384975950274,-0.009147812126172614,0.4125473610009692,7.8780000359837254,3.3306690738754696e-15,True,15,3953,0.0039022067716618977,0.42954717935745,3688,0.002809426213428887,0.3899132321041215,3708,0.0031016691385384984,0.41693635382955774
feat_ret_sign_streak:1:LONG:h15,PERP,feat_ret_sign_streak,1,LONG,7992,0.0034824549393650153,-0.00815218194241617,0.41854354354354356,7.285509492947815,3.204103649068202e-13,True,15,2658,0.003388703113039421,0.4198645598194131,2624,0.003372234198217729,0.4058689024390244,2710,0.003681130798827711,0.42952029520295204
feat_ret_1:0:SHORT:h15,SPOT,feat_ret_1,0,SHORT,20662,-0.0014569308886308078,-0.003675442795595929,0.2764979188849095,-10.347442332114017,0.0,False,15,7005,-0.0009479278623108511,0.28922198429693075,6680,-0.0022502978866361565,0.25329341317365267,6977,-0.001208382035641783,0.2859395155510965
feat_overnight_ret:0:SHORT:h15,SPOT,feat_overnight_ret,0,SHORT,21422,-0.0014705474067061546,-0.003729242706551926,0.2776584819344599,-10.723113590413925,0.0,False,15,7328,-0.0010673205808571981,0.28725436681222705,6887,-0.0022025617563938733,0.2554087411064324,7207,-0.0011810321234429159,0.2891633134452615
feat_gap:1:LONG:h15,PERP,feat_gap,1,LONG,8622,0.005399580808194929,-0.008476540254220026,0.43157040129900254,10.075469232096578,0.0,True,15,2984,0.0064740223681445455,0.44269436997319034,2768,0.0030752726489750044,0.39414739884393063,2870,0.006524163167021091,0.4560975609756098
feat_hl_range:0:SHORT:h15,SPOT,feat_hl_range,0,SHORT,22074,-0.0014955320262121806,-0.0037437354688711335,0.2702274168705264,-11.408078587797055,0.0,False,15,8165,-0.0014875037306176762,0.27409675443968157,6363,-0.0016353596102449245,0.25742574257425743,7546,-0.001386312322571679,0.27683540948847074
feat_kc_width:1:SHORT:h15,SPOT,feat_kc_width,1,SHORT,10441,-0.0015389549208215734,-0.004453138759592383,0.27803850205918973,-9.97677513652097,0.0,False,15,3371,-0.0008847089954811845,0.2963512310886977,3351,-0.0021813096816854847,0.25484929871680095,3719,-0.0015531878357630865,0.28233396074213496
feat_donchian_width_20:2:SHORT:h15,SPOT,feat_donchian_width_20,2,SHORT,9533,-0.0015582423609544803,-0.004424337133780555,0.2751494807510752,-9.59739266775763,0.0,False,15,3874,-0.0014240489814627301,0.26819824470831183,3448,-0.0035152242898832233,0.22157772621809746,2211,0.0012584960102781145,0.370872908186341
feat_ret_3:0:SHORT:h15,SPOT,feat_ret_3,0,SHORT,16323,-0.0015888864813564593,-0.003367781155015131,0.28125957238252774,-9.682456734968477,0.0,False,15,5385,-0.0012673766544808928,0.2950789229340761,5508,-0.0022394119549975764,0.25544662309368193,5430,-0.001247861823697094,0.2937384898710866
feat_atr_percent:1:SHORT:h15,SPOT,feat_atr_percent,1,SHORT,10483,-0.0016038927566328512,-0.004511160714285728,0.2770199370409234,-10.413159088627872,0.0,False,15,3358,-0.0010226617575225386,0.2945205479452055,3405,-0.0022539622176483334,0.2540381791483113,3720,-0.0015335398480991725,0.28225806451612906
feat_ret_5:0:SHORT:h15,SPOT,feat_ret_5,0,SHORT,15311,-0.0016621994878560154,-0.0034983151412427247,0.2838482137025668,-9.771110517296979,0.0,False,15,5088,-0.0014896993471890773,0.2957940251572327,5227,-0.0020577314195173936,0.2649703462789363,4996,-0.0014240560348775051,0.29143314651721375
feat_price_roc_5:0:SHORT:h15,SPOT,feat_price_roc_5,0,SHORT,15311,-0.0016621994878560154,-0.0034983151412427247,0.2838482137025668,-9.771110517296979,0.0,False,15,5088,-0.0014896993471890773,0.2957940251572327,5227,-0.0020577314195173936,0.2649703462789363,4996,-0.0014240560348775051,0.29143314651721375
feat_macd_12_26:1:SHORT:h15,SPOT,feat_macd_12_26,1,SHORT,9030,-0.0016914224264278346,-0.0037799693615636096,0.27231450719822814,-8.089726884042882,4.440892098500626e-16,False,15,3164,-0.0012788517614902007,0.28476611883691527,2967,-0.0017352383916632709,0.26457701381867205,2899,-0.002096862790349578,0.2666436702311142
feat_buy_vol_ratio:2:LONG:h15,PERP,feat_buy_vol_ratio,2,LONG,9833,0.0030733246487963583,-0.00938943802311667,0.40597986372419403,6.9324659668937265,4.135802811333633e-12,True,15,3289,0.003933075264233947,0.4250532076619033,3379,0.00238861107345005,0.38561704646345074,3165,0.002910900445611825,0.40789889415481834
feat_close_position:2:LONG:h15,PERP,feat_close_position,2,LONG,9833,0.0030733246487963583,-0.00938943802311667,0.40597986372419403,6.9324659668937265,4.135802811333633e-12,True,15,3289,0.003933075264233947,0.4250532076619033,3379,0.00238861107345005,0.38561704646345074,3165,0.002910900445611825,0.40789889415481834
feat_ret_1:1:LONG:h15,PERP,feat_ret_1,1,LONG,10299,0.002959688247462251,-0.007908039364306174,0.4134381978832896,7.535847618180401,4.8405723873656825e-14,True,15,3675,0.0044850778439022975,0.43727891156462584,3223,0.0013657127962358776,0.37977040024821596,3401,0.0028219570249939873,0.4195824757424287
feat_stoch_k_14:0:SHORT:h15,SPOT,feat_stoch_k_14,0,SHORT,10483,-0.0017146334591025521,-0.004294580419580486,0.28503291042640466,-11.78336062609994,0.0,False,15,3514,-0.002102274869336866,0.2817302219692658,3697,-0.0016682819869687773,0.2780632945631593,3272,-0.0013506938126829878,0.29645476772616136
feat_cci_20:0:SHORT:h15,SPOT,feat_cci_20,0,SHORT,10664,-0.0017168180898312546,-0.004186405613857906,0.28019504876219054,-11.113408151520908,0.0,False,15,3306,-0.002131808210027346,0.2710223835450696,3711,-0.0019866118361154396,0.2740501212611156,3647,-0.001066101903971947,0.2947628187551412
feat_session_mom:0:SHORT:h15,SPOT,feat_session_mom,0,SHORT,24092,-0.0017175936256221024,-0.003941059733333651,0.2732442304499419,-13.733084305008807,0.0,False,15,8317,-0.0015323043704632414,0.2769027293495251,7590,-0.00229475159072999,0.25138339920948616,8185,-0.0013706689805380924,0.28979841172877213
feat_trend_neutral:0:SHORT:h15,SPOT,feat_trend_neutral,0,SHORT,13386,-0.0017541977046044899,-0.005624216880699955,0.2985208426714478,-10.525954822724172,0.0,False,15,4477,-0.0013179132853617993,0.2968505695778423,3837,-0.003677191917462136,0.24133437581443837,5072,-0.0006845440275963544,0.3432570977917981
feat_ret_sign_streak:0:SHORT:h15,SPOT,feat_ret_sign_streak,0,SHORT,21606,-0.0017717864786556978,-0.003917211328976056,0.27126724058132,-13.09649111638996,0.0,False,15,7341,-0.0013813377081197983,0.2812968260454979,7035,-0.002406830112312684,0.2527363184079602,7230,-0.001550313790097902,0.27911479944674966
feat_range_pos_20:1:SHORT:h15,SPOT,feat_range_pos_20,1,SHORT,9177,-0.00177366518239691,-0.004860957467098962,0.2730739893211289,-9.81142098244101,0.0,False,15,3245,-0.0010890269272140376,0.2902927580893683,2773,-0.0019039404932115194,0.25243418680129825,3159,-0.0023625849991678848,0.27350427350427353
feat_stoch_d_14:0:SHORT:h15,SPOT,feat_stoch_d_14,0,SHORT,10222,-0.0017746548187041987,-0.004386103334181726,0.29162590491097634,-12.104164273208603,0.0,False,15,3365,-0.0023527100437894604,0.2802377414561664,3611,-0.0017716858914798277,0.287454998615342,3246,-0.0011787105684870993,0.3080714725816389
feat_bb_squeeze_20:2:SHORT:h15,SPOT,feat_bb_squeeze_20,2,SHORT,10310,-0.0018133550358379606,-0.004160868316968992,0.26663433559650823,-12.105282776946062,0.0,False,15,4075,-0.0018038672954790954,0.2620858895705521,3321,-0.003474292396270819,0.21379102679915687,2914,6.629850981582944e-05,0.33321894303363075
feat_price_accel:0:SHORT:h15,SPOT,feat_price_accel,0,SHORT,17125,-0.001829374502977804,-0.0035274383470340134,0.27106569343065695,-11.572496730866364,0.0,False,15,5760,-0.0014539696423544021,0.28368055555555555,5633,-0.0025225583863004927,0.25208592224391974,5732,-0.0015254015759774693,0.27704117236566644
feat_macd_12_26:2:SHORT:h15,SPOT,feat_macd_12_26,2,SHORT,9738,-0.0018305766559310085,-0.005491339063281276,0.3076607106181968,-8.410232617985724,0.0,False,15,3258,-0.0014264463734181207,0.3060159607120933,3189,-0.003135022846375557,0.26089683286296644,3291,-0.0009666379014792695,0.35460346399270737
feat_bb_pos_20:0:SHORT:h15,SPOT,feat_bb_pos_20,0,SHORT,10166,-0.001844785403370128,-0.004502747151411882,0.28172339169781624,-12.781549505559683,0.0,False,15,3055,-0.002159895198664424,0.28085106382978725,3697,-0.002019239460359317,0.2696781173924804,3414,-0.0013738958095467233,0.2955477445811365
feat_zscore_20:0:SHORT:h15,SPOT,feat_zscore_20,0,SHORT,10166,-0.001844785403370128,-0.004502747151411882,0.28172339169781624,-12.781549505559683,0.0,False,15,3055,-0.002159895198664424,0.28085106382978725,3697,-0.002019239460359317,0.2696781173924804,3414,-0.0013738958095467233,0.2955477445811365
feat_intraday_mom:0:LONG:h15,PERP,feat_intraday_mom,0,LONG,10505,0.004093310733486772,-0.0074478467592087,0.42979533555449784,9.642423062469918,0.0,True,15,3506,0.004940763360602429,0.43582430119794635,3392,0.003339646778168655,0.4201061320754717,3607,0.003978328539356348,0.43304685334072635
feat_donchian_break:1:SHORT:h15,SPOT,feat_donchian_break,1,SHORT,8530,-0.001846614526016591,-0.005311928219563595,0.27819460726846423,-10.167749389343804,0.0,False,15,2702,-0.0012244400511922718,0.2920059215396003,2536,-0.0019120554340566723,0.2657728706624606,3292,-0.002306868866291702,0.2764277035236938
feat_close_pos_ma:1:LONG:h15,PERP,feat_close_pos_ma,1,LONG,10472,0.0028191639796194675,-0.009119720489172665,0.41233766233766234,6.787772168713855,1.1387779608185156e-11,True,15,3553,0.0036454921435305036,0.42696312974950745,3354,0.0023991456913131787,0.3920691711389386,3565,0.002390776145847624,0.4168302945301543
feat_williams_r_14:2:SHORT:h15,SPOT,feat_williams_r_14,2,SHORT,9458,-0.0018541742057357764,-0.004932513708311177,0.29319094946077395,-11.698191639471933,0.0,False,15,3146,-0.002375570065661913,0.2902097902097902,3407,-0.0017382039860823705,0.2817728206633402,2905,-0.0014255336422354424,0.3098106712564544
feat_hour_utc:2:SHORT:h15,SPOT,feat_hour_utc,2,SHORT,10560,-0.0018556181349910234,-0.003958034545789456,0.2987689393939394,-10.54921302263682,0.0,False,15,0,0.0,0.0,0,0.0,0.0,10560,-0.0018556181349910234,0.2987689393939394
feat_keltner_pos:2:SHORT:h15,SPOT,feat_keltner_pos,2,SHORT,8719,-0.0018657774994813101,-0.005499924732801519,0.2809955270099782,-10.14730216575769,0.0,False,15,2745,-0.0014219748564520919,0.2641165755919854,3051,-0.003965228817459328,0.22615535889872174,2923,-9.116658055016804e-05,0.3540882654806705
feat_donchian_break:0:SHORT:h15,SPOT,feat_donchian_break,0,SHORT,10755,-0.0018792005301038345,-0.004159935704239505,0.2717805671780567,-13.814075398386901,0.0,False,15,3892,-0.002265334965564497,0.26258992805755393,3861,-0.002268539987068315,0.2535612535612536,3002,-0.0008778431463087773,0.30712858094603596
feat_ema_cross_10_20:2:SHORT:h15,SPOT,feat_ema_cross_10_20,2,SHORT,9571,-0.0018854681398554063,-0.005620190318576748,0.3003865844739317,-8.932463369967719,0.0,False,15,3163,-0.0015835783289111045,0.2905469490989567,3128,-0.003276852565661949,0.2538363171355499,3280,-0.0008496836850060045,0.3542682926829268
feat_atr_norm_ext:0:SHORT:h15,SPOT,feat_atr_norm_ext,0,SHORT,10150,-0.0018931281236624065,-0.004453138759592383,0.2774384236453202,-13.121024880952389,0.0,False,15,3269,-0.0022299714911547626,0.2728663199755277,3675,-0.0021572408693996178,0.26476190476190475,3206,-0.001246916236913572,0.2966313162819713
feat_hl_range:1:LONG:h15,PERP,feat_hl_range,1,LONG,10892,0.0038315701826578596,-0.009043216177988605,0.41874770473742196,9.424326606056495,0.0,True,15,3704,0.004952127215186536,0.42548596112311016,3477,0.0030985737967375417,0.40437158469945356,3711,0.0033999035659396503,0.42549178119105363
feat_mean_rev_strength:2:SHORT:h15,SPOT,feat_mean_rev_strength,2,SHORT,10339,-0.0019078176033297325,-0.0044481396114586765,0.28087822806847856,-13.295992810611594,0.0,False,15,3176,-0.0022376172264279193,0.27928211586901763,3685,-0.0021135803661237566,0.2689280868385346,3478,-0.0013886458425891271,0.2949971247843588
feat_stoch_k_14:1:SHORT:h15,SPOT,feat_stoch_k_14,1,SHORT,8948,-0.0019486334157760748,-0.005138715438117582,0.26765757711220384,-11.524979862191302,0.0,False,15,3006,-0.0013444001467252773,0.28176979374584166,2741,-0.002450778121389632,0.23568040860999634,3201,-0.0020860737683783674,0.281786941580756
feat_bb_width_20:1:SHORT:h15,SPOT,feat_bb_width_20,1,SHORT,10095,-0.0019566523059867972,-0.004648981738934371,0.2716196136701337,-11.091334424080497,0.0,False,15,3364,-0.0021661531553377367,0.26040428061831156,3398,-0.002309275208040254,0.25367863449087696,3333,-0.0013857031675546915,0.30123012301230123
feat_atr_ratio:2:SHORT:h15,SPOT,feat_atr_ratio,2,SHORT,9550,-0.0019597798744800817,-0.005255542823999796,0.30219895287958115,-11.20975907746161,0.0,False,15,2697,-0.001639248605654751,0.30515387467556543,2344,-0.0032967599532890395,0.25853242320819114,4509,-0.0014564734933076961,0.3231315147482812
feat_ext_strength:2:SHORT:h15,SPOT,feat_ext_strength,2,SHORT,9686,-0.0019852410958717563,-0.005680500569855638,0.2820565765021681,-10.291420254021384,0.0,False,15,3192,-0.0010533997495630729,0.27380952380952384,2997,-0.004236127470555256,0.2175508842175509,3497,-0.0009067541391919918,0.3448670288818988
feat_vol_regime:1:SHORT:h15,SPOT,feat_vol_regime,1,SHORT,9417,-0.002014320154299791,-0.004870028700286879,0.26866305617500263,-11.222987178582994,0.0,False,15,3291,-0.002532724534863643,0.2512914007900334,3014,-0.002313533960181991,0.2644326476443265,3112,-0.0011763062637584715,0.2911311053984576
feat_vol_contraction:1:SHORT:h15,SPOT,feat_vol_contraction,1,SHORT,9417,-0.002014320154299791,-0.004870028700286879,0.26866305617500263,-11.222987178582994,0.0,False,15,3291,-0.002532724534863643,0.2512914007900334,3014,-0.002313533960181991,0.2644326476443265,3112,-0.0011763062637584715,0.2911311053984576
feat_asia_vol:2:SHORT:h15,SPOT,feat_asia_vol,2,SHORT,9732,-0.002035496022133852,-0.005253285116838435,0.26942046855733665,-11.279679525168529,0.0,False,15,9732,-0.002035496022133852,0.26942046855733665,0,0.0,0.0,0,0.0,0.0
feat_vol_trend:2:SHORT:h15,SPOT,feat_vol_trend,2,SHORT,10226,-0.0020407583981499632,-0.005766741071428524,0.2849599061216507,-10.664326602875844,0.0,False,15,3618,-0.0014272838731171176,0.27805417357656165,3046,-0.003923392075042182,0.2232435981615233,3562,-0.0010539668910626906,0.34475014037057833
feat_asia_range:0:SHORT:h15,SPOT,feat_asia_range,0,SHORT,27728,-0.002044642733511199,-0.004276699359035875,0.27549769186381995,-17.973311097736964,0.0,False,15,6853,-0.000836052777276009,0.28002334743907775,10315,-0.003041110666662223,0.24866698982064955,10560,-0.0018556181349910234,0.2987689393939394
feat_vwap_lower_dist:0:SHORT:h15,SPOT,feat_vwap_lower_dist,0,SHORT,9973,-0.002067151282038895,-0.004710533955648934,0.2746415321367693,-12.977126331851021,0.0,False,15,3197,-0.0031112954659782005,0.24835783547075382,3629,-0.0017781326507422405,0.27555800496004407,3147,-0.0013397028095004783,0.30028598665395617
feat_ret_20:1:SHORT:h15,SPOT,feat_ret_20,1,SHORT,9704,-0.0020695807812932715,-0.003752336448598087,0.2826669414674361,-10.7018526144868,0.0,False,15,3265,-0.0012715715785506399,0.2986217457886677,3157,-0.002027619484632251,0.2701932214127336,3282,-0.002903819617525304,0.27879341864716634
feat_ret_10:0:SHORT:h15,SPOT,feat_ret_10,0,SHORT,12662,-0.0020753107710488232,-0.004043688019297742,0.2753909335018165,-12.562110012054776,0.0,False,15,4204,-0.0021829028867171533,0.2856803044719315,4437,-0.0024840900547136776,0.25850800090151005,4021,-0.0015117517220832389,0.28326286993285255
feat_trend_slope_20:2:SHORT:h15,SPOT,feat_trend_slope_20,2,SHORT,9157,-0.0020781171594015033,-0.005798794865077275,0.2888500600633395,-10.144494573230967,0.0,False,15,3151,-0.0012175473989949415,0.2897492859409711,2711,-0.004035054213632779,0.2253780892659535,3295,-0.0012909848258719388,0.3402124430955994
feat_vol_breakout_strength:1:LONG:h15,PERP,feat_vol_breakout_strength,1,LONG,10556,0.003570724080956705,-0.008584911628085029,0.4178666161424782,8.575083082519063,0.0,True,15,3631,0.0037384154832400345,0.4199944918755164,3285,0.004408015635031166,0.41339421613394217,3640,0.0026478146752354484,0.4197802197802198
feat_ret_autocorr:0:SHORT:h15,SPOT,feat_ret_autocorr,0,SHORT,8996,-0.002110466731725692,-0.005421249039696946,0.2799021787461094,-12.061855736511427,0.0,False,15,2905,-0.002176961420274531,0.26712564543889844,3020,-0.0020256052005264385,0.2758278145695364,3071,-0.002131018589097025,0.29599478997069356
feat_squeeze:2:SHORT:h15,SPOT,feat_squeeze,2,SHORT,10177,-0.0021118255598787405,-0.005568339100345989,0.2976319151026825,-12.034932400000626,0.0,False,15,3297,-0.0018447010569066617,0.2981498331816803,2706,-0.0030785242752602035,0.2509238728750924,4174,-0.0016961146740322398,0.32750359367513177
feat_ext_vs_ma_20:0:SHORT:h15,SPOT,feat_ext_vs_ma_20,0,SHORT,11411,-0.00212087608164305,-0.004651113467656418,0.2648321794759443,-13.46052400954725,0.0,False,15,3554,-0.0027851104830304715,0.25604952166572875,4108,-0.002302799243002239,0.25851996105160663,3749,-0.0012918471647600295,0.2800746865830888
feat_overnight_ret:1:LONG:h15,PERP,feat_overnight_ret,1,LONG,8876,0.004188166317378663,-0.00978525828998816,0.4111086074808472,8.232937332810868,2.220446049250313e-16,True,15,3058,0.005055384492392939,0.42053629823413996,2915,0.0024341030779192275,0.38181818181818183,2903,0.005035958657657894,0.4305890458146745
feat_ema_cross_10_20:1:SHORT:h15,SPOT,feat_ema_cross_10_20,1,SHORT,9636,-0.0021393486773835556,-0.003918716204430473,0.2671232876712329,-10.239216526816456,0.0,False,15,3498,-0.0015821829028590413,0.2861635220125786,3074,-0.002184157923438691,0.25927130774235524,3064,-0.0027304786567938894,0.25326370757180156
feat_ext_vs_ma_10:0:SHORT:h15,SPOT,feat_ext_vs_ma_10,0,SHORT,13033,-0.002145368124572601,-0.004081862231853667,0.27545461520755005,-12.061121829804005,0.0,False,15,4234,-0.0026330036089234,0.28034955125177136,4631,-0.002223873286737584,0.26408982941049447,4168,-0.0015627850999259312,0.28310940499040305
feat_ext_strength:0:SHORT:h15,SPOT,feat_ext_strength,0,SHORT,12782,-0.002150415648216963,-0.00427479526842578,0.27648255359098733,-14.040478235196362,0.0,False,15,4105,-0.00281043608665508,0.27064555420219244,4367,-0.0025949789875671,0.25555301122051755,4310,-0.0010713455779778642,0.30324825986078885
feat_hour_utc:0:SHORT:h15,SPOT,feat_hour_utc,0,SHORT,10560,-0.002159997738089287,-0.005059002253294285,0.27443181818181817,-11.723806634728492,0.0,False,15,10560,-0.002159997738089287,0.27443181818181817,0,0.0,0.0,0,0.0,0.0
feat_keltner_pos:0:SHORT:h15,SPOT,feat_keltner_pos,0,SHORT,10591,-0.0021958584280610707,-0.004645502645502621,0.2677745255405533,-15.985280983521802,0.0,False,15,3417,-0.002384657032992663,0.2704126426690079,3858,-0.002504911546514983,0.2527216174183515,3316,-0.0016417414907732401,0.2825693606755127
feat_williams_r_14:1:SHORT:h15,SPOT,feat_williams_r_14,1,SHORT,8965,-0.0022046884991630826,-0.004757953308334326,0.26056887897378694,-13.581339559952896,0.0,False,15,3058,-0.0015791706732500653,0.27174623937213865,2720,-0.0026280367057989647,0.2363970588235294,3187,-0.002443573466088848,0.2704737998117352
feat_donchian_width_20:1:SHORT:h15,SPOT,feat_donchian_width_20,1,SHORT,9480,-0.0022164383650347215,-0.004791205339395138,0.26624472573839664,-13.929619122742961,0.0,False,15,3097,-0.0024693213840413742,0.25734581853406524,2999,-0.002842192446506911,0.2367455818606202,3384,-0.0014304409654488184,0.300531914893617
feat_vwap_dist:0:SHORT:h15,SPOT,feat_vwap_dist,0,SHORT,10284,-0.0022257463607096594,-0.004697877768024639,0.26837806301050177,-14.557122997534302,0.0,False,15,3422,-0.0030505627869256945,0.24780829924021042,3569,-0.001973060309242615,0.266741384141216,3293,-0.0016424832897028604,0.2915274825387185
feat_realized_vol_20:0:SHORT:h15,SPOT,feat_realized_vol_20,0,SHORT,12464,-0.0022311606454726153,-0.004010032082225198,0.27326700898587936,-12.877259259675018,0.0,False,15,4002,-0.0019355271617581549,0.2933533233383308,4554,-0.0029471505709068755,0.2437417654808959,3908,-0.0016995606151240085,0.28710337768679633
feat_bb_squeeze_20:0:SHORT:h15,SPOT,feat_bb_squeeze_20,0,SHORT,8268,-0.002252996497266332,-0.00585449381003357,0.2818093855829705,-12.365862431801276,0.0,False,15,2193,-0.0017894168173466056,0.2973096215230278,2729,-0.0016777384287318749,0.28838402345181385,3346,-0.0030260118908988767,0.2662881052002391
feat_range_pos_20:0:SHORT:h15,SPOT,feat_range_pos_20,0,SHORT,10927,-0.0022544999299471524,-0.004424337133780555,0.2759220280040267,-14.82942669889371,0.0,False,15,3537,-0.002688679509025986,0.26547921967769295,3943,-0.002524809684321552,0.26959168146081663,3447,-0.001499778568560412,0.29387873513199886
feat_vwap_upper_dist:0:SHORT:h15,SPOT,feat_vwap_upper_dist,0,SHORT,10723,-0.002256352389191682,-0.004576796086295182,0.26466473934533247,-15.517093116364656,0.0,False,15,3678,-0.0030586475819303263,0.24306688417618272,3565,-0.0018595071213146886,0.26760168302945303,3480,-0.0018149476941022417,0.28448275862068967
feat_ret_vol:2:SHORT:h15,SPOT,feat_ret_vol,2,SHORT,10350,-0.0022576593532002676,-0.005717262202855185,0.2855072463768116,-11.826241987727194,0.0,False,15,3637,-0.0017267041291934876,0.2815507286224911,3264,-0.00413911489773472,0.23069852941176472,3449,-0.0010370195307451227,0.3415482748622789
feat_rsi_21:2:SHORT:h15,SPOT,feat_rsi_21,2,SHORT,9271,-0.0022620801174227964,-0.005582275891992603,0.2808758494229317,-10.71830825114439,0.0,False,15,3046,-0.0017025734230918293,0.27905449770190416,3075,-0.0041394765536890196,0.23284552845528456,3150,-0.0009704176886651725,0.3295238095238095
feat_time_since_high_20:2:SHORT:h15,SPOT,feat_time_since_high_20,2,SHORT,8089,-0.0022680571793340203,-0.0037804775869292604,0.25627395228087524,-12.879432074809928,0.0,False,15,2767,-0.001365116154090461,0.27141308276111314,2662,-0.0037608857958966726,0.22539444027047334,2660,-0.0017133684724013715,0.2714285714285714
feat_rsi_7:2:SHORT:h15,SPOT,feat_rsi_7,2,SHORT,9892,-0.0022692873253914296,-0.005108126042211225,0.2681965224423777,-12.047454758981132,0.0,False,15,3285,-0.0019772401122729547,0.26757990867579906,3335,-0.003485822414657423,0.23568215892053973,3272,-0.001322536277834002,0.3019559902200489
feat_adx_14:1:SHORT:h15,SPOT,feat_adx_14,1,SHORT,7860,-0.0022782787335252413,-0.005704500653540997,0.28040712468193385,-12.529644276595333,0.0,False,15,2510,-0.0022774886022607103,0.2613545816733068,2704,-0.0030151061749805665,0.24778106508875739,2646,-0.0015260496434945424,0.3318216175359032
feat_ret_vol:1:SHORT:h15,SPOT,feat_ret_vol,1,SHORT,7739,-0.0022897845397064826,-0.0038680930959312386,0.27716759271223673,-10.01709840908777,0.0,False,15,2526,-0.0015629968761378353,0.2925574030087094,2556,-0.0017459887792059506,0.27816901408450706,2657,-0.003503863426426003,0.26157320286036884
feat_ret_autocorr:2:SHORT:h15,SPOT,feat_ret_autocorr,2,SHORT,10062,-0.0023030152994536323,-0.0046751730103805865,0.26287020473066985,-13.890086736431616,0.0,False,15,3481,-0.0019214275218123527,0.2642918701522551,3143,-0.003140688359602889,0.23003499840916322,3438,-0.001923579763072068,0.2914485165794066
feat_vwap_lower_dist:2:SHORT:h15,SPOT,feat_vwap_lower_dist,2,SHORT,8803,-0.0023047904782928655,-0.005798812700833319,0.2854708622060661,-11.872142817456758,0.0,False,15,3135,-0.0018040578462726975,0.26507177033492824,2414,-0.004256766939627493,0.2448218724109362,3254,-0.0013391253349989006,0.33527965580823604
feat_ext_vs_ma_20:2:SHORT:h15,SPOT,feat_ext_vs_ma_20,2,SHORT,9043,-0.0023057327872542653,-0.00601243493348764,0.2780050868074754,-11.676692366914928,0.0,False,15,2843,-0.0014573774325540444,0.2623988744284207,2868,-0.004175796933155849,0.22873082287308227,3332,-0.0014199375600534802,0.33373349339735897
feat_ret_10:2:SHORT:h15,SPOT,feat_ret_10,2,SHORT,8982,-0.0023105418824671143,-0.005863414019248656,0.26697840124693833,-12.255778518627046,0.0,False,15,2611,-0.001857539857896084,0.2432018383761011,2910,-0.003787981098801124,0.22302405498281788,3461,-0.0014100623004454419,0.3218722912453048
feat_atr_norm_ext:1:SHORT:h15,SPOT,feat_atr_norm_ext,1,SHORT,8641,-0.002319422417559051,-0.005347070517545623,0.2679088068510589,-13.50849214365846,0.0,False,15,3107,-0.001763124443320133,0.2803347280334728,2413,-0.0016852040394212304,0.26688769167012016,3121,-0.0033635706881155647,0.25632809996795897
feat_stoch_d_14:1:SHORT:h15,SPOT,feat_stoch_d_14,1,SHORT,8373,-0.002327257963169801,-0.005629474068663201,0.2547474023647438,-13.321040431373362,0.0,False,15,2889,-0.0014148568533800666,0.27448944271374176,2651,-0.0028155937613188954,0.22859298377970577,2833,-0.0028007308206669038,0.2590893046240734
feat_vwap_upper_dist:2:SHORT:h15,SPOT,feat_vwap_upper_dist,2,SHORT,8388,-0.002332412548523411,-0.00600393730352427,0.28731521220791606,-11.401695487685926,0.0,False,15,2815,-0.0017951174182632304,0.2682060390763766,2540,-0.004340717685232863,0.23976377952755906,3033,-0.0011492245315238723,0.3448730629739532
feat_rsi_14:0:SHORT:h15,SPOT,feat_rsi_14,0,SHORT,12097,-0.002341604620418239,-0.004380952380952394,0.2750268661651649,-15.904967268256327,0.0,False,15,3970,-0.0023447080061037994,0.2818639798488665,4210,-0.0030962608052323495,0.2527315914489311,3917,-0.0015273531577582747,0.2920602501914731
feat_vwap_dist:2:SHORT:h15,SPOT,feat_vwap_dist,2,SHORT,8620,-0.0023606289242030063,-0.005953714435263806,0.28642691415313226,-11.918945062071113,0.0,False,15,2963,-0.0017238358022006657,0.26965912926088426,2525,-0.0043576547587846435,0.24475247524752475,3132,-0.0013530707467363063,0.33588761174968074
feat_atr_norm_ext:2:SHORT:h15,SPOT,feat_atr_norm_ext,2,SHORT,8681,-0.002379453396885016,-0.005609578589036277,0.2636792996198595,-13.291405295210241,0.0,False,15,2770,-0.002064981123417091,0.2407942238267148,2908,-0.004563715338671392,0.20495185694635487,3003,-0.0005543633105684563,0.34165834165834164
feat_vol_trend:0:SHORT:h15,SPOT,feat_vol_trend,0,SHORT,13371,-0.002382834229270893,-0.004374955658034764,0.2696881310298407,-16.179949154124344,0.0,False,15,4269,-0.0029939287086992367,0.25977980791754507,4527,-0.002809289022409211,0.2577866136514248,4575,-0.00139063244102679,0.2907103825136612
feat_rsi_14:2:SHORT:h15,SPOT,feat_rsi_14,2,SHORT,9611,-0.0023885474172053098,-0.005457403485909711,0.27333263968369576,-11.636983591233996,0.0,False,15,3123,-0.0020158987051985505,0.26609029779058596,3186,-0.004162003051538413,0.22944130571249216,3302,-0.0010298412623330644,0.32253179890975164
feat_ret_20:2:SHORT:h15,SPOT,feat_ret_20,2,SHORT,9161,-0.002396380193220427,-0.005877442408575986,0.28195611832769346,-11.57926479206687,0.0,False,15,3213,-0.0017823150427975904,0.2801120448179272,2919,-0.004067958981028233,0.23706748886605003,3029,-0.0014368730445567057,0.32717068339385935
feat_realized_vol_20:1:SHORT:h15,SPOT,feat_realized_vol_20,1,SHORT,10147,-0.0024280667844203633,-0.004788104089219319,0.25603626687690945,-13.958452240489379,0.0,False,15,3457,-0.002861343119041034,0.24414231993057564,3189,-0.0032111488942453215,0.2367513327061775,3501,-0.0012869399243759599,0.2853470437017995
feat_time_since_low_20:1:SHORT:h15,SPOT,feat_time_since_low_20,1,SHORT,13748,-0.002430534632905005,-0.005941880437701565,0.27473086994471924,-17.204200190245498,0.0,False,15,5062,-0.0020395558067718604,0.2672856578427499,4255,-0.0033122500015305267,0.24300822561692126,4431,-0.0020304976038786893,0.31369893929135634
feat_vol_regime:2:SHORT:h15,SPOT,feat_vol_regime,2,SHORT,9585,-0.0024313619761199535,-0.005257289252165398,0.2952529994783516,-13.612675346800238,0.0,False,15,3489,-0.001983302236230502,0.28575523072513614,2858,-0.00349646253349421,0.26137158852344294,3238,-0.0019740497585469686,0.33539221741815933
feat_vol_contraction:2:SHORT:h15,SPOT,feat_vol_contraction,2,SHORT,9585,-0.0024313619761199535,-0.005257289252165398,0.2952529994783516,-13.612675346800238,0.0,False,15,3489,-0.001983302236230502,0.28575523072513614,2858,-0.00349646253349421,0.26137158852344294,3238,-0.0019740497585469686,0.33539221741815933
feat_keltner_pos:1:SHORT:h15,SPOT,feat_keltner_pos,1,SHORT,8384,-0.002436988562201682,-0.005301137058319996,0.26383587786259544,-14.018503839845934,0.0,False,15,3105,-0.002027508555193057,0.2689210950080515,2162,-0.0016618253887705201,0.2641073080481036,3117,-0.0033825574434079558,0.2585819698427976
feat_ret_vol:0:SHORT:h15,SPOT,feat_ret_vol,0,SHORT,13346,-0.0024491640407566066,-0.0046409962782707846,0.2635995803986213,-16.536354275281475,0.0,False,15,4397,-0.0028613652688701356,0.2581305435524221,4495,-0.0029802532104036246,0.24493882091212457,4454,-0.0015062599954987401,0.28783116299955097
feat_range_pos_50:1:SHORT:h15,SPOT,feat_range_pos_50,1,SHORT,9927,-0.002458301047183169,-0.00428636388200508,0.2597965145562607,-12.197852028390217,0.0,False,15,3449,-0.002005958784778482,0.267033922876196,3272,-0.0022649302289775197,0.2561124694376528,3206,-0.0031422803922245457,0.2557704304429195
feat_bb_pos_20:1:SHORT:h15,SPOT,feat_bb_pos_20,1,SHORT,9469,-0.0024676992179328873,-0.004491078053779112,0.27130636814869574,-12.575413019156713,0.0,False,15,3949,-0.0017913232480897038,0.2795644466953659,2656,-0.003140413341962516,0.2582831325301205,2864,-0.0027764561982010555,0.2719972067039106
feat_zscore_20:1:SHORT:h15,SPOT,feat_zscore_20,1,SHORT,9469,-0.0024676992179328873,-0.004491078053779112,0.27130636814869574,-12.575413019156713,0.0,False,15,3949,-0.0017913232480897038,0.2795644466953659,2656,-0.003140413341962516,0.2582831325301205,2864,-0.0027764561982010555,0.2719972067039106
feat_rsi_21:1:SHORT:h15,SPOT,feat_rsi_21,1,SHORT,9590,-0.002474317412972112,-0.004684577123600557,0.26903023983315955,-12.183623526819229,0.0,False,15,3414,-0.002534068613492514,0.2606912712360867,2889,-0.0019183453022194141,0.2661820699203877,3287,-0.0029009109114168604,0.2801947064192273
feat_mean_rev_strength:0:SHORT:h15,SPOT,feat_mean_rev_strength,0,SHORT,8737,-0.0024839904615755228,-0.005951448234137512,0.2702300560833238,-13.514260077952096,0.0,False,15,2657,-0.0019754787283630306,0.253293187805796,2840,-0.004662522164633622,0.21161971830985915,3240,-0.0009914243006065684,0.3354938271604938
feat_cci_20:2:SHORT:h15,SPOT,feat_cci_20,2,SHORT,8893,-0.0024925297203808343,-0.006026888422961351,0.26616439896547844,-13.185278344117336,0.0,False,15,2689,-0.0016487144098277916,0.24656005950167348,2893,-0.004695626314970027,0.21258209471137227,3311,-0.0012528622247392142,0.3289036544850498
feat_ext_vs_ma_10:2:SHORT:h15,SPOT,feat_ext_vs_ma_10,2,SHORT,9072,-0.002501766016173173,-0.005935764633455407,0.2673059964726631,-13.786625968252046,0.0,False,15,2626,-0.0021544004293417977,0.25095201827875097,3065,-0.0038138734810518045,0.22805872756933115,3381,-0.0015820891901353704,0.3155871044069802
feat_rsi_7:1:SHORT:h15,SPOT,feat_rsi_7,1,SHORT,9390,-0.002506026716348462,-0.004943695824490578,0.2702875399361022,-11.859000320615525,0.0,False,15,3234,-0.0017287241663891328,0.27396413110698825,2831,-0.0030461106017461966,0.244789826916284,3325,-0.0028022128718394345,0.28842105263157897
feat_ext_vs_ma_50:2:SHORT:h15,SPOT,feat_ext_vs_ma_50,2,SHORT,8456,-0.002510958872034413,-0.00596653994833253,0.2948202459791864,-11.50855426058789,0.0,False,15,2750,-0.002664968839583803,0.2847272727272727,2837,-0.003592490742718189,0.25590412407472685,2869,-0.001293868133836193,0.3429766469153015
feat_time_since_high_20:1:SHORT:h15,SPOT,feat_time_since_high_20,1,SHORT,11061,-0.002519975473066635,-0.005911781613224355,0.2696862851460085,-16.77687415536033,0.0,False,15,3872,-0.0031250176097906385,0.25645661157024796,3569,-0.0013309876974923211,0.283272625385262,3620,-0.0030450512237929855,0.27044198895027627
feat_rsi_7:0:SHORT:h15,SPOT,feat_rsi_7,0,SHORT,11818,-0.0025258119140120104,-0.004463821562094755,0.2760196310712473,-16.42068596800886,0.0,False,15,3965,-0.0028335206583802943,0.2776796973518285,4048,-0.0030143420670965823,0.2566699604743083,3805,-0.0016854347179261768,0.29487516425755583
feat_trend_slope_20:0:SHORT:h15,SPOT,feat_trend_slope_20,0,SHORT,11074,-0.002527343432162724,-0.004683377872056415,0.25988802600686295,-17.12194819394678,0.0,False,15,3399,-0.0031702949306306014,0.24271844660194175,3855,-0.0028147136764633753,0.25421530479896237,3820,-0.0016652480303115927,0.28089005235602094
feat_bb_squeeze_20:1:SHORT:h15,SPOT,feat_bb_squeeze_20,1,SHORT,8894,-0.0025399088199654367,-0.005551350327296922,0.2632111535866877,-15.568410247123998,0.0,False,15,2878,-0.002506202867382728,0.24669909659485753,2946,-0.003105522242701546,0.24304141208418195,3070,-0.002028738978972752,0.2980456026058632
feat_rsi_21:0:SHORT:h15,SPOT,feat_rsi_21,0,SHORT,12239,-0.0025434249146211877,-0.004429986593177472,0.267096985047798,-17.702384944264494,0.0,False,15,4024,-0.0023567316700287833,0.2798210735586481,4250,-0.0033364290760770185,0.24305882352941177,3965,-0.0018828917317845046,0.27994955863808324
feat_adx_14:0:SHORT:h15,SPOT,feat_adx_14,0,SHORT,7697,-0.0025521269902460844,-0.0061219431227177434,0.2651682473691048,-13.993892358929362,0.0,False,15,2730,-0.0025796229171020407,0.23516483516483516,2343,-0.0017530808262000255,0.2919334186939821,2624,-0.003236997905658872,0.27248475609756095
feat_williams_r_14:0:SHORT:h15,SPOT,feat_williams_r_14,0,SHORT,9064,-0.00256462447689004,-0.005626251951790993,0.2581641659311562,-15.06144167282187,0.0,False,15,2969,-0.002132435777051771,0.24115863927248232,2889,-0.004330829621666617,0.21391484942886813,3206,-0.0013732962131845791,0.3137866500311915
feat_ret_autocorr:1:SHORT:h15,SPOT,feat_ret_autocorr,1,SHORT,9160,-0.0025799042315163036,-0.004787405902009633,0.27467248908296943,-14.127850028639275,0.0,False,15,3097,-0.002242400672106814,0.2734904746528899,3114,-0.004044538829368849,0.24438021836865767,2949,-0.0013877632975652578,0.307900983384198
feat_time_since_high_20:0:SHORT:h15,SPOT,feat_time_since_high_20,0,SHORT,11525,-0.002582832270486583,-0.005311503311503284,0.27809110629067246,-12.29081653938982,0.0,False,15,3601,-0.002203024356327165,0.282421549569564,3964,-0.004207799551683776,0.2288092835519677,3960,-0.0013015994412498124,0.3234848484848485
feat_bb_width_20:0:SHORT:h15,SPOT,feat_bb_width_20,0,SHORT,11791,-0.0026020017589343993,-0.004052683286258164,0.2611313713849546,-14.231788042568155,0.0,False,15,3822,-0.002580795522805017,0.27289377289377287,4339,-0.0028193862288911856,0.24982714911269877,3630,-0.0023644863372660812,0.2622589531680441
feat_rsi_14:1:SHORT:h15,SPOT,feat_rsi_14,1,SHORT,9392,-0.002613576018858427,-0.004860957467098962,0.26607751277683134,-12.847890274766257,0.0,False,15,3391,-0.0022756398386404673,0.2701268062518431,2818,-0.0021843200290288787,0.25656493967352734,3183,-0.0033536278462095934,0.27018535972353125
feat_vwap_dist:1:SHORT:h15,SPOT,feat_vwap_dist,1,SHORT,9993,-0.0026319638215486947,-0.0047168949771688945,0.2554788351846292,-14.792180686284956,0.0,False,15,3319,-0.0017093499648523165,0.2811087677011148,3442,-0.003386914749205162,0.22864613596746078,3232,-0.0027754088393029393,0.25773514851485146
feat_vwap_upper_dist:1:SHORT:h15,SPOT,feat_vwap_upper_dist,1,SHORT,9786,-0.002634403049518432,-0.004824628353598191,0.25894134477825465,-14.472585624357457,0.0,False,15,3211,-0.00153133682135609,0.28994082840236685,3431,-0.0035115491892754153,0.23141941125036433,3144,-0.0028037596821911645,0.25731552162849874
feat_vol_trend:1:SHORT:h15,SPOT,feat_vol_trend,1,SHORT,7838,-0.0026849053696461197,-0.004160313562747138,0.26767032406226077,-11.705724027634679,0.0,False,15,2673,-0.0018198957739798361,0.29292929292929293,2742,-0.002443746484900017,0.2618526622902991,2423,-0.0039120734716641915,0.24638877424680147
feat_mean_rev_strength:1:SHORT:h15,SPOT,feat_mean_rev_strength,1,SHORT,9437,-0.0026972540536547066,-0.0047195863833924025,0.26385503867754584,-13.576649610547546,0.0,False,15,3738,-0.0021117340075772163,0.27019796682718034,2864,-0.0027960806076727887,0.2629189944134078,2835,-0.0033694355991678885,0.2564373897707231
feat_asia_vol:0:SHORT:h15,SPOT,feat_asia_vol,0,SHORT,20961,-0.0027200827770798306,-0.004651113467656418,0.26973903916797864,-20.81124070163203,0.0,False,15,460,-0.008634569001985181,0.3130434782608696,10268,-0.00314261185347864,0.24678613167121152,10233,-0.0020302369625660585,0.2908238053356787
feat_bb_pos_20:2:SHORT:h15,SPOT,feat_bb_pos_20,2,SHORT,8769,-0.0027244971220043448,-0.006056097896328928,0.2609191469950964,-15.159103665882208,0.0,False,15,2522,-0.0024459671121911967,0.23513084853291039,3005,-0.004341755015699986,0.21630615640599002,3242,-0.0014421383046673184,0.32233189389265887
feat_zscore_20:2:SHORT:h15,SPOT,feat_zscore_20,2,SHORT,8769,-0.0027244971220043448,-0.006056097896328928,0.2609191469950964,-15.159103665882208,0.0,False,15,2522,-0.0024459671121911967,0.23513084853291039,3005,-0.004341755015699986,0.21630615640599002,3242,-0.0014421383046673184,0.32233189389265887
feat_kc_width:2:SHORT:h15,SPOT,feat_kc_width,2,SHORT,7506,-0.002734459837099036,-0.00652932195779775,0.28683719690913934,-12.5676241489509,0.0,False,15,2136,-0.002443856517453366,0.27340823970037453,2027,-0.0027302618283627806,0.265416872224963,3343,-0.002922685399310086,0.30840562369129526
feat_ext_vs_ma_10:1:SHORT:h15,SPOT,feat_ext_vs_ma_10,1,SHORT,8970,-0.0027377549252518584,-0.004860884575720068,0.26789297658862876,-14.923012466519173,0.0,False,15,3695,-0.001642158887933994,0.28362652232746954,2584,-0.0037219957751023682,0.23993808049535603,2691,-0.003297007620114658,0.2731326644370123
feat_stoch_d_14:2:SHORT:h15,SPOT,feat_stoch_d_14,2,SHORT,8287,-0.002747453552527355,-0.006111336893341533,0.26595873054181246,-15.080701429435418,0.0,False,15,2735,-0.002408466154773717,0.24716636197440586,2520,-0.004586689945042071,0.2115079365079365,3032,-0.0015245824521708615,0.32816622691292874
feat_gap_fill_ratio:2:LONG:h15,PERP,feat_gap_fill_ratio,2,LONG,100,0.0038246725714266637,-0.005004981370672035,0.47,1.296263601349724,0.19488468412206128,False,15,36,0.0002677962472118417,0.5,26,0.013013677084647648,0.5384615384615384,38,0.0009071312642684521,0.39473684210526316
feat_trend_strength_20:1:SHORT:h15,SPOT,feat_trend_strength_20,1,SHORT,9788,-0.0027539595148854982,-0.0046732888199876015,0.2643032284429914,-15.70965821489251,0.0,False,15,3382,-0.002980444452178091,0.2492607924305145,3334,-0.0035240049604386508,0.2483503299340132,3072,-0.0016688997579200815,0.2981770833333333
feat_trend_slope_20:1:SHORT:h15,SPOT,feat_trend_slope_20,1,SHORT,10444,-0.0027738208686491042,-0.00421688527618691,0.26216009191880507,-13.713788630503675,0.0,False,15,3690,-0.002492712999231789,0.27723577235772356,3629,-0.0026596134769844995,0.2554422705979609,3125,-0.0032383798006493407,0.25216
feat_trend_neutral:1:SHORT:h15,PERP,feat_trend_neutral,1,SHORT,2009,-0.002720443116909129,-0.008365775057449995,0.33349925335988057,-7.1914065604954995,6.412648190234904e-13,False,15,638,-0.0019859499044129845,0.3448275862068966,732,-0.004468288047524791,0.28005464480874315,639,-0.0014515607700576042,0.38341158059467917
feat_trend_neutral:2:SHORT:h15,SPOT,feat_trend_neutral,2,SHORT,10910,-0.0027918924110396258,-0.003906744208216122,0.2641613198900092,-14.252421409299016,0.0,False,15,3710,-0.002681878538474802,0.2816711590296496,3970,-0.002235478638495496,0.2680100755667506,3230,-0.0036021444680723476,0.2393188854489164
feat_atr_percent:2:SHORT:h15,SPOT,feat_atr_percent,2,SHORT,7418,-0.00280859802439904,-0.006490037533434856,0.28808304125101103,-12.903514336499171,0.0,False,15,2109,-0.0024936993351982483,0.27406353722143195,1988,-0.0027801053912296513,0.26609657947686116,3321,-0.0030256304514587246,0.3101475459199036
feat_vwap_lower_dist:1:SHORT:h15,SPOT,feat_vwap_lower_dist,1,SHORT,10121,-0.002829230417223412,-0.0048101638601525335,0.24997529888350953,-16.257786965792025,0.0,False,15,3372,-0.001665940367534972,0.283214709371293,3493,-0.0037142892340618176,0.21929573432579444,3256,-0.0030844833657285935,0.24846437346437347
feat_donchian_width_20:0:SHORT:h15,SPOT,feat_donchian_width_20,0,SHORT,8459,-0.0028427537978663892,-0.0061468432557541045,0.2687078850928006,-16.657307693030077,0.0,False,15,2175,-0.002447608313233636,0.2731034482758621,2549,-0.001812990682005435,0.2899176147508827,3735,-0.0037756340151102476,0.25167336010709507
feat_rsi_divergence:2:SHORT:h15,SPOT,feat_rsi_divergence,2,SHORT,10446,-0.002855999068539842,-0.005593205574912859,0.2424851617844151,-18.71736784050022,0.0,False,15,3293,-0.002114730594762878,0.23443668387488611,3477,-0.004309652207920759,0.21426517112453264,3676,-0.0021450755425659815,0.2763873775843308
feat_ema_cross_10_20:0:SHORT:h15,SPOT,feat_ema_cross_10_20,0,SHORT,12228,-0.0028715555057674917,-0.004793296089385426,0.25915930650964997,-20.98363878118274,0.0,False,15,3899,-0.003145996939132118,0.2508335470633496,4113,-0.0035023000837781956,0.23681011427182105,4216,-0.0020024142348835467,0.28866223908918404
feat_ret_20:0:SHORT:h15,SPOT,feat_ret_20,0,SHORT,11770,-0.0028825698054881907,-0.0049829056580775076,0.24851316907391674,-18.07692655280278,0.0,False,15,3762,-0.0037033960271491985,0.2355130249867092,4079,-0.003222190693570366,0.2360872762932091,3929,-0.001744045537639909,0.2738610333418173
feat_vol_regime:0:SHORT:h15,PERP,feat_vol_regime,0,SHORT,9229,-0.0020031781898643486,-0.0106115421770548,0.3511756419980496,-6.030797232119179,1.631527801748689e-09,False,15,2744,0.00013742679456117253,0.37026239067055394,3388,-0.0020021890427733362,0.33087367178276267,3097,-0.0039008763841194287,0.3564740071036487
feat_vol_contraction:0:SHORT:h15,PERP,feat_vol_contraction,0,SHORT,9229,-0.0020031781898643486,-0.0106115421770548,0.3511756419980496,-6.030797232119179,1.631527801748689e-09,False,15,2744,0.00013742679456117253,0.37026239067055394,3388,-0.0020021890427733362,0.33087367178276267,3097,-0.0039008763841194287,0.3564740071036487
feat_bb_width_20:2:SHORT:h15,SPOT,feat_bb_width_20,2,SHORT,8789,-0.002907531844356422,-0.005994122535676935,0.2776197519626806,-15.184596771597882,0.0,False,15,3054,-0.002180646885361774,0.27570399476096924,2458,-0.004622154800578473,0.23270951993490643,3277,-0.0022988542240866185,0.3130912419896247
feat_ret_5:2:SHORT:h15,SPOT,feat_ret_5,2,SHORT,8483,-0.002911651912347348,-0.006167262202529814,0.266650948956737,-15.949366103658202,0.0,False,15,2419,-0.0028592243688574186,0.24431583298883836,2906,-0.003890620831221467,0.2384721266345492,3158,-0.0020509611427000887,0.30968967701076633
feat_price_roc_5:2:SHORT:h15,SPOT,feat_price_roc_5,2,SHORT,8483,-0.002911651912347348,-0.006167262202529814,0.266650948956737,-15.949366103658202,0.0,False,15,2419,-0.0028592243688574186,0.24431583298883836,2906,-0.003890620831221467,0.2384721266345492,3158,-0.0020509611427000887,0.30968967701076633
feat_donchian_break:2:SHORT:h15,SPOT,feat_donchian_break,2,SHORT,8150,-0.0029185552033467402,-0.006320987654320968,0.26,-15.992720182175304,0.0,False,15,2548,-0.002489236829312795,0.24293563579277866,2570,-0.004470973329891725,0.21634241245136188,3032,-0.0019634722982734823,0.3113456464379947
feat_atr_percent:0:SHORT:h15,PERP,feat_atr_percent,0,SHORT,11598,-0.0028488672417013795,-0.011329357326339102,0.32841869287808245,-10.237574343539782,0.0,False,15,3776,-0.0025914647215733904,0.3273305084745763,4588,-0.0035510270835917273,0.30187445510026156,3234,-0.002153271249558637,0.3673469387755102
feat_adx_14:2:SHORT:h15,SPOT,feat_adx_14,2,SHORT,8548,-0.002923722699904076,-0.00557068752029395,0.2773748245203556,-17.59723720104559,0.0,False,15,3004,-0.0023085466550816247,0.29460719041278294,2752,-0.004490030436516893,0.21875,2792,-0.002041742022070326,0.3166189111747851
feat_realized_vol_20:2:SHORT:h15,SPOT,feat_realized_vol_20,2,SHORT,8024,-0.002930896998463877,-0.006161374423423975,0.28003489531405784,-13.904373369337666,0.0,False,15,2781,-0.002219630502240484,0.2671700827040633,2412,-0.003216088430356845,0.2665837479270315,2831,-0.0033866194966169732,0.3041328152596256
feat_ret_10:1:SHORT:h15,SPOT,feat_ret_10,1,SHORT,9391,-0.003002148564635899,-0.004956557935366685,0.2679160898732829,-15.001688101651812,0.0,False,15,3700,-0.002393565726992541,0.28135135135135136,2933,-0.003259796768801294,0.25434708489601093,2758,-0.0035445975553767698,0.26432197244379985
feat_price_accel:2:SHORT:h15,SPOT,feat_price_accel,2,SHORT,7544,-0.0030036962375212927,-0.0064391491751625615,0.2773064687168611,-16.258626319966623,0.0,False,15,2158,-0.0032348260306329347,0.26737720111214086,2847,-0.0036762187765014887,0.23568668774148227,2539,-0.0020531449330661758,0.33241433635289486
feat_kc_width:0:SHORT:h15,PERP,feat_kc_width,0,SHORT,11704,-0.00278983801974437,-0.011263243044279263,0.3306561859193438,-10.045653774303126,0.0,False,15,3806,-0.0024308271163268605,0.3307934839726747,4632,-0.0036091060003414694,0.3013816925734024,3266,-0.0020462820528984664,0.37201469687691363
feat_ext_strength:1:SHORT:h15,SPOT,feat_ext_strength,1,SHORT,8967,-0.0030175423303474814,-0.004498467198038007,0.26229508196721313,-14.23837786332043,0.0,False,15,3263,-0.00242423658531978,0.27980386147716824,2951,-0.002487668335703559,0.27007793968146393,2753,-0.0042887427677683315,0.2332001452960407
feat_ext_vs_ma_20:1:SHORT:h15,SPOT,feat_ext_vs_ma_20,1,SHORT,10221,-0.0030265968678027254,-0.0039604863221884504,0.26660796399569514,-15.041870473686052,0.0,False,15,3843,-0.0025419798577076074,0.28753577933905805,3219,-0.003108234112878954,0.24852438645542094,3159,-0.0035329573862880547,0.2595758151313707
feat_hour_utc:1:SHORT:h15,SPOT,feat_hour_utc,1,SHORT,10315,-0.003041110666662223,-0.005157716987504229,0.24866698982064955,-16.314004203810185,0.0,False,15,0,0.0,0.0,10315,-0.003041110666662223,0.24866698982064955,0,0.0,0.0
feat_vol_of_vol:1:SHORT:h15,SPOT,feat_vol_of_vol,1,SHORT,10678,-0.0030519846306429565,-0.005357831526552922,0.25866267091215583,-17.278634780778223,0.0,False,15,3537,-0.002538526279864927,0.25841108283856373,3695,-0.0038314178778166195,0.24005412719891744,3446,-0.002743248803131409,0.2788740568775392
feat_range_pos_20:2:SHORT:h15,SPOT,feat_range_pos_20,2,SHORT,8408,-0.0030524629044919524,-0.006092423853960473,0.2632017126546147,-15.862826108638657,0.0,False,15,2776,-0.0025366467060346522,0.24351585014409222,2687,-0.005120639036788276,0.21548195013025678,2945,-0.0016516875222974679,0.3252971137521222
feat_price_accel:1:SHORT:h15,SPOT,feat_price_accel,1,SHORT,6686,-0.0030529841796921755,-0.007098825135073816,0.27355668561172597,-16.041282013877055,0.0,False,15,2642,-0.002821330961451796,0.2600302800908403,1800,-0.0038500834702442422,0.25055555555555553,2244,-0.0026863393845038353,0.30793226381461675
feat_time_since_low_20:0:SHORT:h15,SPOT,feat_time_since_low_20,0,SHORT,13079,-0.003069759222208269,-0.004530761846583423,0.2643168437953972,-17.739223804779883,0.0,False,15,3814,-0.0036770152280522933,0.26900891452543263,4687,-0.003462164798249808,0.24429272455728612,4578,-0.0021620966312961244,0.2809086937527305
feat_ext_vs_ma_50:0:SHORT:h15,SPOT,feat_ext_vs_ma_50,0,SHORT,10820,-0.003072178028384255,-0.004959066250205466,0.24158964879852127,-20.664993763072253,0.0,False,15,3505,-0.0035298508866556766,0.23195435092724678,3677,-0.0035186403413519133,0.2262714169159641,3638,-0.002179988558064461,0.26635514018691586
feat_cci_20:1:SHORT:h15,SPOT,feat_cci_20,1,SHORT,9631,-0.0031076093516177986,-0.0043358158429248235,0.2728688609697851,-14.54930929025542,0.0,False,15,3783,-0.002726721125694863,0.29103885804916735,3084,-0.0029436251403908973,0.25518806744487676,2764,-0.003811888463806739,0.26772793053545585
feat_ret_3:1:SHORT:h15,SPOT,feat_ret_3,1,SHORT,7040,-0.00311422101879145,-0.0067610786757012495,0.2634943181818182,-17.463393906955112,0.0,False,15,2863,-0.0028812279232260265,0.257073000349284,1826,-0.003779184032918757,0.2420591456736035,2351,-0.0028814846380204365,0.2879625691195236
feat_stoch_k_14:2:SHORT:h15,SPOT,feat_stoch_k_14,2,SHORT,8056,-0.0031202450267180932,-0.006367569168173854,0.25645481628599803,-17.247827863171327,0.0,False,15,2653,-0.0027158644687266696,0.23482849604221637,2578,-0.004925083887043493,0.2121799844840962,2825,-0.0018529696420923846,0.31716814159292034
feat_vol_of_vol:2:SHORT:h15,SPOT,feat_vol_of_vol,2,SHORT,8751,-0.0031495927346661297,-0.005013863773357359,0.2665981030739344,-15.722326368718818,0.0,False,15,2808,-0.003407905319044731,0.2581908831908832,2595,-0.004018711240242349,0.23699421965317918,3348,-0.0022592987505247295,0.29659498207885304
feat_range_pos_50:0:SHORT:h15,SPOT,feat_range_pos_50,0,SHORT,10811,-0.0031855349443921494,-0.004878719055189639,0.2457681990565165,-21.196777394367306,0.0,False,15,3592,-0.0033438373164852127,0.24164810690423164,3571,-0.0037200884841411875,0.2329879585550266,3648,-0.0025063921782183286,0.2623355263157895
feat_macd_12_26:0:SHORT:h15,SPOT,feat_macd_12_26,0,SHORT,12667,-0.0032110413010380833,-0.004974394344339999,0.24970395515907476,-24.01897332516104,0.0,False,15,4138,-0.0034112921353967244,0.2416626389560174,4159,-0.0039007012169906836,0.22793940851166145,4370,-0.002365061085243364,0.2780320366132723
feat_vol_breakout_strength:2:SHORT:h15,SPOT,feat_vol_breakout_strength,2,SHORT,7920,-0.003254789244665239,-0.006715582060759513,0.271969696969697,-17.35001298268125,0.0,False,15,1889,-0.0028786561005530275,0.2673372154579142,3608,-0.004044773657924713,0.24223946784922396,2423,-0.0023716905018620147,0.31985142385472554
feat_ret_5:1:SHORT:h15,SPOT,feat_ret_5,1,SHORT,7441,-0.003364899916040176,-0.0064289541921451815,0.25292299422120684,-19.519943976069154,0.0,False,15,3053,-0.002723066520621931,0.26269243367179823,2147,-0.004445277236992572,0.21611551001397297,2241,-0.003204233806324473,0.2748772869254797
feat_price_roc_5:1:SHORT:h15,SPOT,feat_price_roc_5,1,SHORT,7441,-0.003364899916040176,-0.0064289541921451815,0.25292299422120684,-19.519943976069154,0.0,False,15,3053,-0.002723066520621931,0.26269243367179823,2147,-0.004445277236992572,0.21611551001397297,2241,-0.003204233806324473,0.2748772869254797
feat_ret_3:2:SHORT:h15,SPOT,feat_ret_3,2,SHORT,7952,-0.003378273045237128,-0.00648995583751074,0.2629527162977867,-18.50031182291371,0.0,False,15,2312,-0.0033459330820273148,0.24783737024221453,2946,-0.004199064969767056,0.23523421588594703,2694,-0.002508457523810222,0.3062360801781737
feat_ret_1:2:SHORT:h15,SPOT,feat_ret_1,2,SHORT,6331,-0.0034591962400289168,-0.007,0.2813141683778234,-16.884975572645658,0.0,False,15,1831,-0.0035182781219456503,0.2665210267613326,2406,-0.004528893705604438,0.23690773067331672,2094,-0.002178455538995372,0.3452722063037249
feat_vol_sma_ratio:2:SHORT:h15,SPOT,feat_vol_sma_ratio,2,SHORT,7761,-0.003476882248509135,-0.006938656685381557,0.2604045870377529,-19.137605597106823,0.0,False,15,1784,-0.003333694763518515,0.242152466367713,3681,-0.004163846882727895,0.2396088019559902,2296,-0.0024867819238854464,0.3079268292682927
feat_rsi_divergence:1:SHORT:h15,SPOT,feat_rsi_divergence,1,SHORT,10475,-0.003483663347657474,-0.004491078053779112,0.27045346062052505,-16.076843920154825,0.0,False,15,3869,-0.0026785378637071058,0.2837942620832256,3397,-0.004253644726905766,0.2525758021783927,3209,-0.003639289322134737,0.2732938610158928
feat_trend_strength_20:0:SHORT:h15,SPOT,feat_trend_strength_20,0,SHORT,9777,-0.003571750700729706,-0.005015896286677644,0.25242917050219904,-16.933673329058227,0.0,False,15,3368,-0.003403662684503723,0.2603919239904988,3510,-0.002678550148162454,0.2698005698005698,2899,-0.004848485567290645,0.22214556743704725
feat_ret_sign_streak:2:SHORT:h15,SPOT,feat_ret_sign_streak,2,SHORT,4773,-0.00358923991728587,-0.006858352046985715,0.27006075843285143,-15.588353802726246,0.0,False,15,1340,-0.003728151248071161,0.24701492537313433,1855,-0.004043201792591312,0.24528301886792453,1578,-0.002937629992099632,0.31875792141951836
feat_overnight_ret:2:SHORT:h15,SPOT,feat_overnight_ret,2,SHORT,6458,-0.003633679947795216,-0.007061231625698488,0.2719108082997832,-18.735326006723415,0.0,False,15,1944,-0.0040774880107129026,0.24897119341563786,2359,-0.004210401958729341,0.23950826621449767,2155,-0.00260200936862789,0.32807424593967516
feat_squeeze:0:SHORT:h15,PERP,feat_squeeze,0,SHORT,9807,-0.0034981515690142625,-0.01156477070742972,0.32639951055368616,-11.63838783952301,0.0,False,15,3063,-0.0013293825298608933,0.34998367613450865,3932,-0.003898997220494428,0.30645981688708035,2812,-0.005300005930787648,0.3285917496443812
feat_close_pos_ma:0:SHORT:h15,PERP,feat_close_pos_ma,0,SHORT,10786,-0.00355753113960892,-0.010782790121893971,0.3722417949193399,-11.773625269324398,0.0,False,15,4238,-0.003082262508960564,0.37989617744218973,3460,-0.0036719731091861348,0.342485549132948,3088,-0.004081565868219857,0.3950777202072539
feat_atr_ratio:0:SHORT:h15,PERP,feat_atr_ratio,0,SHORT,9538,-0.003164494549856903,-0.011395381802232487,0.32281400712937725,-9.997117114849951,0.0,False,15,3119,-0.0019408376655473247,0.32959281821096503,4134,-0.0031701716955583803,0.3134978229317852,2285,-0.004824501771665072,0.3304157549234136
feat_gap:2:SHORT:h15,SPOT,feat_gap,2,SHORT,6450,-0.0038850139714722387,-0.007373065528778656,0.264031007751938,-20.645713139321693,0.0,False,15,1955,-0.004387286844550647,0.24143222506393863,2399,-0.004270980695121296,0.23634847853272198,2096,-0.002974767007301256,0.31679389312977096
feat_vol_roc_20:0:SHORT:h15,SPOT,feat_vol_roc_20,0,SHORT,5189,-0.003995292179016596,-0.007855089180217194,0.2636346116785508,-19.635676252313928,0.0,False,15,2467,-0.004098073541882196,0.2590190514795298,1553,-0.003971463353777115,0.23631680618158404,1169,-0.0038100437131547297,0.30966638152266895
feat_close_pos_ma:0:LONG:h15,PERP,feat_close_pos_ma,0,LONG,10786,0.002564201773893562,-0.008580698258137235,0.4058038197663638,6.1318881013981965,8.684217789323156e-10,True,15,4238,0.002682431132728279,0.402784332232185,3460,0.0011140947087361216,0.3760115606936416,3088,0.004026738827877762,0.44332901554404147
feat_range_expansion:2:SHORT:h15,SPOT,feat_range_expansion,2,SHORT,5946,-0.004062068514834014,-0.008439115820393486,0.2652203161789438,-19.30762511181748,0.0,False,15,1372,-0.003483741627559741,0.26895043731778423,3031,-0.0050429421832009335,0.22764764104256022,1543,-0.002649519195663679,0.3357096565132858
feat_gap_fill_ratio:0:SHORT:h15,SPOT,feat_gap_fill_ratio,0,SHORT,5410,-0.0040860726527541715,-0.00802872276734124,0.266913123844732,-18.424541595431897,0.0,False,15,1590,-0.004668013736337921,0.2440251572327044,2125,-0.0040093151921566025,0.2503529411764706,1695,-0.0036364108715575194,0.30914454277286135
feat_session_mom:2:SHORT:h15,SPOT,feat_session_mom,2,SHORT,5260,-0.004169698483112161,-0.008460905053922366,0.2802281368821293,-18.670656269424228,0.0,False,15,1551,-0.003943258470548588,0.2746615087040619,2054,-0.005222030992692453,0.2332035053554041,1655,-0.003075872189944901,0.34380664652567977
feat_hl_range:2:SHORT:h15,SPOT,feat_hl_range,2,SHORT,5268,-0.0043051922083088764,-0.00856182868877111,0.27638572513287774,-17.505510528708108,0.0,False,15,1137,-0.0043493000275219434,0.2691292875989446,2515,-0.004942988800496288,0.2389662027833002,1616,-0.0032815480128901894,0.33972772277227725
feat_vol_breakout_strength:1:SHORT:h15,SPOT,feat_vol_breakout_strength,1,SHORT,5387,-0.004371299410759925,-0.008328720715847969,0.2778912196027474,-21.8362941743435,0.0,False,15,1674,-0.004611679179004278,0.25985663082437277,1787,-0.005226641598359968,0.22495803021824287,1926,-0.0033687593166361845,0.3426791277258567
feat_vol_breakout:2:SHORT:h15,SPOT,feat_vol_breakout,2,SHORT,6241,-0.004383240983162657,-0.008259293730980773,0.2554077872135876,-20.166350844339252,0.0,False,15,1668,-0.003977544445996508,0.223621103117506,2414,-0.00570651601274509,0.21416735708367854,2159,-0.0032171066165953303,0.32607688744789254
feat_hl_range:1:SHORT:h15,SPOT,feat_hl_range,1,SHORT,4093,-0.0044177458212484935,-0.008717605585597962,0.2924505252870755,-19.794187270185322,0.0,False,15,1258,-0.00454606838031566,0.28139904610492844,1437,-0.005937123516620885,0.2268615170494085,1398,-0.002740510107688676,0.3698140200286123
feat_vol_roc_20:1:SHORT:h15,SPOT,feat_vol_roc_20,1,SHORT,4105,-0.004482327511726582,-0.009390579956374486,0.2679658952496955,-18.223922345491037,0.0,False,15,1349,-0.004804704572829698,0.2535211267605634,1634,-0.00447253989141074,0.24969400244798043,1122,-0.004108981982464536,0.31194295900178254
feat_vol_sma_ratio:1:SHORT:h15,SPOT,feat_vol_sma_ratio,1,SHORT,5061,-0.004512189925665933,-0.008706516468350179,0.26832641770401106,-20.795211302272413,0.0,False,15,1519,-0.004876174962574797,0.2567478604344964,1761,-0.004752343976114255,0.22884724588302102,1781,-0.003964292927404246,0.31723750701852893
feat_asia_range:2:SHORT:h15,SPOT,feat_asia_range,2,SHORT,3707,-0.004607528036566061,-0.009212140845511991,0.26409495548961426,-17.350568941684436,0.0,False,15,3707,-0.004607528036566061,0.26409495548961426,0,0.0,0.0,0,0.0,0.0
feat_buy_vol_ratio:2:SHORT:h15,SPOT,feat_buy_vol_ratio,2,SHORT,3102,-0.00479305740299417,-0.009342833390381527,0.27949709864603484,-17.893952436234247,0.0,False,15,993,-0.005274283292210715,0.2497482376636455,1119,-0.005867931454122028,0.24039320822162646,990,-0.0030954398563233583,0.35353535353535354
feat_close_position:2:SHORT:h15,SPOT,feat_close_position,2,SHORT,3102,-0.00479305740299417,-0.009342833390381527,0.27949709864603484,-17.893952436234247,0.0,False,15,993,-0.005274283292210715,0.2497482376636455,1119,-0.005867931454122028,0.24039320822162646,990,-0.0030954398563233583,0.35353535353535354
feat_intraday_mom:2:SHORT:h15,PERP,feat_intraday_mom,2,SHORT,9813,-0.004677886507583852,-0.01280257232192128,0.3441353306837868,-14.164986112315937,0.0,False,15,3361,-0.0045517147653254654,0.34245760190419516,3234,-0.004772836282125512,0.3163265306122449,3218,-0.004714243143650573,0.3738346799254195
feat_ret_sign_streak:1:SHORT:h15,PERP,feat_ret_sign_streak,1,SHORT,7992,-0.0043727695609948065,-0.012308794580275784,0.35435435435435436,-12.352313364852751,0.0,False,15,2658,-0.004490823387502422,0.35176824680210683,2624,-0.004777362909651842,0.31364329268292684,2710,-0.0038652271190267964,0.396309963099631
feat_close_pos_ma:1:SHORT:h15,PERP,feat_close_pos_ma,1,SHORT,10472,-0.004250158077551889,-0.012014608864302726,0.35685637891520244,-13.45090346848791,0.0,False,15,3553,-0.005240398327449294,0.3383056571911061,3354,-0.0032256584070835246,0.3443649373881932,3565,-0.004227114118748357,0.3870967741935484
feat_ret_1:1:SHORT:h15,PERP,feat_ret_1,1,SHORT,10299,-0.004171255809331296,-0.011317815875421335,0.35013108068744536,-13.873655208108136,0.0,False,15,3675,-0.0043233107795225744,0.3439455782312925,3223,-0.003899275457637464,0.3248526217809494,3401,-0.004264696167477805,0.3807703616583358
feat_session_mom:1:SHORT:h15,PERP,feat_session_mom,1,SHORT,7268,-0.004281398535880778,-0.01231555724192841,0.3541552008805724,-11.510007357749206,0.0,False,15,2302,-0.004232567530545247,0.35534317984361424,2480,-0.0039284150123922576,0.3286290322580645,2486,-0.004678746931912121,0.37851971037811744
feat_buy_vol_ratio:1:SHORT:h15,PERP,feat_buy_vol_ratio,1,SHORT,10151,-0.004729988170277136,-0.01238459383753508,0.35572849965520636,-14.429572988294135,0.0,False,15,3236,-0.00445264954138319,0.35599505562422745,3375,-0.0055600049861139825,0.31851851851851853,3540,-0.004192180557184324,0.39096045197740115
feat_close_position:1:SHORT:h15,PERP,feat_close_position,1,SHORT,10151,-0.004729988170277136,-0.01238459383753508,0.35572849965520636,-14.429572988294135,0.0,False,15,3236,-0.00445264954138319,0.35599505562422745,3375,-0.0055600049861139825,0.31851851851851853,3540,-0.004192180557184324,0.39096045197740115
feat_vol_roc_20:2:SHORT:h15,SPOT,feat_vol_roc_20,2,SHORT,4460,-0.005098641381583078,-0.00891271327966272,0.2641255605381166,-22.040463192541598,0.0,False,15,1090,-0.004956812802395944,0.24036697247706423,1748,-0.00584114539492689,0.2316933638443936,1622,-0.004393768469122533,0.3150431565967941
feat_intraday_mom:1:SHORT:h15,PERP,feat_intraday_mom,1,SHORT,10217,-0.0046720220982099095,-0.012580395552041386,0.3537241851815601,-14.679887794846202,0.0,False,15,3405,-0.005231348292170891,0.33744493392070485,3372,-0.004607159545818733,0.3279952550415184,3440,-0.004181967108740697,0.3950581395348837
feat_gap_fill_ratio:2:SHORT:h15,SPOT,feat_gap_fill_ratio,2,SHORT,2749,-0.005188092061587123,-0.009396214896214892,0.24445252819206983,-18.11183487867472,0.0,False,15,692,-0.003989122828337004,0.2615606936416185,1176,-0.0061966338044258775,0.19982993197278912,881,-0.004783599008046491,0.2905788876276958
feat_intraday_mom:0:SHORT:h15,SPOT,feat_intraday_mom,0,SHORT,3755,-0.005229875400123586,-0.009535957105338305,0.26897470039946736,-22.23370168334209,0.0,False,15,1173,-0.005333195200185052,0.25831202046035806,1300,-0.005845554799746246,0.23,1282,-0.004511016316674633,0.31825273010920435
feat_vol_breakout:1:SHORT:h15,SPOT,feat_vol_breakout,1,SHORT,3800,-0.005277496189554719,-0.008899951282307018,0.23973684210526316,-25.51756297347688,0.0,False,15,1747,-0.005133659463743532,0.24270177447052088,749,-0.004948094761440297,0.2136181575433912,1304,-0.005659401427016256,0.25076687116564417
feat_gap_fill_ratio:1:SHORT:h15,SPOT,feat_gap_fill_ratio,1,SHORT,3664,-0.0052944693419758925,-0.009433577690869421,0.25627729257641924,-22.551187035683093,0.0,False,15,1357,-0.0062582500690336225,0.2210759027266028,1040,-0.005263167777257655,0.2403846153846154,1267,-0.004287920944730135,0.30702446724546173
feat_range_expansion:1:SHORT:h15,PERP,feat_range_expansion,1,SHORT,10029,-0.005201828568342845,-0.012660731569354565,0.34400239306012564,-16.508165980999873,0.0,False,15,3454,-0.004787674700566203,0.3401852924145918,3261,-0.00562099346288549,0.31002759889604414,3314,-0.005221017083188037,0.38141219070609533
feat_buy_vol_ratio:0:SHORT:h15,SPOT,feat_buy_vol_ratio,0,SHORT,3758,-0.0053382857982069995,-0.00969302848365676,0.26104310803618946,-22.008976827087153,0.0,False,15,1255,-0.005361084923187891,0.251792828685259,1240,-0.005559365297222524,0.23548387096774193,1263,-0.005098577579180659,0.2953285827395091
feat_close_position:0:SHORT:h15,SPOT,feat_close_position,0,SHORT,3758,-0.0053382857982069995,-0.00969302848365676,0.26104310803618946,-22.008976827087153,0.0,False,15,1255,-0.005361084923187891,0.251792828685259,1240,-0.005559365297222524,0.23548387096774193,1263,-0.005098577579180659,0.2953285827395091
feat_overnight_ret:1:SHORT:h15,PERP,feat_overnight_ret,1,SHORT,8876,-0.005378229230231396,-0.013966933830159015,0.3546642631816133,-14.88719660619822,0.0,False,15,3058,-0.005884345540735552,0.3381294964028777,2915,-0.004578741608848404,0.3399656946826758,2903,-0.005647882257723544,0.3868411987599035
feat_gap:1:SHORT:h15,SPOT,feat_gap,1,SHORT,3169,-0.005699367026454365,-0.009165596895518014,0.2578100347112654,-21.908704550015788,0.0,False,15,1162,-0.005878716691228105,0.24440619621342513,888,-0.0062393449419958155,0.23198198198198197,1119,-0.005084617518440164,0.29222520107238603
feat_close_pos_ma:2:SHORT:h15,SPOT,feat_close_pos_ma,2,SHORT,2181,-0.006702185047271991,-0.011356261022927635,0.23658872077028886,-20.172646442726485,0.0,False,15,466,-0.007012140541757669,0.2017167381974249,748,-0.00834757210787342,0.17914438502673796,967,-0.005280066348450694,0.29782833505687695
